-- phpMyAdmin SQL Dump
-- version 4.5.1
-- http://www.phpmyadmin.net
--
-- Host: 127.0.0.1
-- Generation Time: 05 Agu 2017 pada 11.28
-- Versi Server: 10.1.19-MariaDB
-- PHP Version: 5.6.28

SET SQL_MODE = "NO_AUTO_VALUE_ON_ZERO";
SET time_zone = "+00:00";


/*!40101 SET @OLD_CHARACTER_SET_CLIENT=@@CHARACTER_SET_CLIENT */;
/*!40101 SET @OLD_CHARACTER_SET_RESULTS=@@CHARACTER_SET_RESULTS */;
/*!40101 SET @OLD_COLLATION_CONNECTION=@@COLLATION_CONNECTION */;
/*!40101 SET NAMES utf8mb4 */;

--
-- Database: `mokets-admin`
--

-- --------------------------------------------------------

--
-- Struktur dari tabel `be_modules`
--

CREATE TABLE `be_modules` (
  `module_id` int(11) NOT NULL,
  `module_name` varchar(255) CHARACTER SET utf8 NOT NULL,
  `module_desc` text CHARACTER SET utf8 NOT NULL,
  `module_icon` varchar(100) CHARACTER SET utf8 NOT NULL,
  `ordering` int(3) NOT NULL,
  `is_show_on_menu` tinyint(1) NOT NULL,
  `group_id` int(5) NOT NULL,
  `group_name` varchar(255) NOT NULL,
  `group_icon` varchar(50) NOT NULL,
  `group_has_child` tinyint(1) NOT NULL
) ENGINE=InnoDB DEFAULT CHARSET=latin1;

--
-- Dumping data untuk tabel `be_modules`
--

INSERT INTO `be_modules` (`module_id`, `module_name`, `module_desc`, `module_icon`, `ordering`, `is_show_on_menu`, `group_id`, `group_name`, `group_icon`, `group_has_child`) VALUES
(1, 'categories', 'Categories', 'glyphicon glyphicon-edit', 1, 1, 1, 'Entry', 'fa-pencil-square-o', 1),
(2, 'items', 'Items', 'glyphicon glyphicon-edit', 3, 1, 1, 'Entry', 'fa-pencil-square-o', 1),
(3, 'users', 'System Users', 'glyphicon glyphicon-cog', 16, 1, 3, 'Management', 'fa-eye', 1),
(4, 'appusers', 'Registered Users', 'glyphicon glyphicon-th-list', 12, 1, 3, 'Management', 'fa-eye', 1),
(5, 'likes', 'Item Likes', 'glyphicon\r\nglyphicon-th-list', 7, 1, 2, 'Users Feedback', 'fa-list-alt', 1),
(6, 'reviews', 'Item Reviews', 'glyphicon\r\nglyphicon-th-list', 8, 1, 2, 'Users Feedback', 'fa-list-alt', 1),
(7, 'inquiries', 'Item Inquiry', 'glyphicon\r\nglyphicon-th-list', 11, 1, 2, 'Users Feedback', 'fa-list-alt', 1),
(9, 'reports', 'Analytic', 'glyphicon\r\nglyphicon-stats', 15, 1, 3, 'Management', 'fa-eye', 1),
(10, 'favourites', 'Item Favourite ', 'glyphicon glyphicon-th-list', 9, 1, 2, 'Users Feedback', 'fa-list-alt', 1),
(11, 'feeds', 'News Feeds', 'glyphicon glyphicon-edit', 6, 1, 1, 'Entry', 'fa-pencil-square-o', 1),
(12, 'shops', 'Shops', 'glyphicon glyphicon-th-list', 18, 0, 0, '', '', 0),
(13, 'sub_categories', 'Sub Categories', 'glyphicon glyphicon-edit', 2, 1, 1, 'Entry', 'fa-pencil-square-o', 1),
(14, 'currencies', 'Currency', 'glyphicon glyphicon-th-list', 17, 0, 0, '', '', 0),
(15, 'discount_types', 'Discounts', 'glyphicon glyphicon-edit', 5, 1, 1, 'Entry', 'fa-pencil-square-o', 1),
(16, 'transactions', 'Transaction Report', 'glyphicon glyphicon-file', 14, 1, 3, 'Management', 'fa-eye', 1),
(18, 'ratings', 'Item Rating', 'glyphicon glyphicon-th-list', 10, 1, 2, 'Users Feedback', 'fa-list-alt', 1),
(19, 'attributes', 'Item Attributes', 'glyphicon glyphicon-edit', 4, 1, 1, 'Entry', 'fa-pencil-square-o', 1),
(20, 'gcm', 'Push Notification', '', 19, 1, 3, 'Management', 'fa-eye', 1);

-- --------------------------------------------------------

--
-- Struktur dari tabel `be_permissions`
--

CREATE TABLE `be_permissions` (
  `user_id` int(11) NOT NULL,
  `module_id` int(11) NOT NULL
) ENGINE=InnoDB DEFAULT CHARSET=latin1;

--
-- Dumping data untuk tabel `be_permissions`
--

INSERT INTO `be_permissions` (`user_id`, `module_id`) VALUES
(2, 1),
(2, 2),
(2, 3),
(12, 1),
(12, 2),
(13, 1),
(13, 2),
(14, 1),
(14, 2),
(15, 1),
(15, 2),
(1, 1),
(1, 2),
(1, 3),
(1, 4),
(1, 5),
(1, 6),
(1, 7),
(1, 8),
(1, 9),
(1, 10),
(1, 11),
(1, 12),
(1, 13),
(1, 14),
(1, 15),
(1, 16),
(1, 18),
(1, 19),
(3, 1),
(3, 2),
(3, 4),
(3, 5),
(3, 6),
(3, 7),
(3, 9),
(3, 10),
(3, 11),
(3, 12),
(3, 13),
(3, 14),
(3, 15),
(3, 16),
(3, 18),
(3, 19),
(7, 1),
(7, 2),
(7, 4),
(7, 5),
(7, 6),
(7, 7),
(7, 9),
(7, 10),
(7, 11),
(7, 12),
(7, 13),
(7, 14),
(7, 15),
(7, 16),
(7, 18),
(7, 19),
(5, 1),
(5, 2),
(5, 4),
(5, 5),
(5, 6),
(5, 7),
(5, 9),
(5, 10),
(5, 11),
(5, 12),
(5, 13),
(5, 14),
(5, 15),
(5, 16),
(5, 18),
(5, 19),
(4, 1),
(4, 2),
(4, 4),
(4, 5),
(4, 6),
(4, 7),
(4, 9),
(4, 10),
(4, 11),
(4, 12),
(4, 13),
(4, 14),
(4, 15),
(4, 16),
(4, 18),
(4, 19),
(2, 12),
(8, 1),
(8, 2),
(8, 12),
(8, 13),
(8, 14),
(8, 15),
(9, 1),
(9, 2),
(9, 13),
(9, 12);

-- --------------------------------------------------------

--
-- Struktur dari tabel `be_roles`
--

CREATE TABLE `be_roles` (
  `role_id` int(11) NOT NULL,
  `role_name` varchar(255) CHARACTER SET utf8 NOT NULL,
  `role_desc` text CHARACTER SET utf8 NOT NULL
) ENGINE=InnoDB DEFAULT CHARSET=latin1;

--
-- Dumping data untuk tabel `be_roles`
--

INSERT INTO `be_roles` (`role_id`, `role_name`, `role_desc`) VALUES
(1, 'admin', 'Administrator'),
(2, 'manager', 'Manager'),
(3, 'user', 'User'),
(4, 'shopadmin', 'Shop Admin');

-- --------------------------------------------------------

--
-- Struktur dari tabel `be_role_access`
--

CREATE TABLE `be_role_access` (
  `role_id` int(11) NOT NULL,
  `action_id` varchar(50) CHARACTER SET utf8 NOT NULL
) ENGINE=InnoDB DEFAULT CHARSET=latin1;

--
-- Dumping data untuk tabel `be_role_access`
--

INSERT INTO `be_role_access` (`role_id`, `action_id`) VALUES
(1, 'add'),
(1, 'edit'),
(1, 'delete'),
(1, 'publish'),
(2, 'add'),
(2, 'edit'),
(2, 'publish'),
(3, 'add'),
(1, 'module'),
(1, 'ban'),
(2, 'delete'),
(3, 'edit');

-- --------------------------------------------------------

--
-- Struktur dari tabel `be_users`
--

CREATE TABLE `be_users` (
  `user_id` int(11) NOT NULL,
  `user_name` varchar(255) CHARACTER SET utf8 NOT NULL,
  `user_email` text CHARACTER SET utf8 NOT NULL,
  `user_pass` text CHARACTER SET utf8 NOT NULL,
  `role_id` int(11) NOT NULL,
  `is_owner` tinyint(1) NOT NULL DEFAULT '0',
  `is_shop_admin` tinyint(1) NOT NULL,
  `shop_id` int(11) NOT NULL,
  `added` timestamp NOT NULL DEFAULT CURRENT_TIMESTAMP,
  `status` tinyint(1) NOT NULL DEFAULT '1'
) ENGINE=InnoDB DEFAULT CHARSET=latin1;

--
-- Dumping data untuk tabel `be_users`
--

INSERT INTO `be_users` (`user_id`, `user_name`, `user_email`, `user_pass`, `role_id`, `is_owner`, `is_shop_admin`, `shop_id`, `added`, `status`) VALUES
(1, 'admin', 'rafeldo29@gmail.com', '21232f297a57a5a743894a0e4a801fc3', 1, 1, 0, 0, '0000-00-00 00:00:00', 1),
(2, 'manager', 'manager@mokets.com', '1d0258c2440a8d19e716292b231e3190', 2, 0, 0, 0, '0000-00-00 00:00:00', 1),
(3, 'shop1_admin', 'shop1_admin@gmail.com', '12186fe8a7b1dd053d95e8d3379c7271', 4, 0, 1, 1, '2015-01-23 20:41:01', 1),
(4, 'shop2_admin', 'shop2_admin@gmail.com', '5370c7bc26a91164afc88362b70fce08', 4, 0, 1, 2, '2015-01-24 14:46:34', 1),
(5, 'shop3_admin', 'shop3_admin@gmail.com', '3382caaae3b952c6e7819a2bfafc0c2b', 4, 0, 1, 3, '2015-01-24 14:47:28', 1),
(7, 'shop4_admin', 'shop4_admin@gmail.com', 'da2a15f92f90c97dc51a8369bc58d528', 4, 0, 1, 4, '2015-01-24 14:54:41', 1),
(9, 'user', 'user@mokets.com', 'ee11cbb19052e40b07aac0ca060c23ee', 3, 0, 0, 0, '2015-03-28 16:06:39', 1);

-- --------------------------------------------------------

--
-- Struktur dari tabel `mk_appusers`
--

CREATE TABLE `mk_appusers` (
  `id` int(11) NOT NULL,
  `username` varchar(255) NOT NULL,
  `password` text NOT NULL,
  `email` varchar(255) NOT NULL,
  `phone` varchar(100) NOT NULL,
  `about_me` text NOT NULL,
  `delivery_address` text NOT NULL,
  `billing_address` text NOT NULL,
  `profile_photo` text NOT NULL,
  `background_photo` text NOT NULL,
  `is_banned` tinyint(1) NOT NULL DEFAULT '0',
  `status` tinyint(1) NOT NULL DEFAULT '1',
  `added` timestamp NOT NULL DEFAULT CURRENT_TIMESTAMP,
  `updated` timestamp NULL DEFAULT NULL
) ENGINE=InnoDB DEFAULT CHARSET=utf8;

--
-- Dumping data untuk tabel `mk_appusers`
--

INSERT INTO `mk_appusers` (`id`, `username`, `password`, `email`, `phone`, `about_me`, `delivery_address`, `billing_address`, `profile_photo`, `background_photo`, `is_banned`, `status`, `added`, `updated`) VALUES
(1, 'Han', '827ccb0eea8a706c4c34a16891f84e7b', 'pphmit@gmail.com', '457788433', 'Lorem ipsum dolor sit amet,consectetuer adipiscing elit. Aenean commodo ligula eget dolor.', 'No-5, school road, Yangon\nMyanmar', 'No-5, River Street, Yangon, Myanmar', '4-profile20160927135038.jpg', '1-background1.jpg', 0, 1, '2014-12-16 20:28:12', NULL),
(2, 'appuser', '827ccb0eea8a706c4c34a16891f84e7b', 'appuser@gmail.com', '', '', '', '', '', '', 0, 1, '2015-01-01 21:53:09', NULL),
(3, 'Demo User 1', '827ccb0eea8a706c4c34a16891f84e7b', 'demouser1@gmail.com', '', 'This is about me.', 'No-1, School Road, Yangon ', 'No-7, River Road, Mandalay', '', '', 0, 1, '2015-03-03 18:30:22', NULL),
(4, 'Demo User 2', '827ccb0eea8a706c4c34a16891f84e7b', 'demouser2@gmail.com', '', 'This is about me.', 'This is delivery address', 'This is billing address', '4-profile.jpg', '4-background.jpg', 0, 1, '2015-03-03 18:41:32', NULL),
(5, 'AppUser 101', '827ccb0eea8a706c4c34a16891f84e7b', 'appuser101@gmail.com', '', '', '', '', 'default_user_profile.png', '', 0, 1, '2016-11-07 10:56:57', NULL),
(6, 'appuser102', '827ccb0eea8a706c4c34a16891f84e7b', 'appuser102@gmail.com', '3535355', 'This is about me.', 'No-1, School Road, Yangon', 'No-3, River Road, Yangon', 'default_user_profile.png', '', 0, 1, '2016-11-07 11:08:06', NULL),
(7, 'rafeldo', 'b2c34621c0b9078a275a1356901df4bb', 'rafeldo29@gmail.com', '', '', '', '', 'default_user_profile.png', '', 0, 1, '2017-08-01 00:28:46', NULL);

-- --------------------------------------------------------

--
-- Struktur dari tabel `mk_categories`
--

CREATE TABLE `mk_categories` (
  `id` int(11) NOT NULL,
  `shop_id` int(11) NOT NULL,
  `name` varchar(255) NOT NULL,
  `is_published` int(11) NOT NULL DEFAULT '0',
  `ordering` int(5) NOT NULL,
  `added` timestamp NOT NULL DEFAULT CURRENT_TIMESTAMP,
  `updated` timestamp NULL DEFAULT NULL
) ENGINE=InnoDB DEFAULT CHARSET=utf8;

--
-- Dumping data untuk tabel `mk_categories`
--

INSERT INTO `mk_categories` (`id`, `shop_id`, `name`, `is_published`, `ordering`, `added`, `updated`) VALUES
(1, 1, 'Accessories', 1, 1, '2014-12-10 15:57:19', NULL),
(2, 1, 'Audios', 1, 2, '2014-12-10 15:57:53', NULL),
(3, 1, 'Cameras', 1, 3, '2014-12-10 15:58:32', NULL),
(4, 1, 'Computers', 1, 4, '2014-12-10 15:59:13', NULL),
(5, 1, 'Printers', 1, 5, '2014-12-10 15:59:42', NULL),
(6, 1, 'Stroage', 1, 6, '2014-12-10 16:00:12', NULL),
(7, 1, 'Tablets', 1, 7, '2014-12-10 16:01:02', NULL),
(8, 2, 'Chinese Food', 1, 1, '2014-12-11 19:30:47', NULL),
(9, 2, 'Indian Food', 1, 2, '2014-12-11 19:31:04', NULL),
(10, 2, 'Thai Food', 1, 3, '2014-12-11 19:31:29', NULL),
(11, 2, 'Westren Food', 1, 4, '2014-12-11 19:31:58', NULL),
(12, 2, 'European', 1, 5, '2014-12-11 19:32:28', NULL),
(13, 3, 'Accessories', 1, 1, '2014-12-29 09:15:53', NULL),
(14, 3, 'For Him', 1, 2, '2014-12-29 09:17:40', NULL),
(15, 3, 'For Home', 1, 3, '2014-12-29 09:18:07', NULL),
(16, 3, 'For Kids', 1, 4, '2014-12-29 09:18:26', NULL),
(17, 3, 'Shoes', 1, 5, '2014-12-29 09:19:29', NULL),
(18, 3, 'Lady Bags', 1, 6, '2014-12-29 09:20:11', NULL),
(19, 3, 'Travel Accessories', 1, 7, '2014-12-29 09:21:21', NULL),
(20, 4, 'Beauty Care', 1, 1, '2014-12-29 17:43:17', NULL),
(21, 4, 'General Care', 1, 2, '2014-12-29 17:44:39', NULL),
(22, 4, 'Health Care', 1, 3, '2014-12-29 17:45:12', NULL),
(23, 4, 'Mother & Baby Care', 1, 4, '2014-12-29 17:45:45', NULL),
(24, 1, 'Phones', 0, 8, '2016-08-15 18:32:19', NULL);

-- --------------------------------------------------------

--
-- Struktur dari tabel `mk_codes`
--

CREATE TABLE `mk_codes` (
  `id` int(11) NOT NULL,
  `user_id` int(11) NOT NULL,
  `code` text NOT NULL,
  `is_systemuser` tinyint(1) NOT NULL DEFAULT '0'
) ENGINE=InnoDB DEFAULT CHARSET=utf8;

-- --------------------------------------------------------

--
-- Struktur dari tabel `mk_contactus`
--

CREATE TABLE `mk_contactus` (
  `id` int(11) NOT NULL,
  `shop_id` int(11) NOT NULL,
  `name` varchar(255) NOT NULL,
  `email` varchar(255) NOT NULL,
  `message` text NOT NULL,
  `status` tinyint(4) NOT NULL,
  `added` timestamp NOT NULL DEFAULT CURRENT_TIMESTAMP,
  `updated` timestamp NOT NULL DEFAULT '0000-00-00 00:00:00'
) ENGINE=InnoDB DEFAULT CHARSET=utf8;

--
-- Dumping data untuk tabel `mk_contactus`
--

INSERT INTO `mk_contactus` (`id`, `shop_id`, `name`, `email`, `message`, `status`, `added`, `updated`) VALUES
(1, 1, 'han', 'han@gmail.com', 'contact ', 1, '2014-12-17 19:26:19', '0000-00-00 00:00:00'),
(2, 2, 'Jack', 'jack@gmail.com', 'Shop Inquiry Message Here', 1, '2014-12-24 15:34:55', '0000-00-00 00:00:00'),
(3, 1, 'Mike', 'mike@gmail.com', 'volutpat nibh, nec pellentesque velit pede quis nunc. Shop Inquiry Message ', 1, '2014-12-24 21:44:29', '0000-00-00 00:00:00'),
(4, 4, 'han', 'han@hotmail.com', 'Aenean posuere, tortor sed cursus feugiat, nunc augue blandit nunc, eu sollicitudin urna dolor\rsagittis lacus. ', 1, '2015-01-02 19:43:58', '0000-00-00 00:00:00'),
(5, 3, 'Han', 'han@hotmail.com', 'Lorem ipsum dolor sit amet, consectetuer adipiscing elit. Aenean commodo ligula eget dolor.', 1, '2015-01-02 20:01:21', '0000-00-00 00:00:00'),
(6, 3, 'Mike', 'mike@hotmail.com', 'Lorem ipsum dolor sit amet, consectetuer adipiscing elit. Aenean commodo ligula eget dolor.', 1, '2015-01-02 20:23:55', '0000-00-00 00:00:00');

-- --------------------------------------------------------

--
-- Struktur dari tabel `mk_discount_type`
--

CREATE TABLE `mk_discount_type` (
  `id` int(11) NOT NULL,
  `shop_id` int(11) NOT NULL,
  `name` text NOT NULL,
  `percent` float NOT NULL
) ENGINE=InnoDB DEFAULT CHARSET=utf8;

--
-- Dumping data untuk tabel `mk_discount_type`
--

INSERT INTO `mk_discount_type` (`id`, `shop_id`, `name`, `percent`) VALUES
(1, 1, 'Holiday Discount 10%', 0.1),
(2, 1, 'X'' Mas Discount 15%', 0.15),
(3, 1, 'New Year Discount 20%', 0.2),
(4, 4, 'Summer Promotion 10%', 0.1),
(5, 4, 'Winter Promotion 20%', 0.2),
(6, 2, 'New Year Discount 20%', 0.2),
(7, 2, 'X'' Mas Discount 15%', 0.15),
(8, 2, 'Year End Discount 10%', 0.1),
(9, 3, 'New Year Discount 20%', 0.2),
(10, 3, 'Year End Discount 10%', 0.1),
(11, 3, 'Winter Promotion 20%', 0.2),
(12, 4, 'TGIF Promotion 10%', 0.1);

-- --------------------------------------------------------

--
-- Struktur dari tabel `mk_favourites`
--

CREATE TABLE `mk_favourites` (
  `id` int(11) NOT NULL,
  `item_id` int(11) NOT NULL,
  `appuser_id` int(11) NOT NULL,
  `shop_id` int(11) NOT NULL,
  `added` timestamp NOT NULL DEFAULT CURRENT_TIMESTAMP
) ENGINE=InnoDB DEFAULT CHARSET=utf8;

--
-- Dumping data untuk tabel `mk_favourites`
--

INSERT INTO `mk_favourites` (`id`, `item_id`, `appuser_id`, `shop_id`, `added`) VALUES
(66, 228, 1, 3, '2016-10-23 20:01:12'),
(67, 152, 1, 2, '2016-10-23 20:02:11');

-- --------------------------------------------------------

--
-- Struktur dari tabel `mk_feeds`
--

CREATE TABLE `mk_feeds` (
  `id` int(11) NOT NULL,
  `shop_id` int(11) NOT NULL,
  `title` varchar(255) NOT NULL,
  `description` text NOT NULL,
  `is_published` tinyint(1) NOT NULL DEFAULT '0',
  `added` timestamp NOT NULL DEFAULT CURRENT_TIMESTAMP
) ENGINE=InnoDB DEFAULT CHARSET=utf8;

--
-- Dumping data untuk tabel `mk_feeds`
--

INSERT INTO `mk_feeds` (`id`, `shop_id`, `title`, `description`, `is_published`, `added`) VALUES
(1, 1, 'Accessories Promotion', 'Lorem ipsum dolor sit amet, consectetuer adipiscing elit. Aenean commodo ligula eget dolor. Aenean massa. Cum sociis natoque penatibus et magnis dis parturient montes, nascetur ridiculus mus. Donec quam felis, ultricies nec, pellentesque eu, pretium quis, sem. Nulla consequat massa quis enim.', 1, '2014-12-17 20:36:43'),
(2, 1, 'Audios Promotion', 'Lorem ipsum dolor sit amet, consectetuer adipiscing elit. Aenean commodo ligula eget dolor. Aenean massa. Cum sociis natoque penatibus et magnis dis parturient montes, nascetur ridiculus mus. Donec quam felis, ultricies nec, pellentesque eu, pretium quis, sem. Nulla consequat massa quis enim. ', 1, '2014-12-17 20:39:10'),
(3, 1, 'Camera Promotion', 'Lorem ipsum dolor sit amet, consectetuer adipiscing elit. Aenean commodo ligula eget dolor. Aenean massa. Cum sociis natoque penatibus et magnis dis parturient montes, nascetur ridiculus mus. Donec quam felis, ultricies nec, pellentesque eu, pretium quis, sem. Nulla consequat massa quis enim. ', 1, '2014-12-17 20:40:14'),
(4, 1, 'Computer Stuff Promotion', 'Lorem ipsum dolor sit amet, consectetuer adipiscing elit. Aenean commodo ligula eget dolor. Aenean massa. Cum sociis natoque penatibus et magnis dis parturient montes, nascetur ridiculus mus. Donec quam felis, ultricies nec, pellentesque eu, pretium quis, sem. Nulla consequat massa quis enim. ', 1, '2014-12-17 20:41:21'),
(5, 1, 'Printer Promotion', 'Lorem ipsum dolor sit amet, consectetuer adipiscing elit. Aenean commodo ligula eget dolor. Aenean massa. Cum sociis natoque penatibus et magnis dis parturient montes, nascetur ridiculus mus. Donec quam felis, ultricies nec, pellentesque eu, pretium quis, sem. Nulla consequat massa quis enim. ', 1, '2014-12-17 20:42:12'),
(6, 2, 'Chinese Food Promotion', 'Aenean posuere, tortor sed cursus feugiat, nunc augue blandit nunc, eu sollicitudin urna dolor sagittis lacus. Donec elit libero, sodales nec, volutpat a, suscipit non, turpis. Nullam sagittis. Suspendisse pulvinar, augue ac venenatis condimentum, sem libero volutpat nibh, nec pellentesque velit pede quis nunc.', 1, '2014-12-17 20:43:33'),
(7, 2, 'Indian Food Promotion', 'Aenean posuere, tortor sed cursus feugiat, nunc augue blandit nunc, eu sollicitudin urna dolor sagittis lacus. Donec elit libero, sodales nec, volutpat a, suscipit non, turpis. Nullam sagittis. Suspendisse pulvinar, augue ac venenatis condimentum, sem libero volutpat nibh, nec pellentesque velit pede quis nunc.', 1, '2014-12-17 20:46:28'),
(8, 2, 'Thai Food Promotion', 'Aenean posuere, tortor sed cursus feugiat, nunc augue blandit nunc, eu sollicitudin urna dolor sagittis lacus. Donec elit libero, sodales nec, volutpat a, suscipit non, turpis. Nullam sagittis. Suspendisse pulvinar, augue ac venenatis condimentum, sem libero volutpat nibh, nec pellentesque velit pede quis nunc.', 1, '2014-12-17 20:49:34'),
(9, 2, 'Western Food Promotion', 'Aenean posuere, tortor sed cursus feugiat, nunc augue blandit nunc, eu sollicitudin urna dolor sagittis lacus. Donec elit libero, sodales nec, volutpat a, suscipit non, turpis. Nullam sagittis. Suspendisse pulvinar, augue ac venenatis condimentum, sem libero volutpat nibh, nec pellentesque velit pede quis nunc.', 1, '2014-12-17 20:50:28'),
(10, 2, 'European Food Promotion', 'Aenean posuere, tortor sed cursus feugiat, nunc augue blandit nunc, eu sollicitudin urna dolor sagittis lacus. Donec elit libero, sodales nec, volutpat a, suscipit non, turpis. Nullam sagittis. Suspendisse pulvinar, augue ac venenatis condimentum, sem libero volutpat nibh, nec pellentesque velit pede quis nunc.', 1, '2014-12-17 20:51:05'),
(11, 3, 'Kids Accessories Promotion', 'Nam pretium turpis et arcu. Duis arcu tortor, suscipit eget, imperdiet nec, imperdiet iaculis, ipsum. Sed aliquam ultrices mauris. Integer ante arcu, accumsan a, consectetuer eget, posuere ut, mauris. Praesent adipiscing. Phasellus ullamcorper ipsum rutrum nunc. Nunc nonummy metus. Vestibulum volutpat pretium libero. Cras id dui. Aenean ut eros et nisl sagittis vestibulum. Nullam nulla eros, ultricies sit amet, nonummy id, imperdiet feugiat, pede. ', 1, '2014-12-30 19:52:41'),
(12, 3, 'Home Accessories Discount 10%', 'Nam pretium turpis et arcu. Duis arcu tortor, suscipit eget, imperdiet nec, imperdiet iaculis, ipsum. Sed aliquam ultrices mauris. Integer ante arcu, accumsan a, consectetuer eget, posuere ut, mauris. Praesent adipiscing. Phasellus ullamcorper ipsum rutrum nunc. Nunc nonummy metus. Vestibulum volutpat pretium libero. Cras id dui. Aenean ut eros et nisl sagittis vestibulum. Nullam nulla eros, ultricies sit amet, nonummy id, imperdiet feugiat, pede. ', 1, '2014-12-30 19:53:57'),
(13, 3, 'Lady Bag Promotion', 'Nam pretium turpis et arcu. Duis arcu tortor, suscipit eget, imperdiet nec, imperdiet iaculis, ipsum. Sed aliquam ultrices mauris. Integer ante arcu, accumsan a, consectetuer eget, posuere ut, mauris. Praesent adipiscing. Phasellus ullamcorper ipsum rutrum nunc. Nunc nonummy metus. Vestibulum volutpat pretium libero. Cras id dui. Aenean ut eros et nisl sagittis vestibulum. Nullam nulla eros, ultricies sit amet, nonummy id, imperdiet feugiat, pede. ', 1, '2014-12-30 19:55:48'),
(14, 3, 'Shoes Promotion', 'Nam pretium turpis et arcu. Duis arcu tortor, suscipit eget, imperdiet nec, imperdiet iaculis, ipsum. Sed aliquam ultrices mauris. Integer ante arcu, accumsan a, consectetuer eget, posuere ut, mauris. Praesent adipiscing. Phasellus ullamcorper ipsum rutrum nunc. Nunc nonummy metus. Vestibulum volutpat pretium libero. Cras id dui. Aenean ut eros et nisl sagittis vestibulum. Nullam nulla eros, ultricies sit amet, nonummy id, imperdiet feugiat, pede. ', 1, '2014-12-30 19:56:36'),
(15, 4, 'Beauty Care Promotion', 'Nam pretium turpis et arcu. Duis arcu tortor, suscipit eget, imperdiet nec, imperdiet iaculis, ipsum. Sed aliquam ultrices mauris. Integer ante arcu, accumsan a, consectetuer eget, posuere ut, mauris. Praesent adipiscing. Phasellus ullamcorper ipsum rutrum nunc. Nunc nonummy metus. Vestibulum volutpat pretium libero. Cras id dui. Aenean ut eros et nisl sagittis vestibulum. Nullam nulla eros, ultricies sit amet, nonummy id, imperdiet feugiat, pede. ', 1, '2014-12-30 19:57:43'),
(16, 4, 'Health Care Discount 20%', 'Nam pretium turpis et arcu. Duis arcu tortor, suscipit eget, imperdiet nec, imperdiet iaculis, ipsum. Sed aliquam ultrices mauris. Integer ante arcu, accumsan a, consectetuer eget, posuere ut, mauris. Praesent adipiscing. Phasellus ullamcorper ipsum rutrum nunc. Nunc nonummy metus. Vestibulum volutpat pretium libero. Cras id dui. Aenean ut eros et nisl sagittis vestibulum. Nullam nulla eros, ultricies sit amet, nonummy id, imperdiet feugiat, pede. ', 1, '2014-12-30 19:59:13'),
(17, 4, 'Eye Care Promotion', 'Nam pretium turpis et arcu. Duis arcu tortor, suscipit eget, imperdiet nec, imperdiet iaculis, ipsum. Sed aliquam ultrices mauris. Integer ante arcu, accumsan a, consectetuer eget, posuere ut, mauris. Praesent adipiscing. Phasellus ullamcorper ipsum rutrum nunc. Nunc nonummy metus. Vestibulum volutpat pretium libero. Cras id dui. Aenean ut eros et nisl sagittis vestibulum. Nullam nulla eros, ultricies sit amet, nonummy id, imperdiet feugiat, pede. ', 1, '2014-12-30 19:59:58'),
(18, 4, 'Face Care Promotion', 'Nam pretium turpis et arcu. Duis arcu tortor, suscipit eget, imperdiet nec, imperdiet iaculis, ipsum. Sed aliquam ultrices mauris. Integer ante arcu, accumsan a, consectetuer eget, posuere ut, mauris. Praesent adipiscing. Phasellus ullamcorper ipsum rutrum nunc. Nunc nonummy metus. Vestibulum volutpat pretium libero. Cras id dui. Aenean ut eros et nisl sagittis vestibulum. Nullam nulla eros, ultricies sit amet, nonummy id, imperdiet feugiat, pede. ', 1, '2014-12-30 20:00:40'),
(19, 4, 'Fitness Accessories Promotion', 'Nam pretium turpis et arcu. Duis arcu tortor, suscipit eget, imperdiet nec, imperdiet iaculis, ipsum. Sed aliquam ultrices mauris. Integer ante arcu, accumsan a, consectetuer eget, posuere ut, mauris. Praesent adipiscing. Phasellus ullamcorper ipsum rutrum nunc. Nunc nonummy metus. Vestibulum volutpat pretium libero. Cras id dui. Aenean ut eros et nisl sagittis vestibulum. Nullam nulla eros, ultricies sit amet, nonummy id, imperdiet feugiat, pede. ', 1, '2014-12-30 20:01:58'),
(20, 4, 'Baby Accessories Promotion', 'Nam pretium turpis et arcu. Duis arcu tortor, suscipit eget, imperdiet nec, imperdiet iaculis, ipsum. Sed aliquam ultrices mauris. Integer ante arcu, accumsan a, consectetuer eget, posuere ut, mauris. Praesent adipiscing. Phasellus ullamcorper ipsum rutrum nunc. Nunc nonummy metus. Vestibulum volutpat pretium libero. Cras id dui. Aenean ut eros et nisl sagittis vestibulum. Nullam nulla eros, ultricies sit amet, nonummy id, imperdiet feugiat, pede. ', 1, '2014-12-30 20:02:45'),
(21, 4, 'Nutrition Discount', 'Nam pretium turpis et arcu. Duis arcu tortor, suscipit eget, imperdiet nec, imperdiet iaculis, ipsum. Sed aliquam ultrices mauris. Integer ante arcu, accumsan a, consectetuer eget, posuere ut, mauris. Praesent adipiscing. Phasellus ullamcorper ipsum rutrum nunc. Nunc nonummy metus. Vestibulum volutpat pretium libero. Cras id dui. Aenean ut eros et nisl sagittis vestibulum. Nullam nulla eros, ultricies sit amet, nonummy id, imperdiet feugiat, pede. ', 1, '2014-12-30 20:03:40');

-- --------------------------------------------------------

--
-- Struktur dari tabel `mk_follows`
--

CREATE TABLE `mk_follows` (
  `id` int(11) NOT NULL,
  `appuser_id` int(11) NOT NULL,
  `shop_id` int(11) NOT NULL,
  `added` timestamp NOT NULL DEFAULT CURRENT_TIMESTAMP
) ENGINE=InnoDB DEFAULT CHARSET=utf8;

--
-- Dumping data untuk tabel `mk_follows`
--

INSERT INTO `mk_follows` (`id`, `appuser_id`, `shop_id`, `added`) VALUES
(1, 1, 1, '2014-12-24 15:44:22'),
(7, 1, 2, '2014-12-26 08:08:56'),
(11, 1, 3, '2015-01-02 20:27:17');

-- --------------------------------------------------------

--
-- Struktur dari tabel `mk_gcm_tokens`
--

CREATE TABLE `mk_gcm_tokens` (
  `id` int(11) NOT NULL,
  `device_id` text,
  `os_type` varchar(20) NOT NULL,
  `reg_id` text NOT NULL,
  `added` timestamp NOT NULL DEFAULT CURRENT_TIMESTAMP
) ENGINE=InnoDB DEFAULT CHARSET=latin1;

--
-- Dumping data untuk tabel `mk_gcm_tokens`
--

INSERT INTO `mk_gcm_tokens` (`id`, `device_id`, `os_type`, `reg_id`, `added`) VALUES
(1, '', 'ANDROID', 'c7Yfru37_g0:APA91bFH4YNfC7WMcw9AC3vO3m0ibRrM8g6yjW14HoO5NzgdjvkbwhxIVwgS1bA6dv_bseCC26tBtKPDqoPaEwKt9fAJvXRYCst5WDm3q3e9zJ1tS-wUgFAN5Zj-19_nx1hJK6Z4hUtW', '2016-11-06 06:19:28');

-- --------------------------------------------------------

--
-- Struktur dari tabel `mk_images`
--

CREATE TABLE `mk_images` (
  `id` int(11) NOT NULL,
  `parent_id` int(11) NOT NULL,
  `type` varchar(50) NOT NULL,
  `path` text NOT NULL,
  `width` text NOT NULL,
  `height` text NOT NULL,
  `description` text CHARACTER SET latin1 NOT NULL
) ENGINE=InnoDB DEFAULT CHARSET=utf8;

--
-- Dumping data untuk tabel `mk_images`
--

INSERT INTO `mk_images` (`id`, `parent_id`, `type`, `path`, `width`, `height`, `description`) VALUES
(3, 2, 'category', '3.jpg', '432', '432', ''),
(4, 3, 'category', '1.jpeg', '247', '204', ''),
(5, 4, 'category', '14.jpeg', '259', '194', ''),
(6, 5, 'category', '15.jpeg', '237', '212', ''),
(7, 6, 'category', '6.jpg', '400', '400', ''),
(8, 7, 'category', '11.jpeg', '300', '168', ''),
(10, 2, 'sub_category', '121.jpeg', '260', '194', ''),
(11, 3, 'sub_category', '7.jpeg', '259', '194', ''),
(12, 4, 'sub_category', '13.jpeg', '273', '185', ''),
(13, 5, 'sub_category', '16.jpeg', '225', '225', ''),
(14, 6, 'sub_category', '1.jpg', '600', '600', ''),
(15, 7, 'sub_category', '4.jpeg', '225', '225', ''),
(16, 8, 'sub_category', '41.jpeg', '214', '235', ''),
(17, 9, 'sub_category', '3.jpeg', '211', '239', ''),
(18, 10, 'sub_category', '31.jpeg', '225', '225', ''),
(19, 11, 'sub_category', '21.jpeg', '275', '183', ''),
(20, 12, 'sub_category', '42.jpeg', '236', '213', ''),
(21, 13, 'sub_category', '5.jpeg', '238', '212', ''),
(22, 14, 'sub_category', '10.jpeg', '259', '194', ''),
(23, 15, 'sub_category', '32.jpeg', '220', '229', ''),
(24, 16, 'sub_category', '71.jpeg', '259', '194', ''),
(25, 17, 'sub_category', '43.jpeg', '240', '180', ''),
(26, 18, 'sub_category', '51.jpeg', '240', '210', ''),
(27, 19, 'sub_category', '9.jpg', '948', '800', ''),
(28, 20, 'sub_category', '33.jpeg', '281', '179', ''),
(29, 21, 'sub_category', '8.jpeg', '232', '217', ''),
(30, 22, 'sub_category', '44.jpeg', '214', '236', ''),
(31, 23, 'sub_category', '34.jpeg', '234', '215', ''),
(32, 24, 'sub_category', '101.jpeg', '227', '222', ''),
(33, 25, 'sub_category', '72.jpeg', '293', '172', ''),
(34, 26, 'sub_category', '20.jpeg', '223', '226', ''),
(36, 2, 'item', '2(1).jpeg', '259', '194', 'Lorem ipsum dolor sit amet, consectetuer adipiscing elit.'),
(37, 2, 'item', '3(1).jpeg', '259', '194', 'Lorem ipsum dolor sit amet, consectetuer adipiscing elit.'),
(38, 2, 'item', '5(1).jpeg', '225', '225', 'Lorem ipsum dolor sit amet, consectetuer adipiscing elit.'),
(39, 2, 'item', '4(1).jpeg', '225', '225', 'Lorem ipsum dolor sit amet, consectetuer adipiscing elit.'),
(45, 3, 'item', '3(2).jpeg', '259', '194', 'Donec quam felis, ultricies nec, pellentesque eu, pretium quis, sem. '),
(46, 3, 'item', '5(2).jpeg', '225', '225', 'Donec quam felis, ultricies nec, pellentesque eu, pretium quis, sem. '),
(47, 4, 'item', '2(2).jpeg', '259', '194', 'Phasellus ullamcorper ipsum rutrum nunc. Nunc nonummy metus.'),
(48, 4, 'item', '4(2).jpeg', '225', '225', 'Phasellus ullamcorper ipsum rutrum nunc. Nunc nonummy metus.'),
(49, 4, 'item', '6.jpeg', '225', '225', 'Phasellus ullamcorper ipsum rutrum nunc. Nunc nonummy metus.'),
(50, 4, 'item', '8(1).jpeg', '225', '225', 'Phasellus ullamcorper ipsum rutrum nunc. Nunc nonummy metus.'),
(51, 5, 'item', '4(3).jpeg', '225', '225', 'Phasellus dolor. Maecenas vestibulum mollis diam. Pellentesque ut neque.'),
(52, 5, 'item', '5(3).jpeg', '225', '225', 'Phasellus dolor. Maecenas vestibulum mollis diam. Pellentesque ut neque.'),
(53, 5, 'item', '6(1).jpeg', '225', '225', 'Phasellus dolor. Maecenas vestibulum mollis diam. Pellentesque ut neque.'),
(54, 6, 'item', '7(1).jpeg', '197', '255', 'Vestibulum fringilla pede sit amet augue. In turpis. Pellentesque posuere.'),
(55, 6, 'item', '8(2).jpeg', '225', '225', 'Vestibulum fringilla pede sit amet augue. In turpis. Pellentesque posuere.'),
(56, 6, 'item', '10(2).jpeg', '225', '225', 'Vestibulum fringilla pede sit amet augue. In turpis. Pellentesque posuere.'),
(57, 6, 'item', '13(2).jpeg', '292', '173', 'Vestibulum fringilla pede sit amet augue. In turpis. Pellentesque posuere.'),
(58, 7, 'item', '9.jpeg', '225', '225', 'Nam pretium turpis et arcu. '),
(59, 7, 'item', '10(3).jpeg', '225', '225', 'Nam pretium turpis et arcu. '),
(60, 7, 'item', '8(3).jpeg', '225', '225', 'Nam pretium turpis et arcu. '),
(61, 8, 'item', '1(3).jpeg', '307', '164', 'Pellentesque posuere. Praesent turpis.'),
(62, 8, 'item', '2.jpg', '390', '260', 'Pellentesque posuere. Praesent turpis.'),
(63, 8, 'item', '3(3).jpeg', '326', '155', 'Pellentesque posuere. Praesent turpis.'),
(64, 8, 'item', '4(4).jpeg', '225', '225', 'Pellentesque posuere. Praesent turpis.'),
(65, 9, 'item', '19.jpeg', '225', '225', 'Phasellus nec sem in justo pellentesque facilisis.'),
(66, 9, 'item', '18.jpeg', '290', '174', 'Phasellus nec sem in justo pellentesque facilisis.'),
(67, 9, 'item', '16(1).jpeg', '258', '195', 'Phasellus nec sem in justo pellentesque facilisis.'),
(68, 9, 'item', '13(3).jpeg', '225', '225', 'Phasellus nec sem in justo pellentesque facilisis.'),
(69, 10, 'item', '13(4).jpeg', '225', '225', 'Praesent adipiscing. Phasellus ullamcorper ipsum rutrum nunc.'),
(70, 10, 'item', '8.jpg', '483', '281', 'Praesent adipiscing. Phasellus ullamcorper ipsum rutrum nunc.'),
(71, 10, 'item', '14(1).jpeg', '338', '149', 'Praesent adipiscing. Phasellus ullamcorper ipsum rutrum nunc.'),
(72, 11, 'item', '6(2).jpeg', '225', '225', 'Phasellus ullamcorper ipsum rutrum nunc.'),
(73, 11, 'item', '7(2).jpeg', '255', '198', 'Phasellus ullamcorper ipsum rutrum nunc.'),
(74, 11, 'item', '8(1).jpg', '483', '281', 'Phasellus ullamcorper ipsum rutrum nunc.'),
(75, 11, 'item', '9(1).jpeg', '330', '153', 'Phasellus ullamcorper ipsum rutrum nunc.'),
(76, 12, 'item', '9(2).jpeg', '330', '153', 'Phasellus ullamcorper ipsum rutrum nunc.'),
(77, 12, 'item', '14(2).jpeg', '338', '149', 'Phasellus ullamcorper ipsum rutrum nunc.'),
(78, 12, 'item', '19(1).jpeg', '225', '225', 'Phasellus ullamcorper ipsum rutrum nunc.'),
(79, 13, 'item', '19(2).jpeg', '225', '225', 'Sed cursus turpis vitae tortor. '),
(80, 13, 'item', '18(1).jpeg', '290', '174', 'Sed cursus turpis vitae tortor. '),
(81, 13, 'item', '3(4).jpeg', '326', '155', 'Sed cursus turpis vitae tortor. '),
(82, 14, 'item', '8(2).jpg', '483', '281', 'Phasellus leo dolor, tempus non, auctor et, hendrerit quis, nisi.'),
(83, 14, 'item', '12(2).jpeg', '260', '194', 'Phasellus leo dolor, tempus non, auctor et, hendrerit quis, nisi.'),
(84, 14, 'item', '18(2).jpeg', '290', '174', 'Phasellus leo dolor, tempus non, auctor et, hendrerit quis, nisi.'),
(85, 14, 'item', '7(3).jpeg', '255', '198', 'Phasellus leo dolor, tempus non, auctor et, hendrerit quis, nisi.'),
(86, 15, 'item', '1(4).jpeg', '225', '225', 'Phasellus leo dolor, tempus non, auctor et, hendrerit quis, nisi.'),
(87, 15, 'item', '2(3).jpeg', '244', '206', 'Phasellus leo dolor, tempus non, auctor et, hendrerit quis, nisi.'),
(88, 15, 'item', '3(5).jpeg', '217', '233', 'Phasellus leo dolor, tempus non, auctor et, hendrerit quis, nisi.'),
(89, 15, 'item', '4(5).jpeg', '225', '225', 'Phasellus leo dolor, tempus non, auctor et, hendrerit quis, nisi.'),
(90, 16, 'item', '5(4).jpeg', '161', '314', ' In ac dui quis mi consectetuer lacinia.'),
(91, 16, 'item', '6(3).jpeg', '239', '204', ' In ac dui quis mi consectetuer lacinia.'),
(92, 16, 'item', '8(4).jpeg', '240', '210', ' In ac dui quis mi consectetuer lacinia.'),
(93, 16, 'item', '9(3).jpeg', '169', '298', ' In ac dui quis mi consectetuer lacinia.'),
(94, 17, 'item', '5(5).jpeg', '161', '314', 'n ac dui quis mi consectetuer lacinia.'),
(95, 17, 'item', '8(5).jpeg', '240', '210', 'n ac dui quis mi consectetuer lacinia.'),
(96, 17, 'item', '13(5).jpeg', '225', '225', 'n ac dui quis mi consectetuer lacinia.'),
(97, 18, 'item', '3(6).jpeg', '217', '233', 'Vestibulum purus quam, scelerisque ut, mollis sed, nonummy id, metus.'),
(98, 18, 'item', '8(6).jpeg', '240', '210', 'Vestibulum purus quam, scelerisque ut, mollis sed, nonummy id, metus.'),
(99, 18, 'item', '13(6).jpeg', '225', '225', 'Vestibulum purus quam, scelerisque ut, mollis sed, nonummy id, metus.'),
(100, 19, 'item', '6(4).jpeg', '239', '204', 'In ac dui quis mi consectetuer lacinia.'),
(101, 19, 'item', '9(4).jpeg', '169', '298', 'In ac dui quis mi consectetuer lacinia.'),
(102, 19, 'item', '3(7).jpeg', '217', '233', 'In ac dui quis mi consectetuer lacinia.'),
(103, 20, 'item', '10(4).jpeg', '225', '225', 'Phasellus leo dolor, tempus non, auctor et, hendrerit quis, nisi.'),
(104, 20, 'item', '11(2).jpeg', '239', '204', 'Phasellus leo dolor, tempus non, auctor et, hendrerit quis, nisi.'),
(105, 20, 'item', '13(7).jpeg', '225', '225', 'Phasellus leo dolor, tempus non, auctor et, hendrerit quis, nisi.'),
(106, 21, 'item', '1(1).jpg', '300', '300', ' Cras id dui. Aenean ut eros et nisl sagittis vestibulum.'),
(107, 21, 'item', '2(4).jpeg', '259', '194', ' Cras id dui. Aenean ut eros et nisl sagittis vestibulum.'),
(108, 21, 'item', '3(8).jpeg', '225', '225', ' Cras id dui. Aenean ut eros et nisl sagittis vestibulum.'),
(109, 21, 'item', '4(6).jpeg', '193', '262', ' Cras id dui. Aenean ut eros et nisl sagittis vestibulum.'),
(110, 22, 'item', '6(5).jpeg', '259', '194', 'Aenean ut eros et nisl sagittis vestibulum.'),
(111, 22, 'item', '8(3).jpg', '600', '600', 'Aenean ut eros et nisl sagittis vestibulum.'),
(112, 22, 'item', '10(5).jpeg', '259', '194', 'Aenean ut eros et nisl sagittis vestibulum.'),
(113, 23, 'item', '12(3).jpeg', '273', '185', 'Aenean ut eros et nisl sagittis vestibulum.'),
(114, 23, 'item', '19(3).jpeg', '140', '240', 'Aenean ut eros et nisl sagittis vestibulum.'),
(115, 23, 'item', '16 (2).jpeg', '259', '194', 'Aenean ut eros et nisl sagittis vestibulum.'),
(116, 23, 'item', '17.jpg', '350', '350', 'Aenean ut eros et nisl sagittis vestibulum.'),
(117, 24, 'item', '10(6).jpeg', '259', '194', 'Aenean ut eros et nisl sagittis vestibulum.'),
(118, 24, 'item', '8(4).jpg', '600', '600', 'Aenean ut eros et nisl sagittis vestibulum.'),
(119, 24, 'item', '5.jpg', '320', '320', 'Aenean ut eros et nisl sagittis vestibulum.'),
(120, 25, 'item', '5(1).jpg', '320', '320', 'Cras id dui. Aenean ut eros et nisl sagittis vestibulum.'),
(121, 25, 'item', '16(3).jpeg', '259', '194', 'Cras id dui. Aenean ut eros et nisl sagittis vestibulum.'),
(122, 25, 'item', '10(7).jpeg', '259', '194', 'Cras id dui. Aenean ut eros et nisl sagittis vestibulum.'),
(123, 26, 'item', '8(5).jpg', '600', '600', 'Aenean ut eros et nisl sagittis vestibulum.'),
(124, 26, 'item', '13(8).jpeg', '273', '185', 'Aenean ut eros et nisl sagittis vestibulum.'),
(125, 26, 'item', '16(4).jpeg', '259', '194', 'Aenean ut eros et nisl sagittis vestibulum.'),
(126, 27, 'item', '17(1).jpg', '350', '350', 'Phasellus leo dolor, tempus non, auctor et, hendrerit quis, nisi.'),
(127, 27, 'item', '14(3).jpeg', '264', '191', 'Phasellus leo dolor, tempus non, auctor et, hendrerit quis, nisi.'),
(128, 27, 'item', '16(5).jpeg', '259', '194', 'Phasellus leo dolor, tempus non, auctor et, hendrerit quis, nisi.'),
(129, 28, 'item', '1(5).jpeg', '225', '225', ' Pellentesque posuere. Praesent turpis.'),
(130, 28, 'item', '2(5).jpeg', '225', '225', ' Pellentesque posuere. Praesent turpis.'),
(131, 28, 'item', '3(1).jpg', '432', '432', ' Pellentesque posuere. Praesent turpis.'),
(132, 28, 'item', '4(7).jpeg', '225', '225', ' Pellentesque posuere. Praesent turpis.'),
(133, 29, 'item', '4(8).jpeg', '225', '225', 'Pellentesque posuere. Praesent turpis.'),
(134, 29, 'item', '5(6).jpeg', '225', '225', 'Pellentesque posuere. Praesent turpis.'),
(135, 29, 'item', '6(6).jpeg', '225', '225', 'Pellentesque posuere. Praesent turpis.'),
(136, 30, 'item', '6(7).jpeg', '225', '225', 'Pellentesque posuere. Praesent turpis.'),
(137, 30, 'item', '8(7).jpeg', '225', '225', 'Pellentesque posuere. Praesent turpis.'),
(138, 30, 'item', '9(5).jpeg', '225', '225', 'Pellentesque posuere. Praesent turpis.'),
(139, 31, 'item', '9(6).jpeg', '225', '225', 'nisi quis porttitor congue, elit erat euismod '),
(140, 31, 'item', '12(4).jpeg', '224', '224', 'nisi quis porttitor congue, elit erat euismod '),
(141, 31, 'item', '13(9).jpeg', '225', '225', 'nisi quis porttitor congue, elit erat euismod '),
(142, 32, 'item', '15(1).jpeg', '225', '225', 'tempus non, auctor et, hendrerit quis, nisi.'),
(143, 32, 'item', '13(10).jpeg', '225', '225', 'tempus non, auctor et, hendrerit quis, nisi.'),
(144, 32, 'item', '12(5).jpeg', '224', '224', 'tempus non, auctor et, hendrerit quis, nisi.'),
(145, 33, 'item', '14(4).jpeg', '225', '225', 'tempus non, auctor et, hendrerit quis, nisi.'),
(146, 33, 'item', '13(11).jpeg', '225', '225', 'tempus non, auctor et, hendrerit quis, nisi.'),
(147, 33, 'item', '11(3).jpeg', '225', '225', 'tempus non, auctor et, hendrerit quis, nisi.'),
(148, 34, 'item', '8(8).jpeg', '225', '225', 'tempus non, auctor et, hendrerit quis, nisi.'),
(149, 34, 'item', '11(4).jpeg', '225', '225', 'tempus non, auctor et, hendrerit quis, nisi.'),
(150, 34, 'item', '15(2).jpeg', '225', '225', 'tempus non, auctor et, hendrerit quis, nisi.'),
(151, 35, 'item', '1(2).jpg', '600', '600', 'Pellentesque posuere. Praesent turpis.'),
(152, 35, 'item', '2(1).jpg', '180', '339', 'Pellentesque posuere. Praesent turpis.'),
(153, 35, 'item', '3(9).jpeg', '277', '182', 'Pellentesque posuere. Praesent turpis.'),
(154, 36, 'item', '4.jpg', '279', '280', 'elit erat euismod orci, ac placerat dolor lectus quis orci.'),
(155, 36, 'item', '5(2).jpg', '365', '240', 'elit erat euismod orci, ac placerat dolor lectus quis orci.'),
(156, 36, 'item', '6(8).jpeg', '144', '197', 'elit erat euismod orci, ac placerat dolor lectus quis orci.'),
(157, 37, 'item', '7(4).jpeg', '225', '224', 'ac placerat dolor lectus quis orci.'),
(158, 37, 'item', '10(8).jpeg', '236', '214', 'ac placerat dolor lectus quis orci.'),
(159, 37, 'item', '6(9).jpeg', '144', '197', 'ac placerat dolor lectus quis orci.'),
(160, 37, 'item', '1(3).jpg', '600', '600', 'ac placerat dolor lectus quis orci.'),
(161, 38, 'item', '8(9).jpeg', '250', '202', 'Aenean tellus metus, bibendum sed, posuere ac, mattis non, nunc.'),
(162, 38, 'item', '10(9).jpeg', '236', '214', 'Aenean tellus metus, bibendum sed, posuere ac, mattis non, nunc.'),
(163, 38, 'item', '6(10).jpeg', '144', '197', 'Aenean tellus metus, bibendum sed, posuere ac, mattis non, nunc.'),
(164, 39, 'item', '6(11).jpeg', '144', '197', 'Vestibulum fringilla pede sit amet augue. In turpis. '),
(165, 39, 'item', '1(4).jpg', '600', '600', 'Vestibulum fringilla pede sit amet augue. In turpis. '),
(166, 39, 'item', '9(7).jpeg', '225', '225', 'Vestibulum fringilla pede sit amet augue. In turpis. '),
(167, 40, 'item', '6(12).jpeg', '144', '197', 'Vestibulum fringilla pede sit amet augue. In turpis. '),
(168, 40, 'item', '8(10).jpeg', '250', '202', 'Vestibulum fringilla pede sit amet augue. In turpis. '),
(169, 40, 'item', '10(10).jpeg', '236', '214', 'Vestibulum fringilla pede sit amet augue. In turpis. '),
(170, 41, 'item', '1(6).jpeg', '214', '235', 'Vestibulum fringilla pede sit amet augue. In turpis. '),
(171, 41, 'item', '2(2).jpg', '430', '340', 'Vestibulum fringilla pede sit amet augue. In turpis. '),
(172, 41, 'item', '3(2).jpg', '1024', '1024', 'Vestibulum fringilla pede sit amet augue. In turpis. '),
(173, 42, 'item', '5(7).jpeg', '212', '238', 'Vestibulum fringilla pede sit amet augue. In turpis. '),
(174, 42, 'item', '6(13).jpeg', '225', '225', 'Vestibulum fringilla pede sit amet augue. In turpis. '),
(175, 42, 'item', '8(11).jpeg', '251', '201', 'Vestibulum fringilla pede sit amet augue. In turpis. '),
(176, 43, 'item', '3(3).jpg', '1024', '1024', 'Donec posuere vulputate arcu.'),
(177, 43, 'item', '5(8).jpeg', '212', '238', 'Donec posuere vulputate arcu.'),
(178, 43, 'item', '9(8).jpeg', '240', '210', 'Donec posuere vulputate arcu.'),
(179, 43, 'item', '1(7).jpeg', '214', '235', 'Donec posuere vulputate arcu.'),
(180, 44, 'item', '4(9).jpeg', '225', '225', 'Vestibulum fringilla pede sit amet augue. In turpis. '),
(181, 44, 'item', '9(9).jpeg', '240', '210', 'Vestibulum fringilla pede sit amet augue. In turpis. '),
(182, 44, 'item', '13(12).jpeg', '232', '218', 'Vestibulum fringilla pede sit amet augue. In turpis. '),
(183, 45, 'item', '9(10).jpeg', '240', '210', 'Donec posuere vulputate arcu. '),
(184, 45, 'item', '10(11).jpeg', '214', '235', 'Donec posuere vulputate arcu. '),
(185, 45, 'item', '12(6).jpeg', '214', '235', 'Donec posuere vulputate arcu. '),
(186, 46, 'item', '7(5).jpeg', '281', '180', 'Vestibulum fringilla pede sit amet augue. In turpis. '),
(187, 46, 'item', '11(5).jpeg', '225', '225', 'Vestibulum fringilla pede sit amet augue. In turpis. '),
(188, 46, 'item', '13(13).jpeg', '232', '218', 'Vestibulum fringilla pede sit amet augue. In turpis. '),
(189, 47, 'item', '10(12).jpeg', '214', '235', 'Donec posuere vulputate arcu. P'),
(190, 47, 'item', '11(6).jpeg', '225', '225', 'Donec posuere vulputate arcu. P'),
(191, 47, 'item', '8(12).jpeg', '251', '201', 'Donec posuere vulputate arcu. P'),
(192, 47, 'item', '7(6).jpeg', '281', '180', 'Donec posuere vulputate arcu. P'),
(193, 48, 'item', '1(8).jpeg', '256', '197', 'Donec posuere vulputate arcu.'),
(194, 48, 'item', '2(6).jpeg', '214', '235', 'Donec posuere vulputate arcu.'),
(195, 48, 'item', '3(10).jpeg', '221', '228', 'Donec posuere vulputate arcu.'),
(196, 48, 'item', '5(9).jpeg', '225', '225', 'Donec posuere vulputate arcu.'),
(197, 49, 'item', '8(13).jpeg', '284', '177', 'et malesuada fames ac turpis egestas.'),
(198, 49, 'item', '10(13).jpeg', '234', '216', 'et malesuada fames ac turpis egestas.'),
(199, 49, 'item', '7(7).jpeg', '263', '192', 'et malesuada fames ac turpis egestas.'),
(200, 50, 'item', '13(14).jpeg', '225', '225', 'netus et malesuada fames ac turpis egestas.'),
(201, 50, 'item', '16(6).jpeg', '220', '200', 'netus et malesuada fames ac turpis egestas.'),
(202, 50, 'item', '7(8).jpeg', '263', '192', 'netus et malesuada fames ac turpis egestas.'),
(203, 51, 'item', '6(14).jpeg', '229', '220', 'et netus et malesuada fames ac turpis egestas.'),
(204, 51, 'item', '11(7).jpeg', '282', '179', 'et netus et malesuada fames ac turpis egestas.'),
(205, 51, 'item', '14(5).jpeg', '230', '219', 'et netus et malesuada fames ac turpis egestas.'),
(206, 52, 'item', '12(7).jpeg', '207', '243', 'et netus et malesuada fames ac turpis egestas.'),
(207, 52, 'item', '9(11).jpeg', '211', '239', 'et netus et malesuada fames ac turpis egestas.'),
(208, 52, 'item', '7(9).jpeg', '263', '192', 'et netus et malesuada fames ac turpis egestas.'),
(209, 53, 'item', '11(8).jpeg', '282', '179', 'Pellentesque ut neque. Pellentesque habitant morbi '),
(210, 53, 'item', '4(10).jpeg', '214', '235', 'Pellentesque ut neque. Pellentesque habitant morbi '),
(211, 53, 'item', '1(9).jpeg', '256', '197', 'Pellentesque ut neque. Pellentesque habitant morbi '),
(212, 54, 'item', '9(12).jpeg', '211', '239', 'Pellentesque ut neque. Pellentesque habitant morbi tristique'),
(213, 54, 'item', '7(10).jpeg', '263', '192', 'Pellentesque ut neque. Pellentesque habitant morbi tristique'),
(214, 54, 'item', '16(7).jpeg', '220', '200', 'Pellentesque ut neque. Pellentesque habitant morbi tristique'),
(215, 54, 'item', '6(15).jpeg', '229', '220', 'Pellentesque ut neque. Pellentesque habitant morbi tristique'),
(216, 55, 'item', '2(7).jpeg', '225', '225', 'senectus et netus et malesuada fames ac turpis egestas.'),
(217, 55, 'item', '3(11).jpeg', '211', '239', 'senectus et netus et malesuada fames ac turpis egestas.'),
(218, 55, 'item', '4(11).jpeg', '300', '168', 'senectus et netus et malesuada fames ac turpis egestas.'),
(219, 56, 'item', '4(12).jpeg', '300', '168', ' Pellentesque ut neque. Pellentesque habitant morbi '),
(220, 56, 'item', '6(1).jpg', '650', '500', ' Pellentesque ut neque. Pellentesque habitant morbi '),
(221, 56, 'item', '7(11).jpeg', '245', '206', ' Pellentesque ut neque. Pellentesque habitant morbi '),
(222, 57, 'item', '14.jpg', '400', '400', 'Donec sodales sagittis magna. '),
(223, 57, 'item', '13(15).jpeg', '225', '225', 'Donec sodales sagittis magna. '),
(224, 57, 'item', '12(8).jpeg', '224', '224', 'Donec sodales sagittis magna. '),
(225, 57, 'item', '10(14).jpeg', '225', '225', 'Donec sodales sagittis magna. '),
(226, 58, 'item', '7(12).jpeg', '245', '206', 'cursus nunc, quis gravida magna mi a libero. '),
(227, 58, 'item', '9(13).jpeg', '225', '225', 'cursus nunc, quis gravida magna mi a libero. '),
(228, 58, 'item', '12(9).jpeg', '224', '224', 'cursus nunc, quis gravida magna mi a libero. '),
(229, 59, 'item', '8(14).jpeg', '300', '168', 'sit amet nibh. Donec sodales sagittis magna.'),
(230, 59, 'item', '10(15).jpeg', '225', '225', 'sit amet nibh. Donec sodales sagittis magna.'),
(231, 59, 'item', '12(10).jpeg', '224', '224', 'sit amet nibh. Donec sodales sagittis magna.'),
(232, 60, 'item', '2(3).jpg', '1024', '1008', 'Donec sodales sagittis magna.'),
(233, 60, 'item', '3(12).jpeg', '225', '225', 'Donec sodales sagittis magna.'),
(234, 60, 'item', '5(10).jpeg', '251', '201', 'Donec sodales sagittis magna.'),
(235, 61, 'item', '4(13).jpeg', '225', '225', 'In ac dui quis mi consectetuer lacinia.'),
(236, 61, 'item', '5(11).jpeg', '251', '201', 'In ac dui quis mi consectetuer lacinia.'),
(237, 61, 'item', '6(16).jpeg', '225', '224', 'In ac dui quis mi consectetuer lacinia.'),
(238, 61, 'item', '10(16).jpeg', '225', '225', 'In ac dui quis mi consectetuer lacinia.'),
(239, 62, 'item', '12(11).jpeg', '170', '296', ' In ac dui quis mi consectetuer lacinia.'),
(240, 62, 'item', '14(6).jpeg', '225', '225', ' In ac dui quis mi consectetuer lacinia.'),
(241, 62, 'item', '15(3).jpeg', '246', '205', ' In ac dui quis mi consectetuer lacinia.'),
(242, 62, 'item', '10(17).jpeg', '225', '225', ' In ac dui quis mi consectetuer lacinia.'),
(243, 63, 'item', '12(12).jpeg', '170', '296', 'In ac dui quis mi consectetuer lacinia.'),
(244, 63, 'item', '9(14).jpeg', '225', '225', 'In ac dui quis mi consectetuer lacinia.'),
(245, 63, 'item', '4(14).jpeg', '225', '225', 'In ac dui quis mi consectetuer lacinia.'),
(246, 64, 'item', '12(13).jpeg', '170', '296', 'Fusce vulputate eleifend sapien. '),
(247, 64, 'item', '14(7).jpeg', '225', '225', 'Fusce vulputate eleifend sapien. '),
(248, 64, 'item', '2(4).jpg', '1024', '1008', 'Fusce vulputate eleifend sapien. '),
(249, 64, 'item', '1(10).jpeg', '226', '223', 'Fusce vulputate eleifend sapien. '),
(250, 65, 'item', '1(11).jpeg', '294', '171', 'Fusce vulputate eleifend sapien'),
(251, 65, 'item', '2(8).jpeg', '275', '183', 'Fusce vulputate eleifend sapien'),
(252, 65, 'item', '4(15).jpeg', '270', '187', 'Fusce vulputate eleifend sapien'),
(253, 66, 'item', '4(16).jpeg', '270', '187', 'Fusce vulputate eleifend sapien'),
(254, 66, 'item', '6(17).jpeg', '225', '225', 'Fusce vulputate eleifend sapien'),
(255, 66, 'item', '9(15).jpeg', '262', '193', 'Fusce vulputate eleifend sapien'),
(256, 66, 'item', '11(9).jpeg', '225', '225', 'Fusce vulputate eleifend sapien'),
(257, 67, 'item', '6(18).jpeg', '225', '225', 'Fusce vulputate eleifend sapien. '),
(258, 67, 'item', '7(13).jpeg', '272', '186', 'Fusce vulputate eleifend sapien. '),
(259, 67, 'item', '9(16).jpeg', '262', '193', 'Fusce vulputate eleifend sapien. '),
(260, 67, 'item', '11(10).jpeg', '225', '225', 'Fusce vulputate eleifend sapien. '),
(261, 68, 'item', '12(14).jpeg', '190', '265', 'Fusce vulputate eleifend sapien. '),
(262, 68, 'item', '11(11).jpeg', '225', '225', 'Fusce vulputate eleifend sapien. '),
(263, 68, 'item', '5(12).jpeg', '249', '202', 'Fusce vulputate eleifend sapien. '),
(264, 69, 'item', '13(16).jpeg', '190', '265', 'Fusce vulputate eleifend sapien. '),
(265, 69, 'item', '7(14).jpeg', '272', '186', 'Fusce vulputate eleifend sapien. '),
(266, 69, 'item', '11(12).jpeg', '225', '225', 'Fusce vulputate eleifend sapien. '),
(267, 70, 'item', '1(12).jpeg', '278', '181', 'Fusce vulputate eleifend sapien. '),
(268, 70, 'item', '2(9).jpeg', '252', '200', 'Fusce vulputate eleifend sapien. '),
(269, 70, 'item', '3(13).jpeg', '231', '218', 'Fusce vulputate eleifend sapien. '),
(270, 71, 'item', '5(13).jpeg', '225', '225', 'Nunc nonummy metus. Vestibulum volutpat pretium libero.'),
(271, 71, 'item', '7(15).jpeg', '300', '168', 'Nunc nonummy metus. Vestibulum volutpat pretium libero.'),
(272, 71, 'item', '12(15).jpeg', '283', '178', 'Nunc nonummy metus. Vestibulum volutpat pretium libero.'),
(273, 71, 'item', '8(15).jpeg', '244', '207', 'Nunc nonummy metus. Vestibulum volutpat pretium libero.'),
(274, 72, 'item', '14(8).jpeg', '198', '255', 'Phasellus leo dolor, tempus non, auctor et, hendrerit quis, nisi.'),
(275, 72, 'item', '10(18).jpeg', '299', '168', 'Phasellus leo dolor, tempus non, auctor et, hendrerit quis, nisi.'),
(276, 72, 'item', '9(17).jpeg', '250', '202', 'Phasellus leo dolor, tempus non, auctor et, hendrerit quis, nisi.'),
(277, 73, 'item', '10(19).jpeg', '299', '168', 'Phasellus leo dolor, tempus non, auctor et, hendrerit quis, nisi.'),
(278, 73, 'item', '7(16).jpeg', '300', '168', 'Phasellus leo dolor, tempus non, auctor et, hendrerit quis, nisi.'),
(279, 73, 'item', '3(14).jpeg', '231', '218', 'Phasellus leo dolor, tempus non, auctor et, hendrerit quis, nisi.'),
(280, 74, 'item', '13(17).jpeg', '276', '183', 'Phasellus leo dolor, tempus non, auctor et, hendrerit quis, nisi.'),
(281, 74, 'item', '6(19).jpeg', '229', '220', 'Phasellus leo dolor, tempus non, auctor et, hendrerit quis, nisi.'),
(282, 74, 'item', '3(15).jpeg', '231', '218', 'Phasellus leo dolor, tempus non, auctor et, hendrerit quis, nisi.'),
(283, 75, 'item', '1(13).jpeg', '225', '225', 'Pellentesque posuere. Praesent turpis.'),
(284, 75, 'item', '2(10).jpeg', '225', '225', 'Pellentesque posuere. Praesent turpis.'),
(285, 75, 'item', '3(16).jpeg', '257', '196', 'Pellentesque posuere. Praesent turpis.'),
(286, 76, 'item', '3(17).jpeg', '257', '196', 'Pellentesque posuere. Praesent turpis.'),
(287, 76, 'item', '4(17).jpeg', '256', '192', 'Pellentesque posuere. Praesent turpis.'),
(288, 76, 'item', '6(20).jpeg', '225', '225', 'Pellentesque posuere. Praesent turpis.'),
(289, 77, 'item', '5(14).jpeg', '238', '212', 'In turpis. Pellentesque posuere. Praesent turpis.'),
(290, 77, 'item', '8(16).jpeg', '269', '187', 'In turpis. Pellentesque posuere. Praesent turpis.'),
(291, 77, 'item', '10(20).jpeg', '225', '225', 'In turpis. Pellentesque posuere. Praesent turpis.'),
(292, 78, 'item', '1(14).jpeg', '252', '200', 'Vestibulum ante ipsum primis in faucibus '),
(293, 78, 'item', '2(11).jpeg', '225', '225', 'Vestibulum ante ipsum primis in faucibus '),
(294, 78, 'item', '3(18).jpeg', '259', '194', 'Vestibulum ante ipsum primis in faucibus '),
(295, 79, 'item', '4(18).jpeg', '225', '225', 'posuere cubilia Curae; Fusce id purus. '),
(296, 79, 'item', '6(21).jpeg', '225', '225', 'posuere cubilia Curae; Fusce id purus. '),
(297, 79, 'item', '7(17).jpeg', '259', '194', 'posuere cubilia Curae; Fusce id purus. '),
(298, 80, 'item', '15(4).jpeg', '259', '194', 'Curabitur ullamcorper ultricies nisi. Nam eget dui.'),
(299, 80, 'item', '9(18).jpeg', '259', '194', 'Curabitur ullamcorper ultricies nisi. Nam eget dui.'),
(300, 80, 'item', '6(22).jpeg', '225', '225', 'Curabitur ullamcorper ultricies nisi. Nam eget dui.'),
(301, 80, 'item', '4(19).jpeg', '225', '225', 'Curabitur ullamcorper ultricies nisi. Nam eget dui.'),
(302, 81, 'item', '1(15).jpeg', '231', '176', 'Duis leo. Sed fringilla mauris sit amet nibh. Donec sodales sagittis magna. '),
(303, 81, 'item', '2(12).jpeg', '225', '225', 'Duis leo. Sed fringilla mauris sit amet nibh. Donec sodales sagittis magna. '),
(304, 81, 'item', '3(19).jpeg', '220', '229', 'Duis leo. Sed fringilla mauris sit amet nibh. Donec sodales sagittis magna. '),
(305, 82, 'item', '6(23).jpeg', '231', '218', 'Sed consequat, leo eget bibendum sodales,'),
(306, 82, 'item', '10(21).jpeg', '225', '225', 'Sed consequat, leo eget bibendum sodales,'),
(307, 82, 'item', '12(16).jpeg', '225', '225', 'Sed consequat, leo eget bibendum sodales,'),
(308, 83, 'item', '5(15).jpeg', '220', '229', ' In ac dui quis mi consectetuer lacinia.'),
(309, 83, 'item', '7(18).jpeg', '214', '236', ' In ac dui quis mi consectetuer lacinia.'),
(310, 83, 'item', '9(19).jpeg', '180', '201', ' In ac dui quis mi consectetuer lacinia.'),
(311, 84, 'item', '4(20).jpeg', '225', '225', 'In ac dui quis mi consectetuer lacinia.'),
(312, 84, 'item', '7(19).jpeg', '259', '194', 'In ac dui quis mi consectetuer lacinia.'),
(313, 84, 'item', '14(9).jpeg', '259', '194', 'In ac dui quis mi consectetuer lacinia.'),
(314, 85, 'item', '3(20).jpeg', '259', '194', ' In ac dui quis mi consectetuer lacinia.'),
(315, 85, 'item', '9(20).jpeg', '259', '194', ' In ac dui quis mi consectetuer lacinia.'),
(316, 85, 'item', '14(10).jpeg', '259', '194', ' In ac dui quis mi consectetuer lacinia.'),
(317, 86, 'item', '4(21).jpeg', '225', '225', 'In ac dui quis mi consectetuer lacinia.'),
(318, 86, 'item', '13(18).jpeg', '294', '171', 'In ac dui quis mi consectetuer lacinia.'),
(319, 86, 'item', '15(5).jpeg', '259', '194', 'In ac dui quis mi consectetuer lacinia.'),
(320, 87, 'item', '1(16).jpeg', '262', '192', 'In ac dui quis mi consectetuer lacinia.'),
(321, 87, 'item', '2(13).jpeg', '221', '229', 'In ac dui quis mi consectetuer lacinia.'),
(322, 87, 'item', '3(21).jpeg', '225', '225', 'In ac dui quis mi consectetuer lacinia.'),
(323, 88, 'item', '4(22).jpeg', '240', '180', 'In ac dui quis mi consectetuer lacinia.'),
(324, 88, 'item', '6(24).jpeg', '259', '194', 'In ac dui quis mi consectetuer lacinia.'),
(325, 88, 'item', '8(17).jpeg', '272', '186', 'In ac dui quis mi consectetuer lacinia.'),
(326, 89, 'item', '5(16).jpeg', '279', '181', 'In ac dui quis mi consectetuer lacinia.'),
(327, 89, 'item', '7(20).jpeg', '230', '198', 'In ac dui quis mi consectetuer lacinia.'),
(328, 89, 'item', '10(22).jpeg', '240', '180', 'In ac dui quis mi consectetuer lacinia.'),
(329, 90, 'item', '3(22).jpeg', '246', '205', ' In ac dui quis mi consectetuer lacinia.'),
(330, 90, 'item', '2(14).jpeg', '275', '183', ' In ac dui quis mi consectetuer lacinia.'),
(331, 90, 'item', '8(18).jpeg', '258', '195', ' In ac dui quis mi consectetuer lacinia.'),
(332, 91, 'item', '2(15).jpeg', '275', '183', 'Etiam imperdiet imperdiet orci.'),
(333, 91, 'item', '9(21).jpeg', '275', '183', 'Etiam imperdiet imperdiet orci.'),
(334, 91, 'item', '12(17).jpeg', '282', '179', 'Etiam imperdiet imperdiet orci.'),
(335, 92, 'item', '13(19).jpeg', '225', '225', 'Etiam imperdiet imperdiet orci.'),
(336, 92, 'item', '8(19).jpeg', '258', '195', 'Etiam imperdiet imperdiet orci.'),
(337, 92, 'item', '15(6).jpeg', '237', '212', 'Etiam imperdiet imperdiet orci.'),
(338, 93, 'item', '9(22).jpeg', '275', '183', 'Donec mollis hendrerit risus. '),
(339, 93, 'item', '8(20).jpeg', '258', '195', 'Donec mollis hendrerit risus. '),
(340, 93, 'item', '4(23).jpeg', '273', '185', 'Donec mollis hendrerit risus. '),
(341, 94, 'item', '1(17).jpeg', '225', '225', ' Etiam imperdiet imperdiet orci.'),
(342, 94, 'item', '2(16).jpeg', '239', '211', ' Etiam imperdiet imperdiet orci.'),
(343, 94, 'item', '3(23).jpeg', '238', '211', ' Etiam imperdiet imperdiet orci.'),
(344, 95, 'item', '4(24).jpeg', '224', '224', 'Etiam imperdiet imperdiet orci.'),
(345, 95, 'item', '5(17).jpeg', '247', '204', 'Etiam imperdiet imperdiet orci.'),
(346, 95, 'item', '6(25).jpeg', '255', '198', 'Etiam imperdiet imperdiet orci.'),
(347, 96, 'item', '6(26).jpeg', '255', '198', 'Sed lectus. Donec mollis hendrerit risus. '),
(348, 96, 'item', '7.jpg', '560', '429', 'Sed lectus. Donec mollis hendrerit risus. '),
(349, 96, 'item', '8(21).jpeg', '225', '225', 'Sed lectus. Donec mollis hendrerit risus. '),
(350, 97, 'item', '13(20).jpeg', '252', '200', 'elit erat euismod orci, ac placerat dolor lectus quis orci.'),
(351, 97, 'item', '14(11).jpeg', '225', '225', 'elit erat euismod orci, ac placerat dolor lectus quis orci.'),
(352, 97, 'item', '5(18).jpeg', '247', '204', 'elit erat euismod orci, ac placerat dolor lectus quis orci.'),
(353, 98, 'item', '1(18).jpeg', '300', '168', 'ac placerat dolor lectus quis orci.'),
(354, 98, 'item', '2(17).jpeg', '252', '200', 'ac placerat dolor lectus quis orci.'),
(355, 98, 'item', '3(24).jpeg', '281', '179', 'ac placerat dolor lectus quis orci.'),
(356, 99, 'item', '4(25).jpeg', '275', '183', 'Sed aliquam, nisi quis porttitor congue,'),
(357, 99, 'item', '5(19).jpeg', '318', '159', 'Sed aliquam, nisi quis porttitor congue,'),
(358, 99, 'item', '6(27).jpeg', '240', '156', 'Sed aliquam, nisi quis porttitor congue,'),
(359, 100, 'item', '11(13).jpeg', '209', '242', 'ultrices posuere cubilia Curae; Sed aliquam,'),
(360, 100, 'item', '6(28).jpeg', '240', '156', 'ultrices posuere cubilia Curae; Sed aliquam,'),
(361, 100, 'item', '2(18).jpeg', '252', '200', 'ultrices posuere cubilia Curae; Sed aliquam,'),
(362, 101, 'item', '12(18).jpeg', '287', '176', ' ac placerat dolor lectus quis orci.'),
(363, 101, 'item', '10(23).jpeg', '225', '225', ' ac placerat dolor lectus quis orci.'),
(364, 101, 'item', '5(20).jpeg', '318', '159', ' ac placerat dolor lectus quis orci.'),
(365, 102, 'item', '1(19).jpeg', '287', '176', 'Sed aliquam, nisi quis porttitor congue'),
(366, 102, 'item', '2(19).jpeg', '257', '196', 'Sed aliquam, nisi quis porttitor congue'),
(367, 102, 'item', '3(4).jpg', '500', '384', 'Sed aliquam, nisi quis porttitor congue'),
(368, 103, 'item', '4(26).jpeg', '225', '225', 'Maecenas vestibulum mollis diam. Pellentesque ut neque.'),
(369, 103, 'item', '5(21).jpeg', '257', '196', 'Maecenas vestibulum mollis diam. Pellentesque ut neque.'),
(370, 103, 'item', '9(23).jpeg', '225', '225', 'Maecenas vestibulum mollis diam. Pellentesque ut neque.'),
(371, 104, 'item', '11(14).jpeg', '258', '196', 'et netus et malesuada fames ac turpis egestas.'),
(372, 104, 'item', '9(24).jpeg', '225', '225', 'et netus et malesuada fames ac turpis egestas.'),
(373, 104, 'item', '6(29).jpeg', '240', '209', 'et netus et malesuada fames ac turpis egestas.'),
(374, 105, 'item', '1(20).jpeg', '253', '199', ' et malesuada fames ac turpis egestas.'),
(375, 105, 'item', '7(21).jpeg', '192', '192', ' et malesuada fames ac turpis egestas.'),
(376, 105, 'item', '2(20).jpeg', '207', '243', ' et malesuada fames ac turpis egestas.'),
(377, 106, 'item', '3(25).jpeg', '275', '183', 'et malesuada fames ac turpis egestas.'),
(378, 106, 'item', '4(27).jpeg', '214', '236', 'et malesuada fames ac turpis egestas.'),
(379, 106, 'item', '5(22).jpeg', '225', '225', 'et malesuada fames ac turpis egestas.'),
(380, 107, 'item', '4(28).jpeg', '214', '236', ' et malesuada fames ac turpis egestas.'),
(381, 107, 'item', '6(2).jpg', '400', '400', ' et malesuada fames ac turpis egestas.'),
(382, 107, 'item', '9(25).jpeg', '217', '232', ' et malesuada fames ac turpis egestas.'),
(383, 108, 'item', '1(21).jpeg', '275', '183', ' et malesuada fames ac turpis egestas.'),
(384, 108, 'item', '2(21).jpeg', '279', '181', ' et malesuada fames ac turpis egestas.'),
(385, 108, 'item', '3(26).jpeg', '234', '215', ' et malesuada fames ac turpis egestas.'),
(386, 109, 'item', '20(1).jpeg', '225', '225', 'Pellentesque posuere. Praesent turpis.'),
(387, 109, 'item', '7(22).jpeg', '255', '197', 'Pellentesque posuere. Praesent turpis.'),
(388, 109, 'item', '2(22).jpeg', '279', '181', 'Pellentesque posuere. Praesent turpis.'),
(389, 110, 'item', '13(21).jpeg', '225', '225', 'Curae; Fusce id purus. Ut varius tincidunt libero.'),
(390, 110, 'item', '14(12).jpeg', '220', '229', 'Curae; Fusce id purus. Ut varius tincidunt libero.'),
(391, 110, 'item', '12(19).jpeg', '303', '166', 'Curae; Fusce id purus. Ut varius tincidunt libero.'),
(392, 111, 'item', '20(2).jpeg', '225', '225', 'Curae; Fusce id purus. Ut varius tincidunt libero.'),
(393, 111, 'item', '10(24).jpeg', '261', '193', 'Curae; Fusce id purus. Ut varius tincidunt libero.'),
(394, 111, 'item', '5(23).jpeg', '240', '180', 'Curae; Fusce id purus. Ut varius tincidunt libero.'),
(395, 112, 'item', '1(22).jpeg', '289', '174', 'et netus et malesuada fames ac turpis egestas.'),
(396, 112, 'item', '3(27).jpeg', '259', '195', 'et netus et malesuada fames ac turpis egestas.'),
(397, 112, 'item', '2(23).jpeg', '225', '225', 'et netus et malesuada fames ac turpis egestas.'),
(398, 113, 'item', '3(28).jpeg', '259', '195', 'In ac dui quis mi consectetuer lacinia.'),
(399, 113, 'item', '9(26).jpeg', '225', '225', 'In ac dui quis mi consectetuer lacinia.'),
(400, 113, 'item', '11.jpg', '656', '350', 'In ac dui quis mi consectetuer lacinia.'),
(401, 114, 'item', '4(29).jpeg', '262', '193', 'In ac dui quis mi consectetuer lacinia.'),
(402, 114, 'item', '5(24).jpeg', '225', '225', 'In ac dui quis mi consectetuer lacinia.'),
(403, 114, 'item', '6(30).jpeg', '247', '204', 'In ac dui quis mi consectetuer lacinia.'),
(404, 115, 'item', '7(23).jpeg', '213', '237', 'Sed consequat, leo eget bibendum sodales'),
(405, 115, 'item', '4(30).jpeg', '262', '193', 'Sed consequat, leo eget bibendum sodales'),
(406, 115, 'item', '15(7).jpeg', '225', '225', 'Sed consequat, leo eget bibendum sodales'),
(407, 116, 'item', '1(23).jpeg', '247', '204', 'In ac dui quis mi consectetuer lacinia.'),
(408, 116, 'item', '2(24).jpeg', '211', '239', 'In ac dui quis mi consectetuer lacinia.'),
(409, 116, 'item', '3(29).jpeg', '284', '178', 'In ac dui quis mi consectetuer lacinia.'),
(410, 117, 'item', '2(25).jpeg', '211', '239', 'In ac dui quis mi consectetuer lacinia.'),
(411, 117, 'item', '5(25).jpeg', '259', '195', 'In ac dui quis mi consectetuer lacinia.'),
(412, 117, 'item', '7(24).jpeg', '293', '172', 'In ac dui quis mi consectetuer lacinia.'),
(413, 118, 'item', '17.jpeg', '225', '225', 'In ac dui quis mi consectetuer lacinia.'),
(414, 118, 'item', '7(25).jpeg', '293', '172', 'In ac dui quis mi consectetuer lacinia.'),
(415, 118, 'item', '4(31).jpeg', '266', '190', 'In ac dui quis mi consectetuer lacinia.'),
(416, 119, 'item', '22.jpeg', '300', '168', 'In ac dui quis mi consectetuer lacinia.'),
(417, 119, 'item', '19(4).jpeg', '275', '183', 'In ac dui quis mi consectetuer lacinia.'),
(418, 119, 'item', '13(22).jpeg', '302', '167', 'In ac dui quis mi consectetuer lacinia.'),
(419, 120, 'item', '20(3).jpeg', '223', '226', ' In ac dui quis mi consectetuer lacinia.'),
(420, 120, 'item', '11(15).jpeg', '300', '168', ' In ac dui quis mi consectetuer lacinia.'),
(421, 120, 'item', '6(31).jpeg', '300', '168', ' In ac dui quis mi consectetuer lacinia.'),
(422, 121, 'item', '8(22).jpeg', '224', '225', 'In ac dui quis mi consectetuer lacinia.'),
(423, 121, 'item', '14(13).jpeg', '275', '183', 'In ac dui quis mi consectetuer lacinia.'),
(424, 121, 'item', '10(25).jpeg', '261', '193', 'In ac dui quis mi consectetuer lacinia.'),
(425, 122, 'item', '9(27).jpeg', '240', '210', ' In ac dui quis mi consectetuer lacinia.'),
(426, 122, 'item', '16(8).jpeg', '225', '225', ' In ac dui quis mi consectetuer lacinia.'),
(427, 122, 'item', '7(26).jpeg', '293', '172', ' In ac dui quis mi consectetuer lacinia.'),
(428, 123, 'item', '16(9).jpeg', '225', '225', 'Curae; In ac dui quis mi consectetuer lacinia.'),
(429, 123, 'item', '5(26).jpeg', '259', '195', 'Curae; In ac dui quis mi consectetuer lacinia.'),
(430, 123, 'item', '9(28).jpeg', '240', '210', 'Curae; In ac dui quis mi consectetuer lacinia.'),
(432, 8, 'category', 'Pan_Fried_Vegetarian_Goose.jpg', '213', '159', ''),
(433, 9, 'category', '61.jpeg', '208', '243', ''),
(434, 10, 'category', '102.jpeg', '225', '225', ''),
(435, 11, 'category', '111.jpeg', '259', '194', ''),
(436, 12, 'category', '131.jpeg', '192', '221', ''),
(437, 27, 'sub_category', '1a-tn.jpg', '300', '277', ''),
(438, 28, 'sub_category', '71a-tn.jpg', '300', '203', ''),
(439, 29, 'sub_category', 'DSC_8278-f.jpg', '300', '215', ''),
(440, 30, 'sub_category', '56a-tn.jpg', '300', '238', ''),
(441, 31, 'sub_category', 'P1150695-f.jpg', '300', '193', ''),
(442, 32, 'sub_category', 'a.jpg', '300', '184', ''),
(443, 33, 'sub_category', 'P1150064-f.jpg', '300', '212', ''),
(444, 34, 'sub_category', '110.jpeg', '278', '181', ''),
(445, 35, 'sub_category', '112.jpeg', '258', '195', ''),
(446, 36, 'sub_category', '35.jpeg', '259', '194', ''),
(447, 37, 'sub_category', '45.jpeg', '275', '183', ''),
(448, 38, 'sub_category', '36.jpeg', '271', '186', ''),
(449, 39, 'sub_category', '23.jpeg', '285', '177', ''),
(450, 40, 'sub_category', '37.jpeg', '160', '120', ''),
(451, 41, 'sub_category', '113.jpeg', '192', '140', ''),
(452, 42, 'sub_category', '114.jpeg', '276', '183', ''),
(453, 43, 'sub_category', '115.jpeg', '275', '183', ''),
(454, 44, 'sub_category', '81.jpeg', '275', '183', ''),
(455, 45, 'sub_category', '24.jpeg', '275', '183', ''),
(456, 46, 'sub_category', '82.jpeg', '197', '256', ''),
(457, 47, 'sub_category', '61.jpg', '259', '194', ''),
(458, 48, 'sub_category', '52.jpeg', '272', '185', ''),
(459, 49, 'sub_category', '122.jpeg', '202', '249', ''),
(460, 50, 'sub_category', '83.jpeg', '236', '214', ''),
(461, 51, 'sub_category', '132.jpeg', '266', '190', ''),
(462, 52, 'sub_category', '133.jpeg', '193', '261', ''),
(463, 53, 'sub_category', '181.jpeg', '225', '225', ''),
(464, 124, 'item', '1a-tn(1).jpg', '300', '277', 'venenatis vitae, justo. '),
(465, 124, 'item', '3a-tn.jpg', '300', '284', 'venenatis vitae, justo. '),
(466, 124, 'item', '4a-tn.jpg', '300', '279', 'venenatis vitae, justo. '),
(467, 125, 'item', '75.jpg', '300', '237', ' rhoncus ut, imperdiet a, venenatis vitae, justo. '),
(468, 125, 'item', '1a-tn(2).jpg', '300', '277', ' rhoncus ut, imperdiet a, venenatis vitae, justo. '),
(469, 125, 'item', '3a-tn (1).jpg', '300', '284', ' rhoncus ut, imperdiet a, venenatis vitae, justo. '),
(470, 126, 'item', '5a-tn.jpg', '300', '270', 'rhoncus ut, imperdiet a, venenatis vitae, justo. '),
(471, 126, 'item', '3a-tn (2).jpg', '300', '284', 'rhoncus ut, imperdiet a, venenatis vitae, justo. '),
(472, 126, 'item', '75(1).jpg', '300', '237', 'rhoncus ut, imperdiet a, venenatis vitae, justo. '),
(473, 127, 'item', '5a-tn(1).jpg', '300', '270', 'In enim justo, rhoncus ut, imperdiet a, venenatis vitae, justo. '),
(474, 127, 'item', '75(2).jpg', '300', '237', 'In enim justo, rhoncus ut, imperdiet a, venenatis vitae, justo. '),
(475, 127, 'item', '3a-tn (3).jpg', '300', '284', 'In enim justo, rhoncus ut, imperdiet a, venenatis vitae, justo. '),
(476, 128, 'item', '29a-tn.jpg', '300', '209', 'Lorem ipsum dolor sit amet, consectetuer adipiscing elit'),
(477, 128, 'item', '31a-tn.jpg', '300', '227', 'Lorem ipsum dolor sit amet, consectetuer adipiscing elit'),
(478, 128, 'item', '32a-tn.jpg', '300', '208', 'Lorem ipsum dolor sit amet, consectetuer adipiscing elit'),
(481, 129, 'item', '37a-tn.jpg', '300', '223', 'Vestibulum fringilla pede sit amet augue.'),
(482, 130, 'item', 'friedwanton.JPG', '213', '159', 'felis eu pede mollis pretium. Integer tincidunt. Cras dapibus. '),
(483, 130, 'item', '35a-tn.jpg', '300', '212', 'felis eu pede mollis pretium. Integer tincidunt. Cras dapibus. '),
(484, 130, 'item', 'P1100535.JPG', '300', '225', 'felis eu pede mollis pretium. Integer tincidunt. Cras dapibus. '),
(488, 132, 'item', '77.jpg', '300', '237', ' Integer tincidunt. Cras dapibus.'),
(489, 132, 'item', '417 fries dou miao with garlic.JPG', '213', '160', ' Integer tincidunt. Cras dapibus.'),
(490, 132, 'item', 'DongPoPork.jpg', '213', '159', ' Integer tincidunt. Cras dapibus.'),
(491, 133, 'item', 'DSC_8278-f(1).jpg', '300', '215', 'Integer tincidunt. Cras dapibus.'),
(492, 133, 'item', 'P1150590-f.jpg', '300', '185', 'Integer tincidunt. Cras dapibus.'),
(493, 133, 'item', 'DongPoPork(1).jpg', '213', '159', 'Integer tincidunt. Cras dapibus.'),
(494, 134, 'item', 'SweetSourPorkRibsinBlackVinegar.jpg', '213', '159', ' Integer tincidunt. Cras dapibus.'),
(495, 134, 'item', 'DSC_8285-f.jpg', '301', '173', ' Integer tincidunt. Cras dapibus.'),
(496, 134, 'item', 'DongPoPork(2).jpg', '213', '159', ' Integer tincidunt. Cras dapibus.'),
(497, 135, 'item', 'DongPoPork(3).jpg', '213', '159', 'pede mollis pretium. Integer tincidunt. Cras dapibus.'),
(498, 135, 'item', 'P1150590-f(1).jpg', '300', '185', 'pede mollis pretium. Integer tincidunt. Cras dapibus.'),
(499, 135, 'item', '417 fries dou miao with garlic (1).JPG', '213', '160', 'pede mollis pretium. Integer tincidunt. Cras dapibus.'),
(500, 136, 'item', '51a-tn.jpg', '300', '162', 'Nullam dictum felis eu pede mollis pretium. Integer tincidunt. Cras dapibus.'),
(501, 136, 'item', '52a-tn.jpg', '300', '234', 'Nullam dictum felis eu pede mollis pretium. Integer tincidunt. Cras dapibus.'),
(502, 136, 'item', '53a-tn.jpg', '300', '181', 'Nullam dictum felis eu pede mollis pretium. Integer tincidunt. Cras dapibus.'),
(503, 137, 'item', '52a-tn(1).jpg', '300', '234', 'Lorem ipsum dolor sit amet, consectetuer adipiscing elit'),
(504, 137, 'item', '54a-tn.jpg', '300', '232', 'Lorem ipsum dolor sit amet, consectetuer adipiscing elit'),
(505, 137, 'item', '58a-tn.jpg', '300', '181', 'Lorem ipsum dolor sit amet, consectetuer adipiscing elit'),
(506, 138, 'item', '54a-tn(1).jpg', '300', '232', 'Nullam dictum felis eu pede mollis pretium. Integer tincidunt. Cras dapibus.'),
(507, 138, 'item', '57a-tn.jpg', '300', '224', 'Nullam dictum felis eu pede mollis pretium. Integer tincidunt. Cras dapibus.'),
(508, 138, 'item', '58a-tn(1).jpg', '300', '181', 'Nullam dictum felis eu pede mollis pretium. Integer tincidunt. Cras dapibus.'),
(509, 139, 'item', '58a-tn(2).jpg', '300', '181', 'Nullam dictum felis eu pede mollis pretium. Integer tincidunt. Cras dapibus.'),
(510, 139, 'item', '57a-tn(1).jpg', '300', '224', 'Nullam dictum felis eu pede mollis pretium. Integer tincidunt. Cras dapibus.'),
(511, 139, 'item', '54a-tn(2).jpg', '300', '232', 'Nullam dictum felis eu pede mollis pretium. Integer tincidunt. Cras dapibus.'),
(512, 140, 'item', 'P1150060-f.jpg', '300', '214', 'Nullam nulla eros, ultricies sit amet, nonummy id, imperdiet feugiat, pede. Sed lectus. '),
(513, 140, 'item', 'P1150129-f.jpg', '300', '218', 'Nullam nulla eros, ultricies sit amet, nonummy id, imperdiet feugiat, pede. Sed lectus. '),
(514, 140, 'item', 'P1150695-f(1).jpg', '300', '193', 'Nullam nulla eros, ultricies sit amet, nonummy id, imperdiet feugiat, pede. Sed lectus. '),
(515, 141, 'item', 'P1150129-f(1).jpg', '300', '218', 'hasellus ullamcorper ipsum rutrum nunc. '),
(516, 141, 'item', 'P1150060-f(1).jpg', '300', '214', 'hasellus ullamcorper ipsum rutrum nunc. '),
(517, 141, 'item', 'P1150695-f(2).jpg', '300', '193', 'hasellus ullamcorper ipsum rutrum nunc. '),
(518, 142, 'item', 'P1150695-f(3).jpg', '300', '193', 'ultricies sit amet, nonummy id, imperdiet feugiat, pede. Sed lectus. '),
(519, 142, 'item', 'P1150129-f(2).jpg', '300', '218', 'ultricies sit amet, nonummy id, imperdiet feugiat, pede. Sed lectus. '),
(520, 142, 'item', 'P1150060-f(2).jpg', '300', '214', 'ultricies sit amet, nonummy id, imperdiet feugiat, pede. Sed lectus. '),
(521, 143, 'item', '59a-f.jpg', '300', '250', 'vestibulum. Nullam nulla eros, ultricies sit amet, nonummy id, imperdiet feugiat, pede. Sed lectus. '),
(522, 143, 'item', 'P1150695-f(4).jpg', '300', '193', 'vestibulum. Nullam nulla eros, ultricies sit amet, nonummy id, imperdiet feugiat, pede. Sed lectus. '),
(523, 144, 'item', '61a-tn.jpg', '300', '237', 'Nullam nulla eros, ultricies sit amet, nonummy id, imperdiet feugiat, pede. Sed lectus. '),
(524, 144, 'item', '90a-tn.jpg', '300', '205', 'Nullam nulla eros, ultricies sit amet, nonummy id, imperdiet feugiat, pede. Sed lectus. '),
(525, 145, 'item', '90a-tn(1).jpg', '300', '205', 'Nullam nulla eros, ultricies sit amet, nonummy id, imperdiet feugiat, pede. Sed lectus. '),
(526, 145, 'item', '91a-tn.jpg', '300', '208', 'Nullam nulla eros, ultricies sit amet, nonummy id, imperdiet feugiat, pede. Sed lectus. '),
(527, 145, 'item', 'a(1).jpg', '300', '184', 'Nullam nulla eros, ultricies sit amet, nonummy id, imperdiet feugiat, pede. Sed lectus. '),
(528, 146, 'item', 'b.jpg', '300', '199', 'Nullam nulla eros, ultricies sit amet, nonummy id, imperdiet feugiat, pede. Sed lectus. '),
(529, 146, 'item', 'c.jpg', '300', '230', 'Nullam nulla eros, ultricies sit amet, nonummy id, imperdiet feugiat, pede. Sed lectus. '),
(530, 146, 'item', 'PanFriedVegetarianGoose.jpg', '213', '159', 'Nullam nulla eros, ultricies sit amet, nonummy id, imperdiet feugiat, pede. Sed lectus. '),
(531, 147, 'item', 'PanFriedVegetarianGoose(1).jpg', '213', '159', 'Nullam nulla eros, ultricies sit amet, nonummy id, imperdiet feugiat, pede. Sed lectus. '),
(532, 147, 'item', '91a-tn(1).jpg', '300', '208', 'Nullam nulla eros, ultricies sit amet, nonummy id, imperdiet feugiat, pede. Sed lectus. '),
(533, 147, 'item', '61a-tn (1).jpg', '300', '237', 'Nullam nulla eros, ultricies sit amet, nonummy id, imperdiet feugiat, pede. Sed lectus. '),
(534, 148, 'item', '59a-f(1).jpg', '300', '250', ' Nullam nulla eros, ultricies sit amet, nonummy id, imperdiet feugiat, pede. Sed lectus. '),
(535, 148, 'item', '60a-f.jpg', '300', '237', ' Nullam nulla eros, ultricies sit amet, nonummy id, imperdiet feugiat, pede. Sed lectus. '),
(536, 148, 'item', 'P1150064-f(1).jpg', '300', '212', ' Nullam nulla eros, ultricies sit amet, nonummy id, imperdiet feugiat, pede. Sed lectus. '),
(538, 149, 'item', 'P1150064-f(2).jpg', '300', '212', 'ac placerat dolor lectus quis orci. Phasellus consectetuer vestibulum elit. '),
(539, 149, 'item', 'P1150638-f.jpg', '300', '229', 'ac placerat dolor lectus quis orci. Phasellus consectetuer vestibulum elit. '),
(540, 150, 'item', 'P1150638-f(1).jpg', '300', '229', 'Aenean tellus metus, bibendum sed, posuere ac, mattis non, nunc. '),
(541, 150, 'item', 'P1150064-f(3).jpg', '300', '212', 'Aenean tellus metus, bibendum sed, posuere ac, mattis non, nunc. '),
(543, 151, 'item', 'SlicedFishHorFuninCreamyEggSauce.JPG', '213', '160', 'Aenean tellus metus, bibendum sed, posuere ac, mattis non, nunc. '),
(545, 151, 'item', 'P1150064-f(4).jpg', '300', '212', 'Aenean tellus metus, bibendum sed, posuere ac, mattis non, nunc. '),
(546, 152, 'item', '1(24).jpeg', '278', '181', 'Aenean tellus metus, bibendum sed, posuere ac, mattis non, nunc. '),
(547, 152, 'item', '2(26).jpeg', '275', '183', 'Aenean tellus metus, bibendum sed, posuere ac, mattis non, nunc. '),
(548, 152, 'item', '3(30).jpeg', '263', '192', 'Aenean tellus metus, bibendum sed, posuere ac, mattis non, nunc. '),
(549, 153, 'item', '2(27).jpeg', '275', '183', ' Aenean tellus metus, bibendum sed, posuere ac, mattis non, nunc. '),
(550, 153, 'item', '3(31).jpeg', '263', '192', ' Aenean tellus metus, bibendum sed, posuere ac, mattis non, nunc. '),
(551, 153, 'item', '1(25).jpeg', '278', '181', ' Aenean tellus metus, bibendum sed, posuere ac, mattis non, nunc. '),
(552, 154, 'item', '3(32).jpeg', '263', '192', 'Aenean tellus metus, bibendum sed, posuere ac, mattis non, nunc. '),
(553, 154, 'item', '4(32).jpeg', '259', '194', 'Aenean tellus metus, bibendum sed, posuere ac, mattis non, nunc. '),
(554, 154, 'item', '6(32).jpeg', '259', '194', 'Aenean tellus metus, bibendum sed, posuere ac, mattis non, nunc. '),
(555, 155, 'item', '5(27).jpeg', '275', '183', 'Aenean tellus metus, bibendum sed, posuere ac, mattis non, nunc. '),
(556, 155, 'item', '6(33).jpeg', '259', '194', 'Aenean tellus metus, bibendum sed, posuere ac, mattis non, nunc. '),
(557, 155, 'item', '8(23).jpeg', '275', '183', 'Aenean tellus metus, bibendum sed, posuere ac, mattis non, nunc. '),
(558, 156, 'item', '1(26).jpeg', '258', '195', 'Fusce id purus. Ut varius tincidunt libero.');
INSERT INTO `mk_images` (`id`, `parent_id`, `type`, `path`, `width`, `height`, `description`) VALUES
(559, 156, 'item', '2(28).jpeg', '204', '132', 'Fusce id purus. Ut varius tincidunt libero.'),
(560, 156, 'item', '3(33).jpeg', '277', '182', 'Fusce id purus. Ut varius tincidunt libero.'),
(561, 157, 'item', '4(33).jpeg', '262', '193', 'Cras dapibus. Vivamus elementum semper nisi. '),
(562, 157, 'item', '5(28).jpeg', '259', '194', 'Cras dapibus. Vivamus elementum semper nisi. '),
(563, 157, 'item', '7(27).jpeg', '259', '194', 'Cras dapibus. Vivamus elementum semper nisi. '),
(564, 158, 'item', '10(26).jpeg', '194', '260', 'Integer tincidunt. Cras dapibus. Vivamus elementum semper nisi. '),
(565, 158, 'item', '5(29).jpeg', '259', '194', 'Integer tincidunt. Cras dapibus. Vivamus elementum semper nisi. '),
(566, 158, 'item', '4(34).jpeg', '262', '193', 'Integer tincidunt. Cras dapibus. Vivamus elementum semper nisi. '),
(567, 159, 'item', '12(20).jpeg', '176', '286', 'Integer tincidunt. Cras dapibus. Vivamus elementum semper nisi. '),
(568, 159, 'item', '8(24).jpeg', '261', '193', 'Integer tincidunt. Cras dapibus. Vivamus elementum semper nisi. '),
(569, 159, 'item', '4(35).jpeg', '262', '193', 'Integer tincidunt. Cras dapibus. Vivamus elementum semper nisi. '),
(570, 160, 'item', '1(27).jpeg', '259', '194', 'Cras dapibus. Vivamus elementum semper nisi. '),
(571, 160, 'item', '2(29).jpeg', '276', '183', 'Cras dapibus. Vivamus elementum semper nisi. '),
(572, 160, 'item', '3(34).jpeg', '259', '194', 'Cras dapibus. Vivamus elementum semper nisi. '),
(573, 161, 'item', '3(35).jpeg', '259', '194', 'Nullam dictum felis eu pede mollis pretium. '),
(574, 161, 'item', '5(30).jpeg', '279', '181', 'Nullam dictum felis eu pede mollis pretium. '),
(575, 161, 'item', '7(28).jpeg', '225', '225', 'Nullam dictum felis eu pede mollis pretium. '),
(576, 162, 'item', '13(23).jpeg', '183', '275', 'Cras dapibus. Vivamus elementum semper nisi. '),
(577, 162, 'item', '9(29).jpeg', '274', '184', 'Cras dapibus. Vivamus elementum semper nisi. '),
(578, 162, 'item', '6(34).jpeg', '225', '225', 'Cras dapibus. Vivamus elementum semper nisi. '),
(579, 163, 'item', '12(21).jpeg', '198', '254', ' Cras dapibus. Vivamus elementum semper nisi. '),
(580, 163, 'item', '8(25).jpeg', '265', '190', ' Cras dapibus. Vivamus elementum semper nisi. '),
(581, 163, 'item', '4(36).jpeg', '218', '231', ' Cras dapibus. Vivamus elementum semper nisi. '),
(582, 164, 'item', '1(28).jpeg', '302', '167', 'Cras dapibus. Vivamus elementum semper nisi. '),
(583, 164, 'item', '7(29).jpeg', '190', '265', 'Cras dapibus. Vivamus elementum semper nisi. '),
(584, 164, 'item', '2(30).jpeg', '259', '194', 'Cras dapibus. Vivamus elementum semper nisi. '),
(585, 165, 'item', '14(14).jpeg', '194', '259', 'Cras dapibus. Vivamus elementum semper nisi.'),
(586, 165, 'item', '4(37).jpeg', '275', '183', 'Cras dapibus. Vivamus elementum semper nisi.'),
(587, 165, 'item', '1(29).jpeg', '302', '167', 'Cras dapibus. Vivamus elementum semper nisi.'),
(588, 166, 'item', '16(10).jpeg', '193', '261', 'Cras dapibus. Vivamus elementum semper nisi.'),
(589, 166, 'item', '7(30).jpeg', '190', '265', 'Cras dapibus. Vivamus elementum semper nisi.'),
(590, 167, 'item', '11(16).jpeg', '183', '275', 'Cras dapibus. Vivamus elementum semper nisi. '),
(591, 167, 'item', '5(31).jpeg', '259', '194', 'Cras dapibus. Vivamus elementum semper nisi. '),
(592, 167, 'item', '4(38).jpeg', '275', '183', 'Cras dapibus. Vivamus elementum semper nisi. '),
(593, 168, 'item', '1(30).jpeg', '220', '184', 'Integer tincidunt. Cras dapibus. Vivamus elementum semper nisi. '),
(594, 168, 'item', '2(31).jpeg', '276', '183', 'Integer tincidunt. Cras dapibus. Vivamus elementum semper nisi. '),
(595, 168, 'item', '3(36).jpeg', '271', '186', 'Integer tincidunt. Cras dapibus. Vivamus elementum semper nisi. '),
(596, 169, 'item', '13(24).jpeg', '183', '275', 'Integer tincidunt. Cras dapibus. Vivamus elementum semper nisi. '),
(597, 169, 'item', '7(31).jpeg', '201', '250', 'Integer tincidunt. Cras dapibus. Vivamus elementum semper nisi. '),
(598, 169, 'item', '3(37).jpeg', '271', '186', 'Integer tincidunt. Cras dapibus. Vivamus elementum semper nisi. '),
(599, 170, 'item', '6(35).jpeg', '188', '268', 'Cras dapibus. Vivamus elementum semper nisi. '),
(600, 170, 'item', '4(39).jpeg', '275', '183', 'Cras dapibus. Vivamus elementum semper nisi. '),
(601, 170, 'item', '2(32).jpeg', '276', '183', 'Cras dapibus. Vivamus elementum semper nisi. '),
(602, 171, 'item', '11(17).jpeg', '181', '278', 'Fusce vulputate eleifend sapien. '),
(603, 171, 'item', '6(36).jpeg', '188', '268', 'Fusce vulputate eleifend sapien. '),
(604, 171, 'item', '4(40).jpeg', '275', '183', 'Fusce vulputate eleifend sapien. '),
(605, 172, 'item', '1(31).jpeg', '275', '183', 'quis gravida magna mi a libero. Fusce vulputate eleifend sapien. '),
(606, 172, 'item', '2(33).jpeg', '285', '177', 'quis gravida magna mi a libero. Fusce vulputate eleifend sapien. '),
(607, 172, 'item', '3(38).jpeg', '256', '192', 'quis gravida magna mi a libero. Fusce vulputate eleifend sapien. '),
(608, 173, 'item', '22(1).jpeg', '226', '223', 'quis gravida magna mi a libero. Fusce vulputate eleifend sapien. '),
(609, 173, 'item', '4(41).jpeg', '276', '183', 'quis gravida magna mi a libero. Fusce vulputate eleifend sapien. '),
(610, 173, 'item', '4(42).jpeg', '276', '183', 'quis gravida magna mi a libero. Fusce vulputate eleifend sapien. '),
(611, 174, 'item', '11(18).jpeg', '259', '194', 'Fusce vulputate eleifend sapien. '),
(612, 174, 'item', '6(37).jpeg', '278', '181', 'Fusce vulputate eleifend sapien. '),
(613, 174, 'item', '19(5).jpeg', '260', '194', 'Fusce vulputate eleifend sapien. '),
(614, 175, 'item', '14(15).jpeg', '276', '183', 'Aenean tellus metus, bibendum sed, posuere ac, mattis non, nunc.'),
(615, 175, 'item', '13(25).jpeg', '259', '194', 'Aenean tellus metus, bibendum sed, posuere ac, mattis non, nunc.'),
(616, 175, 'item', '21(1).jpeg', '299', '168', 'Aenean tellus metus, bibendum sed, posuere ac, mattis non, nunc.'),
(617, 176, 'item', '19(6).jpeg', '190', '266', 'Aenean tellus metus, bibendum sed, posuere ac, mattis non, nunc.'),
(618, 176, 'item', '4(1).jpg', '200', '150', 'Aenean tellus metus, bibendum sed, posuere ac, mattis non, nunc.'),
(619, 177, 'item', '10(27).jpeg', '155', '192', ' Aenean tellus metus, bibendum sed, posuere ac, mattis non, nunc.'),
(620, 177, 'item', '5(32).jpeg', '184', '274', ' Aenean tellus metus, bibendum sed, posuere ac, mattis non, nunc.'),
(621, 178, 'item', '9(30).jpeg', '218', '231', 'Aenean tellus metus, bibendum sed, posuere ac, mattis non, nunc.'),
(622, 178, 'item', '7(32).jpeg', '183', '275', 'Aenean tellus metus, bibendum sed, posuere ac, mattis non, nunc.'),
(623, 179, 'item', '7(33).jpeg', '183', '275', 'Aenean tellus metus, bibendum sed, posuere ac, mattis non, nunc.'),
(624, 179, 'item', '4(2).jpg', '200', '150', 'Aenean tellus metus, bibendum sed, posuere ac, mattis non, nunc.'),
(625, 179, 'item', '20(4).jpeg', '250', '202', 'Aenean tellus metus, bibendum sed, posuere ac, mattis non, nunc.'),
(626, 180, 'item', '14(16).jpeg', '184', '160', 'Aenean tellus metus, bibendum sed, posuere ac, mattis non, nunc.'),
(627, 180, 'item', '11(19).jpeg', '258', '195', 'Aenean tellus metus, bibendum sed, posuere ac, mattis non, nunc.'),
(628, 180, 'item', '3(39).jpeg', '160', '120', 'Aenean tellus metus, bibendum sed, posuere ac, mattis non, nunc.'),
(629, 181, 'item', '2(34).jpeg', '267', '189', 'Aenean tellus metus, bibendum sed, posuere ac, mattis non, nunc.'),
(630, 181, 'item', '8(26).jpeg', '247', '204', 'Aenean tellus metus, bibendum sed, posuere ac, mattis non, nunc.'),
(631, 182, 'item', '14(17).jpeg', '183', '275', ' Aenean tellus metus, bibendum sed, posuere ac, mattis non, nunc.'),
(632, 182, 'item', '4(43).jpeg', '256', '195', ' Aenean tellus metus, bibendum sed, posuere ac, mattis non, nunc.'),
(633, 183, 'item', '10(28).jpeg', '188', '225', 'Aenean tellus metus, bibendum sed, posuere ac, mattis non, nunc.'),
(634, 183, 'item', '5(33).jpeg', '194', '259', 'Aenean tellus metus, bibendum sed, posuere ac, mattis non, nunc.'),
(635, 183, 'item', '2(35).jpeg', '267', '189', 'Aenean tellus metus, bibendum sed, posuere ac, mattis non, nunc.'),
(636, 184, 'item', '16(11).jpeg', '197', '255', 'Aenean tellus metus, bibendum sed, posuere ac, mattis non, nunc.'),
(637, 184, 'item', '7(34).jpeg', '275', '183', 'Aenean tellus metus, bibendum sed, posuere ac, mattis non, nunc.'),
(638, 184, 'item', '5(34).jpeg', '194', '259', 'Aenean tellus metus, bibendum sed, posuere ac, mattis non, nunc.'),
(639, 185, 'item', '9(31).jpeg', '193', '261', 'Aenean tellus metus, bibendum sed, posuere ac, mattis non, nunc.'),
(640, 185, 'item', '3(40).jpeg', '200', '252', 'Aenean tellus metus, bibendum sed, posuere ac, mattis non, nunc.'),
(641, 186, 'item', '14(18).jpeg', '293', '172', 'Aenean tellus metus, bibendum sed, posuere ac, mattis non, nunc.'),
(642, 186, 'item', '3(41).jpeg', '200', '252', 'Aenean tellus metus, bibendum sed, posuere ac, mattis non, nunc.'),
(643, 187, 'item', '12(22).jpeg', '183', '275', ' elit erat euismod orci, ac placerat dolor lectus quis orci. '),
(644, 187, 'item', '7(35).jpeg', '194', '260', ' elit erat euismod orci, ac placerat dolor lectus quis orci. '),
(645, 188, 'item', '11(20).jpeg', '275', '183', 'elit erat euismod orci, ac placerat dolor lectus quis orci. '),
(646, 188, 'item', '7(36).jpeg', '194', '260', 'elit erat euismod orci, ac placerat dolor lectus quis orci. '),
(647, 189, 'item', '11(21).jpeg', '214', '236', 'ac placerat dolor lectus quis orci. '),
(648, 189, 'item', '5(35).jpeg', '275', '183', 'ac placerat dolor lectus quis orci. '),
(649, 189, 'item', '3(42).jpeg', '236', '213', 'ac placerat dolor lectus quis orci. '),
(650, 190, 'item', '10(29).jpeg', '225', '225', 'ac placerat dolor lectus quis orci.'),
(651, 190, 'item', '4(44).jpeg', '263', '191', 'ac placerat dolor lectus quis orci.'),
(652, 191, 'item', '6(38).jpeg', '290', '174', ' ac placerat dolor lectus quis orci.'),
(653, 191, 'item', '11(22).jpeg', '214', '236', ' ac placerat dolor lectus quis orci.'),
(654, 192, 'item', '1(32).jpeg', '225', '225', 'ac placerat dolor lectus quis orci.'),
(655, 192, 'item', '4(45).jpeg', '250', '201', 'ac placerat dolor lectus quis orci.'),
(656, 193, 'item', '13(26).jpeg', '192', '221', 'ac placerat dolor lectus quis orci.'),
(657, 193, 'item', '5(36).jpeg', '275', '183', 'ac placerat dolor lectus quis orci.'),
(658, 194, 'item', '12(23).jpeg', '202', '249', 'euismod orci, ac placerat dolor lectus quis orci.'),
(659, 194, 'item', '4(46).jpeg', '250', '201', 'euismod orci, ac placerat dolor lectus quis orci.'),
(660, 195, 'item', '16(12).jpeg', '188', '229', ' elit erat euismod orci, ac placerat dolor lectus quis orci.'),
(661, 195, 'item', '3(43).jpeg', '225', '225', ' elit erat euismod orci, ac placerat dolor lectus quis orci.'),
(662, 196, 'item', '1(33).jpeg', '259', '194', ' elit erat euismod orci, ac placerat dolor lectus quis orci.'),
(663, 196, 'item', '2(36).jpeg', '275', '183', ' elit erat euismod orci, ac placerat dolor lectus quis orci.'),
(664, 197, 'item', '6(39).jpeg', '194', '259', 'elit erat euismod orci, ac placerat dolor lectus quis orci.'),
(665, 197, 'item', '4(47).jpeg', '275', '183', 'elit erat euismod orci, ac placerat dolor lectus quis orci.'),
(667, 198, 'item', '8(27).jpeg', '236', '214', 'elit erat euismod orci, ac placerat dolor lectus quis orci.'),
(668, 199, 'item', '7(37).jpeg', '275', '183', 'elit erat euismod orci, ac placerat dolor lectus quis orci.'),
(669, 199, 'item', '11(23).jpeg', '256', '169', 'elit erat euismod orci, ac placerat dolor lectus quis orci.'),
(670, 200, 'item', '1(34).jpeg', '263', '192', 'elit erat euismod orci, ac placerat dolor lectus quis orci.'),
(671, 200, 'item', '2(37).jpeg', '200', '252', 'elit erat euismod orci, ac placerat dolor lectus quis orci.'),
(672, 201, 'item', '20(5).jpeg', '183', '275', 'ac placerat dolor lectus quis orci.'),
(673, 201, 'item', '5(37).jpeg', '183', '275', 'ac placerat dolor lectus quis orci.'),
(674, 202, 'item', '21(2).jpeg', '225', '225', 'elit erat euismod orci, ac placerat dolor lectus quis orci. '),
(675, 202, 'item', '5(38).jpeg', '183', '275', 'elit erat euismod orci, ac placerat dolor lectus quis orci. '),
(676, 203, 'item', '17(1).jpeg', '225', '225', ' ac placerat dolor lectus quis orci. '),
(677, 203, 'item', '5(39).jpeg', '183', '275', ' ac placerat dolor lectus quis orci. '),
(678, 204, 'item', '1(35).jpeg', '265', '190', ' placerat dolor lectus quis orci. '),
(679, 204, 'item', '11(24).jpeg', '259', '194', ' placerat dolor lectus quis orci. '),
(680, 205, 'item', '6(3).jpg', '259', '194', 'In turpis. Pellentesque posuere. Praesent turpis.'),
(681, 205, 'item', '4(48).jpeg', '259', '194', 'In turpis. Pellentesque posuere. Praesent turpis.'),
(682, 206, 'item', '13(27).jpeg', '193', '261', 'In turpis. Pellentesque posuere. Praesent turpis.'),
(683, 206, 'item', '4(49).jpeg', '259', '194', 'In turpis. Pellentesque posuere. Praesent turpis.'),
(685, 208, 'item', '18(3).jpeg', '225', '225', ' In turpis. Pellentesque posuere. Praesent turpis.'),
(686, 208, 'item', '5(40).jpeg', '272', '185', ' In turpis. Pellentesque posuere. Praesent turpis.'),
(687, 209, 'item', '11(25).jpeg', '188', '188', 'volutpat nibh, nec pellentesque velit pede quis nunc. '),
(688, 209, 'item', '7(38).jpeg', '188', '268', 'volutpat nibh, nec pellentesque velit pede quis nunc. '),
(690, 210, 'item', '6(40).jpeg', '217', '232', 'nec pellentesque velit pede quis nunc. '),
(691, 211, 'item', '14(19).jpeg', '255', '197', 'et netus et malesuada fames ac turpis egestas.'),
(692, 211, 'item', '6(41).jpeg', '217', '232', 'et netus et malesuada fames ac turpis egestas.'),
(693, 212, 'item', '3(44).jpeg', '225', '225', ' et malesuada fames ac turpis egestas.'),
(694, 212, 'item', '10(30).jpeg', '275', '183', ' et malesuada fames ac turpis egestas.'),
(695, 213, 'item', '11(26).jpeg', '200', '200', 'et malesuada fames ac turpis egestas.'),
(696, 214, 'item', '17(2).jpeg', '183', '275', 'senectus et netus et malesuada fames ac turpis egestas.'),
(697, 215, 'item', '8(28).jpeg', '236', '214', 'Pellentesque habitant morbi tristique senectus et netus et malesuada fames ac turpis egestas.'),
(698, 216, 'item', '12(24).jpeg', '259', '194', 'et malesuada fames ac turpis egestas.'),
(699, 217, 'item', '6(42).jpeg', '194', '259', 'senectus et netus et malesuada fames ac turpis egestas.'),
(700, 218, 'item', '4(3).jpg', '615', '450', 'senectus et netus et malesuada fames ac turpis egestas.'),
(701, 219, 'item', '21(3).jpeg', '225', '225', 'et netus et malesuada fames ac turpis egestas.'),
(702, 220, 'item', '11(27).jpeg', '196', '257', 'senectus et netus et malesuada fames ac turpis egestas.'),
(703, 221, 'item', '3(45).jpeg', '207', '155', 'senectus et netus et malesuada fames ac turpis egestas.'),
(704, 221, 'item', '13(28).jpeg', '193', '261', 'senectus et netus et malesuada fames ac turpis egestas.'),
(705, 222, 'item', '10(31).jpeg', '275', '183', 'senectus et netus et malesuada fames ac turpis egestas.'),
(706, 222, 'item', '15(8).jpeg', '299', '168', 'senectus et netus et malesuada fames ac turpis egestas.'),
(707, 223, 'item', '13(29).jpeg', '193', '261', 'senectus et netus et malesuada fames ac turpis egestas.'),
(708, 224, 'item', '7(39).jpeg', '188', '268', 'senectus et netus et malesuada fames ac turpis egestas.'),
(709, 225, 'item', '17(3).jpeg', '259', '194', 'senectus et netus et malesuada fames ac turpis egestas.'),
(710, 226, 'item', '11(28).jpeg', '188', '188', 'senectus et netus et malesuada fames ac turpis egestas.'),
(714, 1, 'category', '2.jpeg', '259', '194', 'Lorem ipsum dolor sit amet, consectetuer adipiscing elit. Aenean commodo ligula eget dolor.'),
(715, 1, 'sub_category', '4(1).jpeg', '225', '225', 'Lorem ipsum dolor sit amet, consectetuer adipiscing elit. Aenean commodo ligula eget dolor.'),
(716, 1, 'item', '5(1).jpeg', '225', '225', 'Lorem ipsum dolor sit amet, consectetuer adipiscing elit. Aenean commodo ligula eget dolor.'),
(717, 1, 'item', '13(1).jpeg', '292', '173', 'Lorem ipsum dolor sit amet, consectetuer adipiscing elit. Aenean commodo ligula eget dolor.'),
(718, 1, 'item', '9(1).jpeg', '225', '225', 'Lorem ipsum dolor sit amet, consectetuer adipiscing elit. Aenean commodo ligula eget dolor.'),
(719, 1, 'feed', '14(1)(1).jpeg', '264', '191', 'Donec pede justo, fringilla vel, aliquet nec, vulputate eget, arcu.'),
(720, 1, 'feed', '5(1)(1).jpeg', '225', '225', 'Donec pede justo, fringilla vel, aliquet nec, vulputate eget, arcu.'),
(721, 1, 'feed', '6(1)(1).jpeg', '225', '225', 'Donec pede justo, fringilla vel, aliquet nec, vulputate eget, arcu.'),
(722, 2, 'feed', '15(1)(1).jpeg', '225', '225', 'Nulla consequat massa quis enim. '),
(723, 2, 'feed', '9(1)(1).jpeg', '225', '225', 'Nulla consequat massa quis enim. '),
(724, 2, 'feed', '14(1)(1)(1).jpeg', '230', '219', 'Nulla consequat massa quis enim. '),
(725, 3, 'feed', '11(1)(1).jpeg', '225', '225', ' Nulla consequat massa quis enim. '),
(726, 3, 'feed', '15(1)(1)(1).jpeg', '246', '205', ' Nulla consequat massa quis enim. '),
(727, 4, 'feed', '11(1)(1)(1).jpeg', '225', '225', 'Nulla consequat massa quis enim. '),
(728, 4, 'feed', '9(1)(1)(1).jpeg', '259', '194', 'Nulla consequat massa quis enim. '),
(729, 5, 'feed', '14(1)(1)(1)(1).jpeg', '230', '219', 'Nulla consequat massa quis enim. '),
(730, 5, 'feed', '7(1)(1).jpeg', '218', '231', 'Nulla consequat massa quis enim. '),
(731, 6, 'feed', '71a-tn(1)(1).jpg', '300', '203', 'Aenean posuere, tortor sed cursus feugiat'),
(732, 6, 'feed', 'P1150695-f(1)(1).jpg', '300', '193', 'Aenean posuere, tortor sed cursus feugiat'),
(733, 7, 'feed', '14(1)(1)(1)(1)(1).jpeg', '179', '282', 'nec pellentesque velit pede quis nunc.'),
(734, 7, 'feed', '8(1)(1).jpeg', '262', '193', 'nec pellentesque velit pede quis nunc.'),
(735, 8, 'feed', '14(1)(1)(1)(1)(1)(1).jpeg', '293', '172', 'nec pellentesque velit pede quis nunc.'),
(736, 8, 'feed', '8(1)(1)(1).jpeg', '227', '222', 'nec pellentesque velit pede quis nunc.'),
(737, 9, 'feed', '16(1)(1).jpeg', '259', '194', 'Nullam sagittis. Suspendisse pulvinar'),
(738, 9, 'feed', '7(1)(1)(1).jpeg', '275', '183', 'Nullam sagittis. Suspendisse pulvinar'),
(739, 10, 'feed', '13(1)(1).jpeg', '193', '261', 'nec pellentesque velit pede quis nunc.'),
(740, 10, 'feed', '13(1)(1)(1).jpeg', '266', '190', 'nec pellentesque velit pede quis nunc.'),
(741, 131, 'item', 'b(1).jpg', '300', '199', 'Etiam imperdiet imperdiet orci.'),
(742, 131, 'item', 'a(1)(1).jpg', '300', '184', 'Etiam imperdiet imperdiet orci.'),
(743, 129, 'item', 'b(1)(1).jpg', '300', '199', 'Vestibulum fringilla pede sit amet augue.'),
(744, 207, 'item', '4(1)(1).jpeg', '259', '194', 'In turpis. Pellentesque posuere.'),
(745, 207, 'item', '9(1)(1)(1)(1).jpeg', '256', '169', 'In turpis. Pellentesque posuere.'),
(746, 210, 'item', '17(1)(1).jpeg', '259', '194', 'nec pellentesque velit pede quis nunc. '),
(749, 2, 'shop', 'restaurant_cover4.jpeg', '600', '400', 'Lorem ipsum dolor sit amet, consectetuer adipiscing elit1. '),
(750, 3, 'shop', 'ps_fashion_shop.png', '600', '400', 'Vestibulum fringilla pede sit amet augue'),
(751, 13, 'category', '103.jpeg', '225', '225', ''),
(752, 14, 'category', '38.jpeg', '199', '254', ''),
(753, 15, 'category', '116.jpeg', '225', '225', ''),
(754, 16, 'category', '62.jpeg', '225', '225', ''),
(755, 17, 'category', '53.jpeg', '225', '225', ''),
(756, 18, 'category', '104.jpeg', '200', '200', ''),
(757, 19, 'category', '12.jpeg', '268', '188', ''),
(758, 54, 'sub_category', '117.jpeg', '259', '194', ''),
(759, 55, 'sub_category', '123.jpeg', '275', '183', ''),
(760, 56, 'sub_category', '118.jpeg', '182', '276', ''),
(761, 57, 'sub_category', '151.jpeg', '225', '225', ''),
(762, 58, 'sub_category', '231.jpeg', '225', '225', ''),
(763, 59, 'sub_category', '10.jpg', '464', '580', ''),
(764, 60, 'sub_category', '25.jpeg', '201', '251', ''),
(765, 61, 'sub_category', '84.jpeg', '203', '248', ''),
(766, 62, 'sub_category', '101.jpg', '225', '225', ''),
(767, 63, 'sub_category', '119.jpeg', '225', '225', ''),
(768, 64, 'sub_category', '51.jpg', '428', '321', ''),
(769, 65, 'sub_category', '1110.jpeg', '225', '225', ''),
(770, 66, 'sub_category', '12.jpg', '300', '300', ''),
(771, 67, 'sub_category', '39.jpeg', '259', '194', ''),
(772, 68, 'sub_category', '161.jpeg', '225', '225', ''),
(773, 69, 'sub_category', '134.jpeg', '225', '225', ''),
(774, 70, 'sub_category', '21.jpg', '738', '640', ''),
(775, 71, 'sub_category', '135.jpeg', '225', '225', ''),
(776, 72, 'sub_category', '85.jpeg', '243', '208', ''),
(777, 73, 'sub_category', '63.jpeg', '304', '166', ''),
(778, 74, 'sub_category', '73.jpeg', '225', '225', ''),
(779, 75, 'sub_category', '124.jpeg', '245', '206', ''),
(780, 76, 'sub_category', '120.jpeg', '225', '225', ''),
(781, 77, 'sub_category', '91.jpeg', '225', '225', ''),
(782, 78, 'sub_category', '141.jpeg', '203', '248', ''),
(783, 79, 'sub_category', '105.jpeg', '225', '225', ''),
(784, 80, 'sub_category', '47.jpeg', '284', '178', ''),
(785, 81, 'sub_category', '26.jpeg', '225', '225', ''),
(786, 227, 'item', '3(1)(1).jpeg', '275', '183', 'Pellentesque habitant morbi tristique senectus'),
(787, 227, 'item', '2(1)(1).jpeg', '231', '218', 'Pellentesque habitant morbi tristique senectus'),
(788, 227, 'item', '1(1).jpeg', '259', '194', 'Pellentesque habitant morbi tristique senectus'),
(789, 228, 'item', '5(1)(1)(1).jpeg', '256', '197', 'senectus et netus et malesuada fames ac turpis egestas.'),
(790, 228, 'item', '9(1)(1)(1)(1)(1).jpeg', '225', '225', 'senectus et netus et malesuada fames ac turpis egestas.'),
(791, 228, 'item', '3(1)(1)(1).jpeg', '275', '183', 'senectus et netus et malesuada fames ac turpis egestas.'),
(792, 229, 'item', '16(1)(1)(1).jpeg', '225', '225', ' nec pellentesque velit pede quis nunc.'),
(793, 229, 'item', '15(1)(1)(1)(1).jpeg', '225', '225', ' nec pellentesque velit pede quis nunc.'),
(794, 229, 'item', '13.jpg', '600', '600', ' nec pellentesque velit pede quis nunc.'),
(795, 230, 'item', '10(1)(1).jpeg', '225', '225', 'Aenean tellus metus, bibendum sed,'),
(796, 230, 'item', '12(1)(1).jpeg', '225', '225', 'Aenean tellus metus, bibendum sed,'),
(797, 230, 'item', '14(1)(1)(1)(1)(1)(1)(1).jpeg', '225', '225', 'Aenean tellus metus, bibendum sed,'),
(798, 231, 'item', '8(1)(1)(1)(1).jpeg', '276', '183', 'Aenean posuere, tortor sed cursus feugiat,'),
(799, 231, 'item', '10(1)(1)(1).jpeg', '225', '225', 'Aenean posuere, tortor sed cursus feugiat,'),
(800, 231, 'item', '16(1)(1)(1)(1).jpeg', '225', '225', 'Aenean posuere, tortor sed cursus feugiat,'),
(801, 232, 'item', '1(1)(1).jpeg', '200', '200', 'Vestibulum fringilla pede sit amet augue. '),
(802, 232, 'item', '2(1)(1)(1).jpeg', '225', '225', 'Vestibulum fringilla pede sit amet augue. '),
(803, 232, 'item', '3(1)(1)(1)(1).jpeg', '225', '225', 'Vestibulum fringilla pede sit amet augue. '),
(804, 233, 'item', '5(1)(1)(1)(1).jpeg', '225', '225', 'Vestibulum fringilla pede sit amet augue.'),
(805, 233, 'item', '4(1)(1).jpg', '319', '319', 'Vestibulum fringilla pede sit amet augue.'),
(806, 233, 'item', '1(1)(1)(1).jpeg', '200', '200', 'Vestibulum fringilla pede sit amet augue.'),
(807, 234, 'item', '3(1)(1)(1)(1)(1).jpeg', '225', '225', 'ac placerat dolor lectus quis orci. '),
(808, 234, 'item', '5(1)(1)(1)(1)(1).jpeg', '225', '225', 'ac placerat dolor lectus quis orci. '),
(809, 234, 'item', '4(1)(1)(1).jpg', '319', '319', 'ac placerat dolor lectus quis orci. '),
(810, 235, 'item', '8(1)(1).jpg', '600', '600', 'ac placerat dolor lectus quis orci'),
(811, 235, 'item', '10(1)(1)(1)(1).jpeg', '225', '225', 'ac placerat dolor lectus quis orci'),
(812, 235, 'item', '7(1)(1)(1)(1).jpeg', '224', '225', 'ac placerat dolor lectus quis orci'),
(813, 236, 'item', '14(1)(1)(1)(1)(1)(1)(1)(1).jpeg', '225', '225', 'ac placerat dolor lectus quis orci. '),
(814, 236, 'item', '12(1)(1)(1).jpeg', '275', '183', 'ac placerat dolor lectus quis orci. '),
(815, 236, 'item', '9(1)(1)(1)(1)(1)(1).jpeg', '225', '225', 'ac placerat dolor lectus quis orci. '),
(816, 237, 'item', '13(1)(1)(1)(1).jpeg', '194', '259', 'ac placerat dolor lectus quis orci. '),
(817, 237, 'item', '9(1)(1)(1)(1)(1)(1)(1).jpeg', '225', '225', 'ac placerat dolor lectus quis orci. '),
(818, 237, 'item', '4(1)(1)(1)(1).jpg', '319', '319', 'ac placerat dolor lectus quis orci. '),
(819, 238, 'item', '1(1)(1)(1)(1).jpeg', '194', '259', 'ac placerat dolor lectus quis orci. '),
(820, 238, 'item', '2(1)(1)(1)(1).jpeg', '148', '224', 'ac placerat dolor lectus quis orci. '),
(821, 238, 'item', '3(1)(1)(1)(1)(1)(1).jpeg', '182', '276', 'ac placerat dolor lectus quis orci. '),
(822, 239, 'item', '2(1)(1)(1)(1)(1).jpeg', '148', '224', 'congue, elit erat euismod orci'),
(823, 239, 'item', '3(1)(1)(1)(1)(1)(1)(1).jpeg', '182', '276', 'congue, elit erat euismod orci'),
(824, 239, 'item', '4(1)(1)(1).jpeg', '225', '225', 'congue, elit erat euismod orci'),
(825, 240, 'item', '6(1)(1)(1).jpeg', '225', '225', 'ac placerat dolor lectus quis orci. '),
(826, 240, 'item', '5(1)(1)(1)(1)(1)(1).jpeg', '230', '219', 'ac placerat dolor lectus quis orci. '),
(827, 240, 'item', '4(1)(1)(1)(1).jpeg', '225', '225', 'ac placerat dolor lectus quis orci. '),
(828, 241, 'item', '9(1)(1)(1)(1)(1)(1)(1)(1).jpeg', '265', '190', 'ac placerat dolor lectus quis orci. '),
(829, 241, 'item', '5(1)(1)(1)(1)(1)(1)(1).jpeg', '230', '219', 'ac placerat dolor lectus quis orci. '),
(830, 241, 'item', '1(1)(1)(1)(1)(1).jpeg', '194', '259', 'ac placerat dolor lectus quis orci. '),
(831, 242, 'item', '14(1)(1)(1)(1)(1)(1)(1)(1)(1).jpeg', '225', '225', 'ac placerat dolor lectus quis orci. '),
(832, 242, 'item', '12(1)(1)(1)(1).jpeg', '191', '264', 'ac placerat dolor lectus quis orci. '),
(833, 242, 'item', '9(1)(1)(1)(1)(1)(1)(1)(1)(1).jpeg', '265', '190', 'ac placerat dolor lectus quis orci. '),
(834, 243, 'item', '13(1)(1)(1)(1)(1).jpeg', '273', '185', 'ac placerat dolor lectus quis orci. '),
(835, 243, 'item', '12(1)(1)(1)(1)(1).jpeg', '273', '185', 'ac placerat dolor lectus quis orci. '),
(836, 243, 'item', '20(1)(1).jpeg', '73', '267', 'ac placerat dolor lectus quis orci. '),
(837, 244, 'item', '14(1)(1)(1)(1)(1)(1)(1)(1)(1)(1).jpeg', '264', '191', 'ac placerat dolor lectus quis orci. '),
(838, 244, 'item', '12(1)(1)(1)(1)(1)(1).jpeg', '273', '185', 'ac placerat dolor lectus quis orci. '),
(839, 245, 'item', '16(1)(1)(1)(1)(1).jpeg', '259', '194', 'ac placerat dolor lectus quis orci. '),
(840, 245, 'item', '12(1)(1)(1)(1)(1)(1)(1).jpeg', '273', '185', 'ac placerat dolor lectus quis orci. '),
(841, 245, 'item', '18(1)(1).jpeg', '275', '183', 'ac placerat dolor lectus quis orci. '),
(842, 246, 'item', '22(1)(1).jpeg', '225', '225', 'nonummy id, imperdiet feugiat, pede.'),
(843, 246, 'item', '24(1).jpeg', '225', '225', 'nonummy id, imperdiet feugiat, pede.'),
(844, 247, 'item', '21(1)(1).jpeg', '225', '225', 'imperdiet feugiat, pede.'),
(845, 247, 'item', '23(1).jpeg', '225', '225', 'imperdiet feugiat, pede.'),
(846, 247, 'item', '24(1)(1).jpeg', '225', '225', 'imperdiet feugiat, pede.'),
(847, 248, 'item', '20(1)(1)(1).jpeg', '225', '225', 'Nullam nulla eros, ultricies sit amet'),
(848, 248, 'item', '22(1)(1)(1).jpeg', '225', '225', 'Nullam nulla eros, ultricies sit amet'),
(849, 248, 'item', '24(1)(1)(1).jpeg', '225', '225', 'Nullam nulla eros, ultricies sit amet'),
(850, 249, 'item', '17(1)(1)(1).jpeg', '225', '225', 'imperdiet feugiat, pede.'),
(851, 249, 'item', '18(1)(1)(1).jpeg', '144', '144', 'imperdiet feugiat, pede.'),
(852, 250, 'item', '18(1)(1)(1)(1).jpeg', '144', '144', 'mperdiet feugiat, pede.'),
(853, 250, 'item', '20(1)(1)(1)(1).jpeg', '225', '225', 'mperdiet feugiat, pede.'),
(854, 251, 'item', '1(1)(1)(1)(1)(1)(1).jpeg', '225', '225', 'Aenean ut eros et nisl sagittis vestibulum.'),
(855, 251, 'item', '2(1)(1)(1)(1)(1)(1).jpeg', '225', '225', 'Aenean ut eros et nisl sagittis vestibulum.'),
(856, 251, 'item', '3(1)(1)(1)(1)(1)(1)(1)(1).jpeg', '225', '225', 'Aenean ut eros et nisl sagittis vestibulum.'),
(857, 252, 'item', '2(1)(1)(1)(1)(1)(1)(1).jpeg', '225', '225', 'Nullam nulla eros, ultricies sit amet'),
(858, 252, 'item', '1(1)(1)(1)(1)(1)(1)(1).jpeg', '225', '225', 'Nullam nulla eros, ultricies sit amet'),
(859, 253, 'item', '4(1)(1)(1)(1)(1).jpeg', '225', '225', 'vestibulum. Nullam nulla eros'),
(860, 253, 'item', '5(1)(1)(1)(1)(1)(1)(1)(1).jpeg', '250', '202', 'vestibulum. Nullam nulla eros'),
(861, 254, 'item', '6(1)(1)(1)(1).jpeg', '225', '225', 'Nunc nonummy metus. '),
(862, 254, 'item', '7(1)(1)(1)(1)(1).jpeg', '225', '225', 'Nunc nonummy metus. '),
(863, 255, 'item', '10(1).jpg', '235', '235', 'Nullam nulla eros, ultricies sit '),
(864, 255, 'item', '12(1)(1)(1)(1)(1)(1)(1)(1).jpeg', '275', '183', 'Nullam nulla eros, ultricies sit '),
(865, 256, 'item', '7(1)(1)(1)(1)(1)(1).jpeg', '215', '234', 'imperdiet feugiat, pede.'),
(866, 256, 'item', '5(1)(1)(1)(1)(1)(1)(1)(1)(1).jpeg', '255', '197', 'imperdiet feugiat, pede.'),
(867, 257, 'item', '13(1)(1)(1)(1)(1)(1).jpeg', '184', '272', 'Nullam nulla eros'),
(868, 257, 'item', '6(1)(1)(1)(1)(1).jpeg', '225', '225', 'Nullam nulla eros'),
(869, 258, 'item', '3(1)(1)(1)(1)(1)(1)(1)(1)(1).jpeg', '183', '275', 'Nam pretium turpis et arcu'),
(870, 258, 'item', '10(1)(1).jpg', '235', '235', 'Nam pretium turpis et arcu'),
(871, 259, 'item', '4(1)(1)(1)(1)(1).jpg', '2667', '2000', 'imperdiet feugiat, pede.'),
(872, 259, 'item', '8(1)(1)(1)(1)(1).jpeg', '262', '192', 'imperdiet feugiat, pede.'),
(873, 260, 'item', '1(1)(1)(1)(1)(1)(1)(1)(1).jpeg', '225', '300', 'Nam pretium turpis et arcu.'),
(874, 260, 'item', '2(1)(1).jpg', '640', '480', 'Nam pretium turpis et arcu.'),
(875, 261, 'item', '2(1)(1)(1).jpg', '640', '480', 'Nunc nonummy metus. '),
(876, 261, 'item', '1(1)(1)(1)(1)(1)(1)(1)(1)(1).jpeg', '225', '300', 'Nunc nonummy metus. '),
(877, 262, 'item', '3(1)(1)(1)(1)(1)(1)(1)(1)(1)(1).jpeg', '180', '240', 'Nam pretium turpis et arcu.'),
(878, 262, 'item', '2(1)(1)(1)(1).jpg', '640', '480', 'Nam pretium turpis et arcu.'),
(879, 263, 'item', '4(1)(1)(1)(1)(1)(1).jpeg', '259', '194', 'Nam pretium turpis et arcu. '),
(880, 263, 'item', '5(1)(1).jpg', '428', '321', 'Nam pretium turpis et arcu. '),
(881, 264, 'item', '7(1).jpg', '320', '240', 'Aenean ut eros et nisl sagittis vestibulum. '),
(882, 264, 'item', '8(1)(1)(1)(1)(1)(1).jpeg', '256', '192', 'Aenean ut eros et nisl sagittis vestibulum. '),
(883, 265, 'item', '9(1)(1)(1)(1)(1)(1)(1)(1)(1)(1).jpeg', '300', '180', 'Aenean ut eros et nisl sagittis vestibulum. '),
(884, 265, 'item', '6(1)(1)(1)(1)(1)(1).jpeg', '194', '260', 'Aenean ut eros et nisl sagittis vestibulum. '),
(885, 266, 'item', '3(1)(1)(1)(1)(1)(1)(1)(1)(1)(1)(1).jpeg', '183', '275', 'Aenean ut eros et nisl sagittis vestibulum. '),
(886, 266, 'item', '1(1)(1).jpg', '300', '300', 'Aenean ut eros et nisl sagittis vestibulum. '),
(887, 267, 'item', '6(1)(1)(1)(1)(1)(1)(1).jpeg', '225', '225', 'Nam pretium turpis et arcu.'),
(888, 267, 'item', '7(1)(1)(1)(1)(1)(1)(1).jpeg', '215', '234', 'Nam pretium turpis et arcu.'),
(889, 268, 'item', '11(1)(1)(1)(1).jpeg', '225', '225', 'ultricies sit amet, nonummy id, imperdiet feugiat, pede.'),
(890, 268, 'item', '15(1)(1)(1)(1)(1).jpeg', '290', '174', 'ultricies sit amet, nonummy id, imperdiet feugiat, pede.'),
(891, 269, 'item', '10(1)(1)(1)(1)(1).jpeg', '275', '183', 'Nam pretium turpis et arcu.'),
(892, 269, 'item', '9(1)(1)(1)(1)(1)(1)(1)(1)(1)(1)(1).jpeg', '248', '203', 'Nam pretium turpis et arcu.'),
(893, 270, 'item', '9(1)(1)(1)(1)(1)(1)(1)(1)(1)(1)(1)(1).jpeg', '225', '225', 'Nam pretium turpis et arcu. '),
(894, 270, 'item', '9(1)(1)(1)(1)(1)(1)(1)(1)(1)(1)(1)(1)(1).jpeg', '190', '265', 'Nam pretium turpis et arcu. '),
(895, 271, 'item', '2(1)(1)(1)(1)(1)(1)(1)(1).jpeg', '275', '183', 'Nullam nulla eros, ultricies sit '),
(896, 271, 'item', '3(1)(1).jpg', '800', '600', 'Nullam nulla eros, ultricies sit '),
(897, 272, 'item', '4(1)(1)(1)(1)(1)(1).jpg', '1440', '936', 'Nam pretium turpis et arcu.'),
(898, 272, 'item', '3(1)(1)(1).jpg', '800', '600', 'Nam pretium turpis et arcu.'),
(899, 273, 'item', '5(1)(1)(1).jpg', '850', '1269', 'Nam pretium turpis et arcu.'),
(900, 273, 'item', '6(1)(1).jpg', '600', '340', 'Nam pretium turpis et arcu.'),
(901, 274, 'item', '7(1)(1)(1)(1)(1)(1)(1)(1).jpeg', '222', '227', 'Nam pretium turpis et arcu. '),
(902, 274, 'item', '8(1)(1)(1).jpg', '260', '260', 'Nam pretium turpis et arcu. '),
(903, 275, 'item', '8(1)(1)(1)(1).jpg', '260', '260', 'Nam pretium turpis et arcu. '),
(904, 275, 'item', '9(1)(1)(1)(1)(1)(1)(1)(1)(1)(1)(1)(1)(1)(1).jpeg', '225', '225', 'Nam pretium turpis et arcu. \r\n'),
(905, 276, 'item', '3(1)(1)(1)(1)(1)(1)(1)(1)(1)(1)(1)(1).jpeg', '259', '194', 'Lorem ipsum dolor sit amet, consectetuer'),
(906, 276, 'item', '1(1)(1)(1)(1)(1)(1)(1)(1)(1)(1).jpeg', '225', '224', 'Lorem ipsum dolor sit amet, consectetuer'),
(907, 277, 'item', '5(1)(1)(1)(1)(1)(1)(1)(1)(1)(1).jpeg', '187', '230', 'Lorem ipsum dolor sit amet'),
(908, 277, 'item', '1(1)(1)(1)(1)(1)(1)(1)(1)(1)(1)(1).jpeg', '225', '224', 'Lorem ipsum dolor sit amet'),
(909, 278, 'item', '7(1)(1)(1)(1)(1)(1)(1)(1)(1).jpeg', '238', '211', 'Lorem ipsum dolor sit amet'),
(910, 278, 'item', '10(1)(1)(1)(1)(1)(1).jpeg', '203', '248', 'Lorem ipsum dolor sit amet'),
(911, 279, 'item', '12(1)(1)(1)(1)(1)(1)(1)(1)(1).jpeg', '198', '254', 'Lorem ipsum dolor sit amet'),
(912, 279, 'item', '13(1)(1)(1)(1)(1)(1)(1).jpeg', '225', '225', 'Lorem ipsum dolor sit amet'),
(913, 280, 'item', '11(1)(1)(1)(1)(1).jpeg', '225', '225', 'Lorem ipsum dolor sit amet'),
(914, 280, 'item', '6(1)(1)(1)(1)(1)(1)(1)(1).jpeg', '225', '225', 'Lorem ipsum dolor sit amet'),
(915, 281, 'item', '1(1)(1)(1).jpg', '170', '198', ' In enim justo, rhoncus ut, imperdiet a'),
(916, 281, 'item', '2(1)(1)(1)(1)(1)(1)(1)(1)(1).jpeg', '100', '160', ' In enim justo, rhoncus ut, imperdiet a'),
(917, 282, 'item', '3(1)(1)(1)(1)(1)(1)(1)(1)(1)(1)(1)(1)(1).jpeg', '225', '225', 'Lorem ipsum dolor sit amet'),
(918, 282, 'item', '1(1)(1)(1)(1).jpg', '170', '198', 'Lorem ipsum dolor sit amet'),
(919, 283, 'item', '5(1)(1)(1)(1).jpg', '152', '205', 'Aenean massa.'),
(920, 283, 'item', '3(1)(1)(1)(1)(1)(1)(1)(1)(1)(1)(1)(1)(1)(1).jpeg', '225', '225', 'Aenean massa.'),
(921, 284, 'item', '7(1)(1)(1)(1)(1)(1)(1)(1)(1)(1).jpeg', '201', '251', 'Cum sociis natoque penatibus et magnis dis parturient montes'),
(922, 284, 'item', '8(1)(1)(1)(1)(1)(1)(1).jpeg', '201', '251', 'Cum sociis natoque penatibus et magnis dis parturient montes'),
(923, 285, 'item', '12(1)(1)(1)(1)(1)(1)(1)(1)(1)(1).jpeg', '211', '239', 'In enim justo, rhoncus ut, imperdiet a, venenatis vitae, justo.'),
(924, 285, 'item', '13(1)(1)(1)(1)(1)(1)(1)(1).jpeg', '225', '225', 'In enim justo, rhoncus ut, imperdiet a, venenatis vitae, justo.'),
(925, 286, 'item', '6(1)(1)(1)(1)(1)(1)(1)(1)(1).jpeg', '216', '216', 'aliquet nec, vulputate eget, arcu.'),
(926, 286, 'item', '3(1)(1)(1)(1)(1)(1)(1)(1)(1)(1)(1)(1)(1)(1)(1).jpeg', '225', '225', 'aliquet nec, vulputate eget, arcu.'),
(927, 287, 'item', '14(1).jpg', '228', '270', 'Lorem ipsum dolor sit amet, consectetuer adipiscing elit.'),
(928, 287, 'item', '12(1)(1)(1)(1)(1)(1)(1)(1)(1)(1)(1).jpeg', '211', '239', 'Lorem ipsum dolor sit amet, consectetuer adipiscing elit.'),
(929, 288, 'item', '15(1)(1)(1)(1)(1)(1).jpeg', '223', '226', 'Lorem ipsum dolor sit amet, consectetuer adipiscing elit. '),
(930, 288, 'item', '9(1)(1)(1)(1)(1)(1)(1)(1)(1)(1)(1)(1)(1)(1)(1).jpeg', '228', '221', 'Lorem ipsum dolor sit amet, consectetuer adipiscing elit. '),
(931, 289, 'item', '13(1)(1)(1)(1)(1)(1)(1)(1)(1).jpeg', '225', '225', ' In enim justo, rhoncus ut, imperdiet a, venenatis vitae, justo.'),
(932, 289, 'item', '7(1)(1)(1)(1)(1)(1)(1)(1)(1)(1)(1).jpeg', '201', '251', ' In enim justo, rhoncus ut, imperdiet a, venenatis vitae, justo.'),
(933, 290, 'item', '1(1)(1)(1)(1)(1)(1)(1)(1)(1)(1)(1)(1).jpeg', '259', '194', 'Lorem ipsum dolor sit amet, consectetuer adipiscing elit. '),
(934, 290, 'item', '2(1)(1)(1)(1)(1).jpg', '738', '640', 'Lorem ipsum dolor sit amet, consectetuer adipiscing elit. '),
(935, 291, 'item', '3(1)(1)(1)(1)(1)(1)(1)(1)(1)(1)(1)(1)(1)(1)(1)(1).jpeg', '225', '225', 'imperdiet a, venenatis vitae, justo.'),
(936, 291, 'item', '2(1)(1)(1)(1)(1)(1).jpg', '738', '640', 'imperdiet a, venenatis vitae, justo.'),
(937, 292, 'item', '7(1)(1)(1)(1)(1)(1)(1)(1)(1)(1)(1)(1).jpeg', '225', '225', 'Lorem ipsum dolor sit amet, consectetuer adipiscing elit.'),
(938, 292, 'item', '4(1)(1)(1)(1)(1)(1)(1).jpeg', '225', '225', 'Lorem ipsum dolor sit amet, consectetuer adipiscing elit.'),
(939, 293, 'item', '11(1)(1)(1)(1)(1)(1).jpeg', '225', '225', 'Lorem ipsum dolor sit amet, consectetuer adipiscing elit. '),
(940, 293, 'item', '9(1)(1)(1)(1)(1)(1)(1)(1)(1)(1)(1)(1)(1)(1)(1)(1).jpeg', '225', '225', 'Lorem ipsum dolor sit amet, consectetuer adipiscing elit. '),
(941, 294, 'item', '12(1)(1)(1)(1)(1)(1)(1)(1)(1)(1)(1)(1).jpeg', '276', '183', 'Lorem ipsum dolor sit amet, consectetuer adipiscing elit. '),
(942, 294, 'item', '14(1)(1).jpg', '800', '800', 'Lorem ipsum dolor sit amet, consectetuer adipiscing elit. '),
(943, 295, 'item', '15(1)(1)(1)(1)(1)(1)(1).jpeg', '225', '225', 'Lorem ipsum dolor sit amet, consectetuer adipiscing elit. '),
(944, 295, 'item', '5(1)(1)(1)(1)(1)(1)(1)(1)(1)(1)(1).jpeg', '225', '225', 'Lorem ipsum dolor sit amet, consectetuer adipiscing elit. '),
(945, 296, 'item', '1(1)(1)(1)(1)(1)(1)(1)(1)(1)(1)(1)(1)(1).jpeg', '297', '170', 'Lorem ipsum dolor sit amet, consectetuer adipiscing elit. '),
(946, 296, 'item', '2(1)(1)(1)(1)(1)(1)(1)(1)(1)(1).jpeg', '252', '200', 'Lorem ipsum dolor sit amet, consectetuer adipiscing elit. '),
(947, 297, 'item', '3(1)(1)(1)(1)(1)(1)(1)(1)(1)(1)(1)(1)(1)(1)(1)(1)(1).jpeg', '300', '168', 'Lorem ipsum dolor sit amet, consectetuer adipiscing elit. '),
(948, 297, 'item', '2(1)(1)(1)(1)(1)(1)(1)(1)(1)(1)(1).jpeg', '252', '200', 'Lorem ipsum dolor sit amet, consectetuer adipiscing elit. '),
(949, 298, 'item', '6(1)(1)(1)(1)(1)(1)(1)(1)(1)(1).jpeg', '253', '199', 'In enim justo, rhoncus ut, imperdiet a, venenatis vitae, justo.'),
(950, 298, 'item', '5(1)(1)(1)(1)(1)(1)(1)(1)(1)(1)(1)(1).jpeg', '225', '225', 'In enim justo, rhoncus ut, imperdiet a, venenatis vitae, justo.'),
(951, 299, 'item', '7(1)(1).jpg', '450', '450', 'Lorem ipsum dolor sit amet, consectetuer adipiscing elit. '),
(952, 299, 'item', '5(1)(1)(1)(1)(1)(1)(1)(1)(1)(1)(1)(1)(1).jpeg', '225', '225', 'Lorem ipsum dolor sit amet, consectetuer adipiscing elit. '),
(953, 300, 'item', '11(1)(1)(1)(1)(1)(1)(1).jpeg', '187', '270', 'In enim justo, rhoncus ut, imperdiet a, venenatis vitae, justo.'),
(954, 300, 'item', '15(1)(1)(1)(1)(1)(1)(1)(1).jpeg', '187', '270', 'In enim justo, rhoncus ut, imperdiet a, venenatis vitae, justo.'),
(955, 301, 'item', '17(1)(1)(1)(1).jpeg', '187', '270', 'Lorem ipsum dolor sit amet, consectetuer adipiscing elit. '),
(956, 301, 'item', '10(1)(1)(1)(1)(1)(1)(1).jpeg', '289', '174', 'Lorem ipsum dolor sit amet, consectetuer adipiscing elit. '),
(957, 302, 'item', '1(1)(1)(1)(1)(1)(1)(1)(1)(1)(1)(1)(1)(1)(1).jpeg', '275', '183', ' In enim justo, rhoncus ut, imperdiet a, venenatis vitae, justo.'),
(958, 302, 'item', '2(1)(1)(1)(1)(1)(1)(1)(1)(1)(1)(1)(1).jpeg', '326', '155', ' In enim justo, rhoncus ut, imperdiet a, venenatis vitae, justo.'),
(959, 303, 'item', '10(1)(1)(1)(1)(1)(1)(1)(1).jpeg', '225', '225', 'Lorem ipsum dolor sit amet, consectetuer adipiscing elit. '),
(960, 303, 'item', '4(1)(1)(1)(1)(1)(1)(1)(1).jpeg', '329', '153', 'Lorem ipsum dolor sit amet, consectetuer adipiscing elit. '),
(961, 304, 'item', '14(1)(1)(1)(1)(1)(1)(1)(1)(1)(1)(1).jpeg', '225', '225', 'Lorem ipsum dolor sit amet, consectetuer adipiscing elit. '),
(962, 304, 'item', '13(1)(1)(1)(1)(1)(1)(1)(1)(1)(1).jpeg', '260', '194', 'Lorem ipsum dolor sit amet, consectetuer adipiscing elit. '),
(963, 305, 'item', '5(1)(1)(1)(1)(1)(1)(1)(1)(1)(1)(1)(1)(1)(1).jpeg', '259', '194', 'Lorem ipsum dolor sit amet, consectetuer adipiscing elit. '),
(964, 305, 'item', '14(1)(1)(1)(1)(1)(1)(1)(1)(1)(1)(1)(1).jpeg', '225', '225', 'Lorem ipsum dolor sit amet, consectetuer adipiscing elit. '),
(965, 306, 'item', '12(1)(1)(1)(1)(1)(1)(1)(1)(1)(1)(1)(1)(1).jpeg', '246', '205', 'Lorem ipsum dolor sit amet, consectetuer adipiscing elit. '),
(966, 306, 'item', '7(1)(1)(1)(1)(1)(1)(1)(1)(1)(1)(1)(1)(1).jpeg', '224', '224', 'Lorem ipsum dolor sit amet, consectetuer adipiscing elit. '),
(967, 307, 'item', '2(1)(1)(1)(1)(1)(1)(1)(1)(1)(1)(1)(1)(1).jpeg', '225', '225', 'Lorem ipsum dolor sit amet, consectetuer adipiscing elit.'),
(968, 307, 'item', '1(1)(1)(1)(1)(1)(1)(1)(1)(1)(1)(1)(1)(1)(1)(1).jpeg', '300', '168', 'Lorem ipsum dolor sit amet, consectetuer adipiscing elit.'),
(969, 308, 'item', '3(1)(1)(1)(1)(1)(1)(1)(1)(1)(1)(1)(1)(1)(1)(1)(1)(1)(1).jpeg', '259', '194', 'Lorem ipsum dolor sit amet, consectetuer adipiscing elit. '),
(970, 308, 'item', '4(1)(1)(1)(1)(1)(1)(1)(1)(1).jpeg', '225', '225', 'Lorem ipsum dolor sit amet, consectetuer adipiscing elit. '),
(971, 309, 'item', '7(1)(1)(1)(1)(1)(1)(1)(1)(1)(1)(1)(1)(1)(1).jpeg', '299', '169', 'Lorem ipsum dolor sit amet, consectetuer adipiscing elit.'),
(972, 309, 'item', '4(1)(1)(1)(1)(1)(1)(1)(1)(1)(1).jpeg', '225', '225', 'Lorem ipsum dolor sit amet, consectetuer adipiscing elit.'),
(973, 310, 'item', '9(1)(1)(1)(1)(1)(1)(1)(1)(1)(1)(1)(1)(1)(1)(1)(1)(1).jpeg', '232', '200', 'Lorem ipsum dolor sit amet, consectetuer adipiscing elit. '),
(974, 310, 'item', '17(1)(1)(1)(1)(1).jpeg', '225', '225', 'Lorem ipsum dolor sit amet, consectetuer adipiscing elit. '),
(975, 311, 'item', '16(1)(1)(1)(1)(1)(1).jpeg', '236', '213', 'Lorem ipsum dolor sit amet, consectetuer adipiscing elit. '),
(976, 311, 'item', '14(1)(1)(1)(1)(1)(1)(1)(1)(1)(1)(1)(1)(1).jpeg', '264', '191', 'Lorem ipsum dolor sit amet, consectetuer adipiscing elit. '),
(977, 312, 'item', '1(1)(1)(1)(1)(1)(1)(1)(1)(1)(1)(1)(1)(1)(1)(1)(1).jpeg', '180', '98', 'Lorem ipsum dolor sit amet, consectetuer adipiscing elit. '),
(978, 312, 'item', '2(1)(1)(1)(1)(1)(1)(1)(1)(1)(1)(1)(1)(1)(1).jpeg', '243', '208', 'Lorem ipsum dolor sit amet, consectetuer adipiscing elit. '),
(979, 313, 'item', '3(1)(1)(1)(1)(1)(1)(1)(1)(1)(1)(1)(1)(1)(1)(1)(1)(1)(1)(1).jpeg', '281', '179', 'Lorem ipsum dolor sit amet, consectetuer adipiscing elit. '),
(980, 313, 'item', '2(1)(1)(1)(1)(1)(1)(1)(1)(1)(1)(1)(1)(1)(1)(1).jpeg', '243', '208', 'Lorem ipsum dolor sit amet, consectetuer adipiscing elit. '),
(981, 314, 'item', '5(1)(1)(1)(1)(1)(1)(1)(1)(1)(1)(1)(1)(1)(1)(1).jpeg', '273', '184', 'Lorem ipsum dolor sit amet, consectetuer adipiscing elit. '),
(982, 314, 'item', '3(1)(1)(1)(1)(1)(1)(1)(1)(1)(1)(1)(1)(1)(1)(1)(1)(1)(1)(1)(1).jpeg', '281', '179', 'Lorem ipsum dolor sit amet, consectetuer adipiscing elit. '),
(983, 315, 'item', '6(1)(1)(1)(1)(1)(1)(1)(1)(1)(1)(1).jpeg', '279', '181', 'Lorem ipsum dolor sit amet, consectetuer adipiscing elit. '),
(984, 315, 'item', '4(1)(1)(1)(1)(1)(1)(1)(1)(1)(1)(1).jpeg', '225', '225', 'Lorem ipsum dolor sit amet, consectetuer adipiscing elit. '),
(985, 316, 'item', '9(1)(1)(1)(1)(1)(1)(1)(1)(1)(1)(1)(1)(1)(1)(1)(1)(1)(1).jpeg', '249', '203', 'Lorem ipsum dolor sit amet, consectetuer adipiscing elit. '),
(986, 316, 'item', '7(1)(1)(1)(1)(1)(1)(1)(1)(1)(1)(1)(1)(1)(1)(1).jpeg', '225', '225', 'Lorem ipsum dolor sit amet, consectetuer adipiscing elit. '),
(987, 317, 'item', '2(1)(1)(1)(1)(1)(1)(1)(1)(1)(1)(1)(1)(1)(1)(1)(1).jpeg', '225', '225', 'Lorem ipsum dolor sit amet, consectetuer adipiscing elit. '),
(988, 317, 'item', '1(1)(1)(1)(1)(1)(1)(1)(1)(1)(1)(1)(1)(1)(1)(1)(1)(1).jpeg', '275', '183', 'Lorem ipsum dolor sit amet, consectetuer adipiscing elit. '),
(989, 318, 'item', '3(1)(1)(1)(1)(1)(1)(1)(1)(1)(1)(1)(1)(1)(1)(1)(1)(1)(1)(1)(1)(1).jpeg', '299', '168', 'Lorem ipsum dolor sit amet, consectetuer adipiscing elit. '),
(990, 318, 'item', '4(1)(1)(1)(1)(1)(1)(1)(1)(1)(1)(1)(1).jpeg', '259', '194', 'Lorem ipsum dolor sit amet, consectetuer adipiscing elit. '),
(991, 319, 'item', '5(1)(1)(1)(1)(1)(1)(1)(1)(1)(1)(1)(1)(1)(1)(1)(1).jpeg', '273', '184', 'Lorem ipsum dolor sit amet, consectetuer adipiscing elit.'),
(992, 319, 'item', '4(1)(1)(1)(1)(1)(1)(1)(1)(1)(1)(1)(1)(1).jpeg', '259', '194', 'Lorem ipsum dolor sit amet, consectetuer adipiscing elit.'),
(993, 320, 'item', '11(1)(1)(1)(1)(1)(1)(1)(1).jpeg', '277', '182', 'Lorem ipsum dolor sit amet, consectetuer adipiscing elit. '),
(994, 320, 'item', '9(1)(1)(1)(1)(1)(1)(1)(1)(1)(1)(1)(1)(1)(1)(1)(1)(1)(1)(1).jpeg', '304', '166', 'Lorem ipsum dolor sit amet, consectetuer adipiscing elit. '),
(995, 321, 'item', '8(1)(1)(1)(1)(1)(1)(1)(1).jpeg', '225', '225', 'Lorem ipsum dolor sit amet, consectetuer adipiscing elit. '),
(996, 321, 'item', '4(1)(1)(1)(1)(1)(1)(1)(1)(1)(1)(1)(1)(1)(1).jpeg', '259', '194', 'Lorem ipsum dolor sit amet, consectetuer adipiscing elit. '),
(997, 322, 'item', '1(1)(1)(1)(1)(1)(1)(1)(1)(1)(1)(1)(1)(1)(1)(1)(1)(1)(1).jpeg', '225', '225', 'Lorem ipsum dolor sit amet, consectetuer adipiscing elit. '),
(998, 322, 'item', '2(1)(1)(1)(1)(1)(1)(1)(1)(1)(1)(1)(1)(1)(1)(1)(1)(1).jpeg', '225', '225', 'Lorem ipsum dolor sit amet, consectetuer adipiscing elit. '),
(999, 323, 'item', '2(1)(1)(1)(1)(1)(1)(1)(1)(1)(1)(1)(1)(1)(1)(1)(1)(1)(1).jpeg', '225', '225', 'Lorem ipsum dolor sit amet, consectetuer adipiscing elit. '),
(1000, 323, 'item', '1(1)(1)(1)(1)(1)(1)(1)(1)(1)(1)(1)(1)(1)(1)(1)(1)(1)(1)(1).jpeg', '225', '225', 'Lorem ipsum dolor sit amet, consectetuer adipiscing elit. '),
(1001, 324, 'item', '3(1)(1)(1)(1).jpg', '302', '302', 'Lorem ipsum dolor sit amet, consectetuer adipiscing elit.'),
(1002, 324, 'item', '1(1)(1)(1)(1)(1)(1)(1)(1)(1)(1)(1)(1)(1)(1)(1)(1)(1)(1)(1)(1).jpeg', '225', '225', 'Lorem ipsum dolor sit amet, consectetuer adipiscing elit.'),
(1003, 325, 'item', '4(1)(1)(1)(1)(1)(1)(1)(1)(1)(1)(1)(1)(1)(1)(1).jpeg', '226', '223', 'Lorem ipsum dolor sit amet, consectetuer adipiscing elit. '),
(1004, 325, 'item', '1(1)(1)(1)(1)(1)(1)(1)(1)(1)(1)(1)(1)(1)(1)(1)(1)(1)(1)(1)(1)(1).jpeg', '225', '225', 'Lorem ipsum dolor sit amet, consectetuer adipiscing elit. '),
(1005, 326, 'item', '5(1)(1)(1)(1)(1)(1)(1)(1)(1)(1)(1)(1)(1)(1)(1)(1)(1).jpeg', '259', '195', 'Lorem ipsum dolor sit amet, consectetuer adipiscing elit.'),
(1006, 326, 'item', '3(1)(1)(1)(1)(1).jpg', '302', '302', 'Lorem ipsum dolor sit amet, consectetuer adipiscing elit.'),
(1007, 327, 'item', '8(1)(1)(1)(1)(1)(1)(1)(1)(1).jpeg', '225', '224', 'Lorem ipsum dolor sit amet, consectetuer adipiscing elit. '),
(1008, 327, 'item', '5(1)(1)(1)(1)(1)(1)(1)(1)(1)(1)(1)(1)(1)(1)(1)(1)(1)(1).jpeg', '259', '195', 'Lorem ipsum dolor sit amet, consectetuer adipiscing elit. '),
(1009, 328, 'item', '11(1)(1)(1)(1)(1)(1)(1)(1)(1).jpeg', '196', '257', 'Lorem ipsum dolor sit amet, consectetuer adipiscing elit. '),
(1010, 328, 'item', '7(1)(1)(1)(1)(1)(1)(1)(1)(1)(1)(1)(1)(1)(1)(1)(1).jpeg', '210', '240', 'Lorem ipsum dolor sit amet, consectetuer adipiscing elit. '),
(1011, 329, 'item', '14(1)(1)(1)(1)(1)(1)(1)(1)(1)(1)(1)(1)(1)(1).jpeg', '203', '248', 'Lorem ipsum dolor sit amet, consectetuer adipiscing elit. '),
(1012, 329, 'item', '11(1)(1)(1)(1)(1)(1)(1)(1)(1)(1).jpeg', '196', '257', 'Lorem ipsum dolor sit amet, consectetuer adipiscing elit. '),
(1013, 330, 'item', '15(1)(1)(1)(1)(1)(1)(1)(1)(1).jpeg', '215', '234', 'Lorem ipsum dolor sit amet, consectetuer adipiscing elit. '),
(1014, 330, 'item', '12(1)(1)(1)(1)(1)(1)(1)(1)(1)(1)(1)(1)(1)(1).jpeg', '225', '225', 'Lorem ipsum dolor sit amet, consectetuer adipiscing elit. '),
(1015, 331, 'item', '12(1)(1)(1)(1)(1)(1)(1)(1)(1)(1)(1)(1)(1)(1)(1).jpeg', '259', '194', 'Lorem ipsum dolor sit amet, consectetuer adipiscing elit. '),
(1016, 331, 'item', '1(1)(1)(1)(1)(1)(1)(1)(1)(1)(1)(1)(1)(1)(1)(1)(1)(1)(1)(1)(1)(1)(1).jpeg', '268', '188', 'Lorem ipsum dolor sit amet, consectetuer adipiscing elit. '),
(1017, 332, 'item', '13(1)(1)(1)(1)(1)(1)(1)(1)(1)(1)(1).jpeg', '264', '188', 'Lorem ipsum dolor sit amet, consectetuer adipiscing elit. '),
(1018, 332, 'item', '10(1)(1)(1)(1)(1)(1)(1)(1)(1).jpeg', '225', '225', 'Lorem ipsum dolor sit amet, consectetuer adipiscing elit. '),
(1019, 333, 'item', '10(1)(1)(1)(1)(1)(1)(1)(1)(1)(1).jpeg', '225', '225', 'Lorem ipsum dolor sit amet, consectetuer adipiscing elit. '),
(1020, 333, 'item', '5(1)(1)(1)(1)(1)(1)(1)(1)(1)(1)(1)(1)(1)(1)(1)(1)(1)(1)(1).jpeg', '225', '225', 'Lorem ipsum dolor sit amet, consectetuer adipiscing elit. '),
(1021, 334, 'item', '4(1)(1)(1)(1)(1)(1)(1)(1)(1)(1)(1)(1)(1)(1)(1)(1).jpeg', '284', '178', 'Lorem ipsum dolor sit amet, consectetuer adipiscing elit. '),
(1022, 334, 'item', '1(1)(1)(1)(1)(1)(1)(1)(1)(1)(1)(1)(1)(1)(1)(1)(1)(1)(1)(1)(1)(1)(1)(1).jpeg', '225', '225', 'Lorem ipsum dolor sit amet, consectetuer adipiscing elit. '),
(1023, 335, 'item', '4(1)(1)(1)(1)(1)(1)(1)(1)(1)(1)(1)(1)(1)(1)(1)(1)(1).jpeg', '259', '194', 'Lorem ipsum dolor sit amet, consectetuer adipiscing elit. '),
(1024, 335, 'item', '11(1)(1)(1)(1)(1)(1)(1)(1)(1)(1)(1).jpeg', '225', '225', 'Lorem ipsum dolor sit amet, consectetuer adipiscing elit. '),
(1025, 336, 'item', '12(1)(1)(1)(1)(1)(1)(1)(1)(1)(1)(1)(1)(1)(1)(1)(1).jpeg', '249', '202', 'Lorem ipsum dolor sit amet, consectetuer adipiscing elit. '),
(1026, 336, 'item', '7(1)(1)(1)(1)(1)(1)(1)(1)(1)(1)(1)(1)(1)(1)(1)(1)(1).jpeg', '225', '225', 'Lorem ipsum dolor sit amet, consectetuer adipiscing elit. '),
(1027, 337, 'item', '6(1)(1)(1)(1)(1)(1)(1)(1)(1)(1)(1)(1).jpeg', '183', '275', 'Lorem ipsum dolor sit amet, consectetuer adipiscing elit. '),
(1028, 337, 'item', '3(1)(1)(1)(1)(1)(1)(1)(1)(1)(1)(1)(1)(1)(1)(1)(1)(1)(1)(1)(1)(1)(1).jpeg', '225', '225', 'Lorem ipsum dolor sit amet, consectetuer adipiscing elit. '),
(1029, 338, 'item', '5(1)(1)(1)(1)(1)(1)(1)(1)(1)(1)(1)(1)(1)(1)(1)(1)(1)(1)(1)(1).jpeg', '227', '222', 'Lorem ipsum dolor sit amet, consectetuer adipiscing elit. '),
(1030, 338, 'item', '6(1)(1)(1)(1)(1)(1)(1)(1)(1)(1)(1)(1)(1).jpeg', '183', '275', 'Lorem ipsum dolor sit amet, consectetuer adipiscing elit. '),
(1031, 339, 'item', '2(1)(1)(1)(1)(1)(1)(1)(1)(1)(1)(1)(1)(1)(1)(1)(1)(1)(1)(1).jpeg', '225', '225', 'Lorem ipsum dolor sit amet, consectetuer adipiscing elit. '),
(1032, 339, 'item', '1(1)(1)(1)(1)(1)(1)(1)(1)(1)(1)(1)(1)(1)(1)(1)(1)(1)(1)(1)(1)(1)(1)(1)(1).jpeg', '268', '188', 'Lorem ipsum dolor sit amet, consectetuer adipiscing elit. '),
(1033, 340, 'item', '9(1)(1)(1)(1)(1)(1)(1)(1)(1)(1)(1)(1)(1)(1)(1)(1)(1)(1)(1)(1).jpeg', '206', '245', 'Lorem ipsum dolor sit amet, consectetuer adipiscing elit. '),
(1034, 340, 'item', '3(1)(1)(1)(1)(1)(1)(1)(1)(1)(1)(1)(1)(1)(1)(1)(1)(1)(1)(1)(1)(1)(1)(1).jpeg', '248', '203', 'Lorem ipsum dolor sit amet, consectetuer adipiscing elit. ');
INSERT INTO `mk_images` (`id`, `parent_id`, `type`, `path`, `width`, `height`, `description`) VALUES
(1035, 341, 'item', '5(1)(1)(1)(1)(1)(1)(1)(1)(1)(1)(1)(1)(1)(1)(1)(1)(1)(1)(1)(1)(1).jpeg', '225', '225', 'Lorem ipsum dolor sit amet, consectetuer adipiscing elit. '),
(1036, 341, 'item', '4(1)(1)(1)(1)(1)(1)(1)(1)(1)(1)(1)(1)(1)(1)(1)(1)(1)(1).jpeg', '284', '178', 'Lorem ipsum dolor sit amet, consectetuer adipiscing elit. '),
(1037, 342, 'item', '11(1)(1)(1)(1)(1)(1)(1)(1)(1)(1)(1)(1).jpeg', '229', '220', 'Lorem ipsum dolor sit amet, consectetuer adipiscing elit.'),
(1038, 342, 'item', '6(1)(1)(1)(1)(1)(1)(1)(1)(1)(1)(1)(1)(1)(1).jpeg', '284', '178', 'Lorem ipsum dolor sit amet, consectetuer adipiscing elit.'),
(1039, 4, 'shop', 'phamarcy_cover3.jpg', '600', '400', ' In enim justo, rhoncus ut, imperdiet a, venenatis vitae, justo.'),
(1040, 20, 'category', '310.jpeg', '194', '259', ''),
(1041, 21, 'category', '1111.jpeg', '225', '225', ''),
(1042, 22, 'category', '92.jpeg', '188', '193', ''),
(1043, 23, 'category', '27.jpeg', '225', '225', ''),
(1045, 82, 'sub_category', '125.jpeg', '194', '259', ''),
(1046, 83, 'sub_category', '126.jpeg', '200', '200', ''),
(1047, 84, 'sub_category', '127.jpeg', '259', '194', ''),
(1048, 85, 'sub_category', '128.jpeg', '227', '222', ''),
(1049, 86, 'sub_category', '129.jpeg', '225', '225', ''),
(1050, 87, 'sub_category', '130.jpeg', '224', '225', ''),
(1051, 88, 'sub_category', '136.jpeg', '225', '225', ''),
(1052, 89, 'sub_category', '106.jpeg', '276', '182', ''),
(1053, 90, 'sub_category', '137.jpeg', '225', '224', ''),
(1054, 91, 'sub_category', '311.jpeg', '196', '257', ''),
(1055, 92, 'sub_category', '54.jpeg', '256', '197', ''),
(1056, 93, 'sub_category', '312.jpeg', '225', '225', ''),
(1057, 94, 'sub_category', '107.jpeg', '225', '225', ''),
(1058, 95, 'sub_category', '138.jpeg', '225', '225', ''),
(1059, 96, 'sub_category', '139.jpeg', '271', '186', ''),
(1060, 97, 'sub_category', '1112.jpeg', '182', '276', ''),
(1061, 98, 'sub_category', '140.jpeg', '234', '215', ''),
(1062, 99, 'sub_category', '55.jpeg', '227', '222', ''),
(1063, 343, 'item', '3(1)(1)(1)(1)(1)(1)(1)(1)(1)(1)(1)(1)(1)(1)(1)(1)(1)(1)(1)(1)(1)(1)(1)(1).jpeg', '182', '276', 'Lorem ipsum dolor sit amet, consectetuer adipiscing elit.'),
(1064, 343, 'item', '8(1)(1)(1)(1)(1)(1)(1)(1)(1)(1).jpeg', '182', '276', 'Lorem ipsum dolor sit amet, consectetuer adipiscing elit.'),
(1065, 344, 'item', '2(1)(1)(1)(1)(1)(1)(1)(1)(1)(1)(1)(1)(1)(1)(1)(1)(1)(1)(1)(1).jpeg', '148', '224', 'Lorem ipsum dolor sit amet, consectetuer adipiscing elit. '),
(1066, 344, 'item', '1(1)(1)(1)(1)(1)(1)(1)(1)(1)(1)(1)(1)(1)(1)(1)(1)(1)(1)(1)(1)(1)(1)(1)(1)(1).jpeg', '194', '259', 'Lorem ipsum dolor sit amet, consectetuer adipiscing elit. '),
(1067, 345, 'item', '3(1)(1)(1)(1)(1)(1)(1)(1)(1)(1)(1)(1)(1)(1)(1)(1)(1)(1)(1)(1)(1)(1)(1)(1)(1).jpeg', '182', '276', 'Lorem ipsum dolor sit amet, consectetuer adipiscing elit. '),
(1068, 345, 'item', '5(1)(1)(1)(1)(1)(1)(1)(1)(1)(1)(1)(1)(1)(1)(1)(1)(1)(1)(1)(1)(1)(1).jpeg', '230', '219', 'Lorem ipsum dolor sit amet, consectetuer adipiscing elit. '),
(1069, 346, 'item', '7(1)(1)(1)(1)(1)(1)(1)(1)(1)(1)(1)(1)(1)(1)(1)(1)(1)(1).jpeg', '182', '276', 'Lorem ipsum dolor sit amet, consectetuer adipiscing elit. '),
(1070, 346, 'item', '4(1)(1)(1)(1)(1)(1)(1)(1)(1)(1)(1)(1)(1)(1)(1)(1)(1)(1)(1).jpeg', '225', '225', 'Lorem ipsum dolor sit amet, consectetuer adipiscing elit. '),
(1071, 347, 'item', '11(1)(1)(1)(1)(1)(1)(1)(1)(1)(1)(1)(1)(1).jpeg', '182', '276', 'Lorem ipsum dolor sit amet, consectetuer adipiscing elit. '),
(1072, 347, 'item', '6(1)(1)(1)(1)(1)(1)(1)(1)(1)(1)(1)(1)(1)(1)(1).jpeg', '225', '225', 'Lorem ipsum dolor sit amet, consectetuer adipiscing elit. '),
(1073, 348, 'item', '1(1)(1)(1)(1)(1)(1)(1)(1)(1)(1)(1)(1)(1)(1)(1)(1)(1)(1)(1)(1)(1)(1)(1)(1)(1)(1).jpeg', '200', '200', 'Lorem ipsum dolor sit amet, consectetuer adipiscing elit. '),
(1074, 348, 'item', '2(1)(1)(1)(1)(1)(1)(1)(1)(1)(1)(1)(1)(1)(1)(1)(1)(1)(1)(1)(1)(1).jpeg', '225', '225', 'Lorem ipsum dolor sit amet, consectetuer adipiscing elit. '),
(1075, 349, 'item', '5(1)(1)(1)(1)(1)(1)(1)(1)(1)(1)(1)(1)(1)(1)(1)(1)(1)(1)(1)(1)(1)(1)(1).jpeg', '225', '225', 'Lorem ipsum dolor sit amet, consectetuer adipiscing elit. '),
(1076, 349, 'item', '3(1)(1)(1)(1)(1)(1)(1)(1)(1)(1)(1)(1)(1)(1)(1)(1)(1)(1)(1)(1)(1)(1)(1)(1)(1)(1).jpeg', '225', '225', 'Lorem ipsum dolor sit amet, consectetuer adipiscing elit. '),
(1077, 350, 'item', '12(1)(1)(1)(1)(1)(1)(1)(1)(1)(1)(1)(1)(1)(1)(1)(1)(1).jpeg', '275', '183', 'Lorem ipsum dolor sit amet, consectetuer adipiscing elit. '),
(1078, 350, 'item', '3(1)(1)(1)(1)(1)(1)(1)(1)(1)(1)(1)(1)(1)(1)(1)(1)(1)(1)(1)(1)(1)(1)(1)(1)(1)(1)(1).jpeg', '225', '225', 'Lorem ipsum dolor sit amet, consectetuer adipiscing elit. '),
(1079, 351, 'item', '8(1)(1)(1)(1)(1).jpg', '600', '600', 'Lorem ipsum dolor sit amet, consectetuer adipiscing elit.'),
(1080, 351, 'item', '5(1)(1)(1)(1)(1)(1)(1)(1)(1)(1)(1)(1)(1)(1)(1)(1)(1)(1)(1)(1)(1)(1)(1)(1).jpeg', '225', '225', 'Lorem ipsum dolor sit amet, consectetuer adipiscing elit.'),
(1081, 352, 'item', '1(1)(1)(1)(1)(1)(1)(1)(1)(1)(1)(1)(1)(1)(1)(1)(1)(1)(1)(1)(1)(1)(1)(1)(1)(1)(1)(1).jpeg', '259', '194', 'Lorem ipsum dolor sit amet, consectetuer adipiscing elit. '),
(1082, 352, 'item', '2(1)(1)(1)(1)(1)(1)(1)(1)(1)(1)(1)(1)(1)(1)(1)(1)(1)(1)(1)(1)(1)(1).jpeg', '231', '218', 'Lorem ipsum dolor sit amet, consectetuer adipiscing elit. '),
(1083, 353, 'item', '4(1)(1)(1)(1)(1)(1)(1)(1)(1)(1)(1)(1)(1)(1)(1)(1)(1)(1)(1)(1).jpeg', '244', '206', 'Lorem ipsum dolor sit amet, consectetuer adipiscing elit.'),
(1084, 353, 'item', '3(1)(1)(1)(1)(1)(1)(1)(1)(1)(1)(1)(1)(1)(1)(1)(1)(1)(1)(1)(1)(1)(1)(1)(1)(1)(1)(1)(1).jpeg', '275', '183', 'Lorem ipsum dolor sit amet, consectetuer adipiscing elit.'),
(1085, 354, 'item', '9(1)(1)(1)(1)(1)(1)(1)(1)(1)(1)(1)(1)(1)(1)(1)(1)(1)(1)(1)(1)(1).jpeg', '225', '225', 'Lorem ipsum dolor sit amet, consectetuer adipiscing elit. '),
(1086, 354, 'item', '5(1)(1)(1)(1)(1)(1)(1)(1)(1)(1)(1)(1)(1)(1)(1)(1)(1)(1)(1)(1)(1)(1)(1)(1)(1).jpeg', '256', '197', 'Lorem ipsum dolor sit amet, consectetuer adipiscing elit. '),
(1087, 355, 'item', '11(1)(1)(1)(1)(1)(1)(1)(1)(1)(1)(1)(1)(1)(1).jpeg', '225', '225', 'Lorem ipsum dolor sit amet, consectetuer adipiscing elit. '),
(1088, 355, 'item', '10(1)(1)(1)(1)(1)(1)(1)(1)(1)(1)(1).jpeg', '225', '225', 'Lorem ipsum dolor sit amet, consectetuer adipiscing elit. '),
(1089, 356, 'item', '1(1)(1)(1)(1)(1)(1)(1)(1)(1)(1)(1)(1)(1)(1)(1)(1)(1)(1)(1)(1)(1)(1)(1)(1)(1)(1)(1)(1).jpeg', '227', '222', 'Lorem ipsum dolor sit amet, consectetuer adipiscing elit.'),
(1090, 356, 'item', '2(1)(1)(1)(1)(1)(1)(1)(1)(1)(1)(1)(1)(1)(1)(1)(1)(1)(1)(1)(1)(1)(1)(1).jpeg', '225', '225', 'Lorem ipsum dolor sit amet, consectetuer adipiscing elit.'),
(1091, 357, 'item', '2(1)(1)(1)(1)(1)(1)(1)(1)(1)(1)(1)(1)(1)(1)(1)(1)(1)(1)(1)(1)(1)(1)(1)(1).jpeg', '225', '225', 'Lorem ipsum dolor sit amet, consectetuer adipiscing elit. '),
(1092, 357, 'item', '1(1)(1)(1)(1)(1)(1)(1)(1)(1)(1)(1)(1)(1)(1)(1)(1)(1)(1)(1)(1)(1)(1)(1)(1)(1)(1)(1)(1)(1).jpeg', '227', '222', 'Lorem ipsum dolor sit amet, consectetuer adipiscing elit. '),
(1093, 358, 'item', '3(1)(1)(1)(1)(1)(1)(1)(1)(1)(1)(1)(1)(1)(1)(1)(1)(1)(1)(1)(1)(1)(1)(1)(1)(1)(1)(1)(1)(1).jpeg', '196', '257', 'Lorem ipsum dolor sit amet, consectetuer adipiscing elit.'),
(1094, 358, 'item', '2(1)(1)(1)(1)(1)(1)(1)(1)(1)(1)(1)(1)(1)(1)(1)(1)(1)(1)(1)(1)(1)(1)(1)(1)(1).jpeg', '225', '225', 'Lorem ipsum dolor sit amet, consectetuer adipiscing elit.'),
(1095, 359, 'item', '6(1)(1)(1)(1)(1)(1)(1)(1)(1)(1)(1)(1)(1)(1)(1)(1).jpeg', '241', '209', 'Lorem ipsum dolor sit amet, consectetuer adipiscing elit. '),
(1096, 359, 'item', '7(1)(1)(1)(1)(1)(1)(1)(1)(1)(1)(1)(1)(1)(1)(1)(1)(1)(1)(1).jpeg', '225', '225', 'Lorem ipsum dolor sit amet, consectetuer adipiscing elit. '),
(1097, 360, 'item', '9(1)(1)(1)(1)(1)(1)(1)(1)(1)(1)(1)(1)(1)(1)(1)(1)(1)(1)(1)(1)(1)(1).jpeg', '181', '279', 'Lorem ipsum dolor sit amet, consectetuer adipiscing elit. '),
(1098, 360, 'item', '6(1)(1)(1)(1)(1)(1)(1)(1)(1)(1)(1)(1)(1)(1)(1)(1)(1).jpeg', '241', '209', 'Lorem ipsum dolor sit amet, consectetuer adipiscing elit. '),
(1099, 361, 'item', '4(1)(1)(1)(1)(1)(1)(1)(1)(1)(1)(1)(1)(1)(1)(1)(1)(1)(1)(1)(1)(1).jpeg', '225', '225', 'Lorem ipsum dolor sit amet, consectetuer adipiscing elit. '),
(1100, 361, 'item', '2(1)(1)(1)(1)(1)(1)(1)(1)(1)(1)(1)(1)(1)(1)(1)(1)(1)(1)(1)(1)(1)(1)(1)(1)(1)(1).jpeg', '259', '194', 'Lorem ipsum dolor sit amet, consectetuer adipiscing elit. '),
(1101, 362, 'item', '6(1)(1)(1)(1)(1)(1)(1)(1)(1)(1)(1)(1)(1)(1)(1)(1)(1)(1).jpeg', '207', '207', 'Lorem ipsum dolor sit amet, consectetuer adipiscing elit. '),
(1102, 362, 'item', '4(1)(1)(1)(1)(1)(1)(1)(1)(1)(1)(1)(1)(1)(1)(1)(1)(1)(1)(1)(1)(1)(1).jpeg', '225', '225', 'Lorem ipsum dolor sit amet, consectetuer adipiscing elit. '),
(1103, 363, 'item', '9(1)(1)(1)(1)(1)(1)(1)(1)(1)(1)(1)(1)(1)(1)(1)(1)(1)(1)(1)(1)(1)(1)(1).jpeg', '144', '216', 'Lorem ipsum dolor sit amet, consectetuer adipiscing elit. '),
(1104, 363, 'item', '5(1)(1)(1)(1)(1)(1)(1)(1)(1)(1)(1)(1)(1)(1)(1)(1)(1)(1)(1)(1)(1)(1)(1)(1)(1)(1).jpeg', '300', '168', 'Lorem ipsum dolor sit amet, consectetuer adipiscing elit. '),
(1105, 364, 'item', '10(1)(1)(1)(1)(1)(1)(1)(1)(1)(1)(1)(1).jpeg', '180', '180', 'Lorem ipsum dolor sit amet, consectetuer adipiscing elit. '),
(1106, 364, 'item', '12(1)(1)(1)(1)(1)(1)(1)(1)(1)(1)(1)(1)(1)(1)(1)(1)(1)(1).jpeg', '225', '225', 'Lorem ipsum dolor sit amet, consectetuer adipiscing elit. '),
(1107, 365, 'item', '1(1)(1)(1)(1)(1)(1)(1)(1)(1)(1)(1)(1)(1)(1)(1)(1)(1)(1)(1)(1)(1)(1)(1)(1)(1)(1)(1)(1)(1)(1).jpeg', '224', '225', 'Lorem ipsum dolor sit amet, consectetuer adipiscing elit.'),
(1108, 365, 'item', '2(1)(1)(1)(1)(1)(1)(1).jpg', '320', '237', 'Lorem ipsum dolor sit amet, consectetuer adipiscing elit.'),
(1109, 366, 'item', '2(1)(1)(1)(1)(1)(1)(1)(1).jpg', '320', '237', 'Lorem ipsum dolor sit amet, consectetuer adipiscing elit.'),
(1110, 366, 'item', '3(1)(1)(1)(1)(1)(1)(1)(1)(1)(1)(1)(1)(1)(1)(1)(1)(1)(1)(1)(1)(1)(1)(1)(1)(1)(1)(1)(1)(1)(1).jpeg', '194', '259', 'Lorem ipsum dolor sit amet, consectetuer adipiscing elit.'),
(1111, 367, 'item', '8(1)(1)(1)(1)(1)(1)(1)(1)(1)(1)(1).jpeg', '200', '252', 'Lorem ipsum dolor sit amet, consectetuer adipiscing elit. '),
(1112, 367, 'item', '9(1)(1)(1)(1)(1)(1)(1)(1)(1)(1)(1)(1)(1)(1)(1)(1)(1)(1)(1)(1)(1)(1)(1)(1).jpeg', '225', '225', 'Lorem ipsum dolor sit amet, consectetuer adipiscing elit. '),
(1113, 368, 'item', '11(1)(1)(1)(1)(1)(1)(1)(1)(1)(1)(1)(1)(1)(1)(1).jpeg', '185', '273', 'Lorem ipsum dolor sit amet, consectetuer adipiscing elit. '),
(1114, 368, 'item', '5(1)(1)(1)(1)(1)(1)(1)(1)(1)(1)(1)(1)(1)(1)(1)(1)(1)(1)(1)(1)(1)(1)(1)(1)(1)(1)(1).jpeg', '199', '253', 'Lorem ipsum dolor sit amet, consectetuer adipiscing elit. '),
(1115, 369, 'item', '12(1)(1)(1)(1)(1)(1)(1)(1)(1)(1)(1)(1)(1)(1)(1)(1)(1)(1)(1).jpeg', '183', '275', 'Lorem ipsum dolor sit amet, consectetuer adipiscing elit.'),
(1116, 369, 'item', '5(1)(1)(1)(1)(1)(1)(1)(1)(1)(1)(1)(1)(1)(1)(1)(1)(1)(1)(1)(1)(1)(1)(1)(1)(1)(1)(1)(1).jpeg', '199', '253', 'Lorem ipsum dolor sit amet, consectetuer adipiscing elit.'),
(1117, 370, 'item', '2(1)(1)(1)(1)(1)(1)(1)(1)(1)(1)(1)(1)(1)(1)(1)(1)(1)(1)(1)(1)(1)(1)(1)(1)(1)(1)(1).jpeg', '225', '225', 'Lorem ipsum dolor sit amet, consectetuer adipiscing elit.'),
(1118, 370, 'item', '1(1)(1)(1)(1)(1)(1)(1)(1)(1)(1)(1)(1)(1)(1)(1)(1)(1)(1)(1)(1)(1)(1)(1)(1)(1)(1)(1)(1)(1)(1)(1).jpeg', '225', '225', 'Lorem ipsum dolor sit amet, consectetuer adipiscing elit.'),
(1119, 371, 'item', '3(1)(1)(1)(1)(1)(1)(1)(1)(1)(1)(1)(1)(1)(1)(1)(1)(1)(1)(1)(1)(1)(1)(1)(1)(1)(1)(1)(1)(1)(1)(1).jpeg', '184', '184', 'Lorem ipsum dolor sit amet, consectetuer adipiscing elit.'),
(1120, 371, 'item', '2(1)(1)(1)(1)(1)(1)(1)(1)(1)(1)(1)(1)(1)(1)(1)(1)(1)(1)(1)(1)(1)(1)(1)(1)(1)(1)(1)(1).jpeg', '225', '225', 'Lorem ipsum dolor sit amet, consectetuer adipiscing elit.'),
(1121, 372, 'item', '6(1)(1)(1)(1)(1)(1)(1)(1)(1)(1)(1)(1)(1)(1)(1)(1)(1)(1)(1).jpeg', '130', '181', 'Lorem ipsum dolor sit amet, consectetuer adipiscing elit. '),
(1122, 372, 'item', '4(1)(1)(1)(1)(1)(1)(1)(1)(1)(1)(1)(1)(1)(1)(1)(1)(1)(1)(1)(1)(1)(1)(1).jpeg', '196', '258', 'Lorem ipsum dolor sit amet, consectetuer adipiscing elit. '),
(1123, 373, 'item', '4(1)(1)(1)(1)(1)(1)(1)(1)(1)(1)(1)(1)(1)(1)(1)(1)(1)(1)(1)(1)(1)(1)(1)(1).jpeg', '196', '258', 'Lorem ipsum dolor sit amet, consectetuer adipiscing elit. '),
(1124, 373, 'item', '10(1)(1)(1)(1)(1)(1)(1)(1)(1)(1)(1)(1)(1).jpeg', '188', '188', 'Lorem ipsum dolor sit amet, consectetuer adipiscing elit. '),
(1125, 374, 'item', '1(1)(1)(1)(1)(1)(1)(1)(1)(1)(1)(1)(1)(1)(1)(1)(1)(1)(1)(1)(1)(1)(1)(1)(1)(1)(1)(1)(1)(1)(1)(1)(1).jpeg', '225', '225', 'Lorem ipsum dolor sit amet, consectetuer adipiscing elit.'),
(1126, 374, 'item', '3(1)(1)(1)(1)(1)(1)(1)(1)(1)(1)(1)(1)(1)(1)(1)(1)(1)(1)(1)(1)(1)(1)(1)(1)(1)(1)(1)(1)(1)(1)(1)(1).jpeg', '225', '225', 'Lorem ipsum dolor sit amet, consectetuer adipiscing elit.'),
(1127, 375, 'item', '5(1)(1)(1)(1)(1)(1)(1)(1)(1)(1)(1)(1)(1)(1)(1)(1)(1)(1)(1)(1)(1)(1)(1)(1)(1)(1)(1)(1)(1).jpeg', '225', '225', 'Lorem ipsum dolor sit amet, consectetuer adipiscing elit. '),
(1128, 375, 'item', '3(1)(1)(1)(1)(1)(1)(1)(1)(1)(1)(1)(1)(1)(1)(1)(1)(1)(1)(1)(1)(1)(1)(1)(1)(1)(1)(1)(1)(1)(1)(1)(1)(1).jpeg', '225', '225', 'Lorem ipsum dolor sit amet, consectetuer adipiscing elit. '),
(1129, 376, 'item', '6(1)(1)(1)(1)(1)(1)(1)(1)(1)(1)(1)(1)(1)(1)(1)(1)(1)(1)(1)(1).jpeg', '270', '187', 'Lorem ipsum dolor sit amet, consectetuer adipiscing elit. '),
(1130, 376, 'item', '3(1)(1)(1)(1)(1)(1)(1)(1)(1)(1)(1)(1)(1)(1)(1)(1)(1)(1)(1)(1)(1)(1)(1)(1)(1)(1)(1)(1)(1)(1)(1)(1)(1)(1).jpeg', '225', '225', 'Lorem ipsum dolor sit amet, consectetuer adipiscing elit. '),
(1131, 377, 'item', '8(1)(1)(1)(1)(1)(1)(1)(1)(1)(1)(1)(1).jpeg', '220', '229', 'Lorem ipsum dolor sit amet, consectetuer adipiscing elit.'),
(1132, 377, 'item', '4(1)(1)(1)(1)(1)(1)(1).jpg', '484', '484', 'Lorem ipsum dolor sit amet, consectetuer adipiscing elit.'),
(1133, 378, 'item', '1(1)(1)(1)(1)(1)(1)(1)(1)(1)(1)(1)(1)(1)(1)(1)(1)(1)(1)(1)(1)(1)(1)(1)(1)(1)(1)(1)(1)(1)(1)(1)(1)(1).jpeg', '225', '224', 'Lorem ipsum dolor sit amet, consectetuer adipiscing elit.'),
(1134, 378, 'item', '2(1)(1)(1)(1)(1)(1)(1)(1)(1)(1)(1)(1)(1)(1)(1)(1)(1)(1)(1)(1)(1)(1)(1)(1)(1)(1)(1)(1)(1).jpeg', '200', '220', 'Lorem ipsum dolor sit amet, consectetuer adipiscing elit.'),
(1135, 379, 'item', '2(1)(1)(1)(1)(1)(1)(1)(1)(1)(1)(1)(1)(1)(1)(1)(1)(1)(1)(1)(1)(1)(1)(1)(1)(1)(1)(1)(1)(1)(1).jpeg', '200', '220', 'Lorem ipsum dolor sit amet, consectetuer adipiscing elit. '),
(1136, 379, 'item', '4(1)(1)(1)(1)(1)(1)(1)(1)(1)(1)(1)(1)(1)(1)(1)(1)(1)(1)(1)(1)(1)(1)(1)(1)(1).jpeg', '225', '225', 'Lorem ipsum dolor sit amet, consectetuer adipiscing elit. '),
(1137, 380, 'item', '4(1)(1)(1)(1)(1)(1)(1)(1)(1)(1)(1)(1)(1)(1)(1)(1)(1)(1)(1)(1)(1)(1)(1)(1)(1)(1).jpeg', '225', '225', 'Lorem ipsum dolor sit amet, consectetuer adipiscing elit. '),
(1138, 380, 'item', '2(1)(1)(1)(1)(1)(1)(1)(1)(1)(1)(1)(1)(1)(1)(1)(1)(1)(1)(1)(1)(1)(1)(1)(1)(1)(1)(1)(1)(1)(1)(1).jpeg', '200', '220', 'Lorem ipsum dolor sit amet, consectetuer adipiscing elit. '),
(1139, 381, 'item', '3(1)(1)(1)(1)(1)(1)(1)(1)(1)(1)(1)(1)(1)(1)(1)(1)(1)(1)(1)(1)(1)(1)(1)(1)(1)(1)(1)(1)(1)(1)(1)(1)(1)(1)(1).jpeg', '207', '244', 'Lorem ipsum dolor sit amet, consectetuer adipiscing elit.'),
(1140, 381, 'item', '6(1)(1)(1)(1)(1)(1)(1)(1)(1)(1)(1)(1)(1)(1)(1)(1)(1)(1)(1)(1)(1).jpeg', '259', '194', 'Lorem ipsum dolor sit amet, consectetuer adipiscing elit.'),
(1141, 382, 'item', '1(1)(1)(1)(1)(1)(1)(1)(1)(1)(1)(1)(1)(1)(1)(1)(1)(1)(1)(1)(1)(1)(1)(1)(1)(1)(1)(1)(1)(1)(1)(1)(1)(1)(1).jpeg', '290', '174', 'Lorem ipsum dolor sit amet, consectetuer adipiscing elit. '),
(1142, 382, 'item', '2(1)(1)(1)(1)(1)(1)(1)(1)(1)(1)(1)(1)(1)(1)(1)(1)(1)(1)(1)(1)(1)(1)(1)(1)(1)(1)(1)(1)(1)(1)(1)(1).jpeg', '275', '183', 'Lorem ipsum dolor sit amet, consectetuer adipiscing elit. '),
(1143, 383, 'item', '2(1)(1)(1)(1)(1)(1)(1)(1)(1)(1)(1)(1)(1)(1)(1)(1)(1)(1)(1)(1)(1)(1)(1)(1)(1)(1)(1)(1)(1)(1)(1)(1)(1).jpeg', '275', '183', 'Lorem ipsum dolor sit amet, consectetuer adipiscing elit.'),
(1144, 383, 'item', '1(1)(1)(1)(1)(1)(1)(1)(1)(1)(1)(1)(1)(1)(1)(1)(1)(1)(1)(1)(1)(1)(1)(1)(1)(1)(1)(1)(1)(1)(1)(1)(1)(1)(1)(1).jpeg', '290', '174', 'Lorem ipsum dolor sit amet, consectetuer adipiscing elit.'),
(1145, 384, 'item', '3(1)(1)(1)(1)(1)(1)(1)(1)(1)(1)(1)(1)(1)(1)(1)(1)(1)(1)(1)(1)(1)(1)(1)(1)(1)(1)(1)(1)(1)(1)(1)(1)(1)(1)(1)(1).jpeg', '196', '257', 'Lorem ipsum dolor sit amet, consectetuer adipiscing elit. '),
(1146, 384, 'item', '4(1)(1)(1)(1)(1)(1)(1)(1)(1)(1)(1)(1)(1)(1)(1)(1)(1)(1)(1)(1)(1)(1)(1)(1)(1)(1)(1).jpeg', '272', '185', 'Lorem ipsum dolor sit amet, consectetuer adipiscing elit. '),
(1147, 385, 'item', '4(1)(1)(1)(1)(1)(1)(1)(1)(1)(1)(1)(1)(1)(1)(1)(1)(1)(1)(1)(1)(1)(1)(1)(1)(1)(1)(1)(1).jpeg', '244', '206', 'Lorem ipsum dolor sit amet, consectetuer adipiscing elit. '),
(1148, 385, 'item', '3(1)(1)(1)(1)(1)(1)(1)(1)(1)(1)(1)(1)(1)(1)(1)(1)(1)(1)(1)(1)(1)(1)(1)(1)(1)(1)(1)(1)(1)(1)(1)(1)(1)(1)(1)(1)(1).jpeg', '275', '183', 'Lorem ipsum dolor sit amet, consectetuer adipiscing elit. '),
(1149, 386, 'item', '9(1)(1)(1)(1)(1)(1)(1)(1)(1)(1)(1)(1)(1)(1)(1)(1)(1)(1)(1)(1)(1)(1)(1)(1)(1).jpeg', '181', '279', 'Lorem ipsum dolor sit amet, consectetuer adipiscing elit. '),
(1150, 386, 'item', '3(1)(1)(1)(1)(1)(1)(1)(1)(1)(1)(1)(1)(1)(1)(1)(1)(1)(1)(1)(1)(1)(1)(1)(1)(1)(1)(1)(1)(1)(1)(1)(1)(1)(1)(1)(1)(1)(1).jpeg', '196', '257', 'Lorem ipsum dolor sit amet, consectetuer adipiscing elit. '),
(1151, 387, 'item', '9(1)(1)(1)(1)(1)(1)(1)(1)(1)(1)(1)(1)(1)(1)(1)(1)(1)(1)(1)(1)(1)(1)(1)(1)(1)(1).jpeg', '225', '225', 'Lorem ipsum dolor sit amet, consectetuer adipiscing elit.'),
(1152, 387, 'item', '10(1)(1)(1)(1)(1)(1)(1)(1)(1)(1)(1)(1)(1)(1).jpeg', '225', '225', 'Lorem ipsum dolor sit amet, consectetuer adipiscing elit.'),
(1153, 388, 'item', '1(1)(1)(1)(1)(1)(1)(1)(1)(1)(1)(1)(1)(1)(1)(1)(1)(1)(1)(1)(1)(1)(1)(1)(1)(1)(1)(1)(1)(1)(1)(1)(1)(1)(1)(1)(1).jpeg', '241', '209', 'Lorem ipsum dolor sit amet, consectetuer adipiscing elit. '),
(1154, 388, 'item', '2(1)(1)(1)(1)(1)(1)(1)(1)(1)(1)(1)(1)(1)(1)(1)(1)(1)(1)(1)(1)(1)(1)(1)(1)(1)(1)(1)(1)(1)(1)(1)(1)(1)(1).jpeg', '152', '196', 'Lorem ipsum dolor sit amet, consectetuer adipiscing elit. '),
(1155, 389, 'item', '3(1)(1)(1)(1)(1)(1)(1)(1)(1)(1)(1)(1)(1)(1)(1)(1)(1)(1)(1)(1)(1)(1)(1)(1)(1)(1)(1)(1)(1)(1)(1)(1)(1)(1)(1)(1)(1)(1)(1).jpeg', '225', '225', 'Lorem ipsum dolor sit amet, consectetuer adipiscing elit.'),
(1156, 389, 'item', '1(1)(1)(1)(1)(1)(1)(1)(1)(1)(1)(1)(1)(1)(1)(1)(1)(1)(1)(1)(1)(1)(1)(1)(1)(1)(1)(1)(1)(1)(1)(1)(1)(1)(1)(1)(1)(1).jpeg', '241', '209', 'Lorem ipsum dolor sit amet, consectetuer adipiscing elit.'),
(1157, 390, 'item', '6(1)(1)(1)(1)(1)(1)(1)(1)(1)(1)(1)(1)(1)(1)(1)(1)(1)(1)(1)(1)(1)(1).jpeg', '188', '226', 'Lorem ipsum dolor sit amet, consectetuer adipiscing elit. '),
(1158, 390, 'item', '3(1)(1)(1)(1)(1)(1)(1)(1)(1)(1)(1)(1)(1)(1)(1)(1)(1)(1)(1)(1)(1)(1)(1)(1)(1)(1)(1)(1)(1)(1)(1)(1)(1)(1)(1)(1)(1)(1)(1)(1).jpeg', '225', '225', 'Lorem ipsum dolor sit amet, consectetuer adipiscing elit. '),
(1159, 391, 'item', '9(1)(1)(1)(1)(1)(1)(1)(1)(1)(1)(1)(1)(1)(1)(1)(1)(1)(1)(1)(1)(1)(1)(1)(1)(1)(1)(1).jpeg', '188', '193', 'Lorem ipsum dolor sit amet, consectetuer adipiscing elit. '),
(1160, 391, 'item', '10(1)(1)(1)(1)(1)(1)(1)(1)(1)(1)(1)(1)(1)(1)(1).jpeg', '188', '188', 'Lorem ipsum dolor sit amet, consectetuer adipiscing elit. '),
(1161, 392, 'item', '6(1)(1)(1)(1)(1)(1)(1)(1)(1)(1)(1)(1)(1)(1)(1)(1)(1)(1)(1)(1)(1)(1)(1).jpeg', '200', '252', 'Lorem ipsum dolor sit amet, consectetuer adipiscing elit. '),
(1162, 392, 'item', '3(1)(1)(1)(1)(1)(1)(1)(1)(1)(1)(1)(1)(1)(1)(1)(1)(1)(1)(1)(1)(1)(1)(1)(1)(1)(1)(1)(1)(1)(1)(1)(1)(1)(1)(1)(1)(1)(1)(1)(1)(1).jpeg', '194', '259', 'Lorem ipsum dolor sit amet, consectetuer adipiscing elit. '),
(1163, 393, 'item', '11(1)(1)(1)(1)(1)(1)(1)(1)(1)(1)(1)(1)(1)(1)(1)(1).jpeg', '185', '273', 'Lorem ipsum dolor sit amet, consectetuer adipiscing elit. '),
(1164, 393, 'item', '10(1)(1)(1)(1)(1)(1)(1)(1)(1)(1)(1)(1)(1)(1)(1)(1).jpeg', '225', '225', 'Lorem ipsum dolor sit amet, consectetuer adipiscing elit. '),
(1165, 394, 'item', '13(1)(1)(1)(1)(1)(1)(1)(1)(1)(1)(1)(1).jpeg', '252', '200', 'Lorem ipsum dolor sit amet, consectetuer adipiscing elit. '),
(1166, 394, 'item', '8(1)(1)(1)(1)(1)(1)(1)(1)(1)(1)(1)(1)(1).jpeg', '200', '252', 'Lorem ipsum dolor sit amet, consectetuer adipiscing elit. '),
(1167, 395, 'item', '5(1)(1)(1)(1)(1)(1)(1)(1)(1)(1)(1)(1)(1)(1)(1)(1)(1)(1)(1)(1)(1)(1)(1)(1)(1)(1)(1)(1)(1)(1).jpeg', '232', '217', 'Lorem ipsum dolor sit amet, consectetuer adipiscing elit. '),
(1168, 395, 'item', '8(1)(1)(1)(1)(1)(1)(1)(1)(1)(1)(1)(1)(1)(1).jpeg', '225', '225', 'Lorem ipsum dolor sit amet, consectetuer adipiscing elit. '),
(1169, 396, 'item', '1(1)(1)(1)(1)(1)(1)(1)(1)(1)(1)(1)(1)(1)(1)(1)(1)(1)(1)(1)(1)(1)(1)(1)(1)(1)(1)(1)(1)(1)(1)(1)(1)(1)(1)(1)(1)(1)(1).jpeg', '225', '225', 'Lorem ipsum dolor sit amet, consectetuer adipiscing elit. '),
(1170, 396, 'item', '2(1)(1)(1)(1)(1)(1)(1)(1)(1)(1)(1)(1)(1)(1)(1)(1)(1)(1)(1)(1)(1)(1)(1)(1)(1)(1)(1)(1)(1)(1)(1)(1)(1)(1)(1).jpeg', '120', '224', 'Lorem ipsum dolor sit amet, consectetuer adipiscing elit. '),
(1171, 397, 'item', '3(1)(1)(1)(1)(1)(1)(1)(1)(1)(1)(1)(1)(1)(1)(1)(1)(1)(1)(1)(1)(1)(1)(1)(1)(1)(1)(1)(1)(1)(1)(1)(1)(1)(1)(1)(1)(1)(1)(1)(1)(1)(1).jpeg', '225', '225', 'Lorem ipsum dolor sit amet, consectetuer adipiscing elit.'),
(1172, 397, 'item', '2(1)(1)(1)(1)(1)(1)(1)(1)(1)(1)(1)(1)(1)(1)(1)(1)(1)(1)(1)(1)(1)(1)(1)(1)(1)(1)(1)(1)(1)(1)(1)(1)(1)(1)(1)(1).jpeg', '120', '224', 'Lorem ipsum dolor sit amet, consectetuer adipiscing elit.'),
(1173, 398, 'item', '6(1)(1)(1)(1)(1)(1)(1)(1)(1)(1)(1)(1)(1)(1)(1)(1)(1)(1)(1)(1)(1)(1)(1)(1).jpeg', '183', '275', 'Lorem ipsum dolor sit amet, consectetuer adipiscing elit.'),
(1174, 398, 'item', '9(1)(1)(1)(1)(1)(1)(1)(1)(1)(1)(1)(1)(1)(1)(1)(1)(1)(1)(1)(1)(1)(1)(1)(1)(1)(1)(1)(1).jpeg', '163', '310', 'Lorem ipsum dolor sit amet, consectetuer adipiscing elit.'),
(1175, 399, 'item', '11(1)(1)(1)(1)(1)(1)(1)(1)(1)(1)(1)(1)(1)(1)(1)(1)(1).jpeg', '225', '225', 'Lorem ipsum dolor sit amet, consectetuer adipiscing elit.'),
(1176, 399, 'item', '12(1)(1)(1)(1)(1)(1)(1)(1)(1)(1)(1)(1)(1)(1)(1)(1)(1)(1)(1)(1).jpeg', '249', '202', 'Lorem ipsum dolor sit amet, consectetuer adipiscing elit.'),
(1177, 400, 'item', '13(1)(1)(1)(1)(1)(1)(1)(1)(1)(1)(1)(1)(1).jpeg', '259', '194', 'Lorem ipsum dolor sit amet, consectetuer adipiscing elit. '),
(1178, 400, 'item', '12(1)(1)(1)(1)(1)(1)(1)(1)(1)(1)(1)(1)(1)(1)(1)(1)(1)(1)(1)(1)(1).jpeg', '196', '258', 'Lorem ipsum dolor sit amet, consectetuer adipiscing elit. '),
(1179, 401, 'item', '11(1)(1)(1)(1)(1)(1)(1)(1)(1)(1)(1)(1)(1)(1)(1)(1)(1)(1).jpeg', '286', '176', 'Lorem ipsum dolor sit amet, consectetuer adipiscing elit. '),
(1180, 401, 'item', '13(1)(1)(1)(1)(1)(1)(1)(1)(1)(1)(1)(1)(1)(1).jpeg', '259', '194', 'Lorem ipsum dolor sit amet, consectetuer adipiscing elit. '),
(1181, 402, 'item', '5(1)(1)(1)(1)(1)(1)(1)(1)(1)(1)(1)(1)(1)(1)(1)(1)(1)(1)(1)(1)(1)(1)(1)(1)(1)(1)(1)(1)(1)(1)(1).jpeg', '225', '225', 'Lorem ipsum dolor sit amet, consectetuer adipiscing elit.'),
(1182, 402, 'item', '13(1)(1)(1)(1)(1)(1)(1)(1)(1)(1)(1)(1)(1)(1)(1).jpeg', '259', '194', 'Lorem ipsum dolor sit amet, consectetuer adipiscing elit.'),
(1183, 403, 'item', '9(1)(1)(1)(1)(1)(1)(1)(1)(1)(1)(1)(1)(1)(1)(1)(1)(1)(1)(1)(1)(1)(1)(1)(1)(1)(1)(1)(1)(1).jpeg', '275', '184', 'Lorem ipsum dolor sit amet, consectetuer adipiscing elit.'),
(1184, 403, 'item', '7(1)(1)(1)(1)(1)(1)(1)(1)(1)(1)(1)(1)(1)(1)(1)(1)(1)(1)(1)(1).jpeg', '276', '183', 'Lorem ipsum dolor sit amet, consectetuer adipiscing elit.'),
(1185, 404, 'item', '13(1)(1)(1)(1)(1)(1)(1)(1)(1)(1)(1)(1)(1)(1)(1)(1).jpeg', '225', '225', 'Lorem ipsum dolor sit amet, consectetuer adipiscing elit. '),
(1186, 404, 'item', '5(1)(1)(1)(1)(1)(1)(1)(1)(1)(1)(1)(1)(1)(1)(1)(1)(1)(1)(1)(1)(1)(1)(1)(1)(1)(1)(1)(1)(1)(1)(1)(1).jpeg', '230', '219', 'Lorem ipsum dolor sit amet, consectetuer adipiscing elit. '),
(1187, 405, 'item', '8(1)(1)(1)(1)(1)(1)(1)(1)(1)(1)(1)(1)(1)(1)(1).jpeg', '182', '276', 'Lorem ipsum dolor sit amet, consectetuer adipiscing elit. '),
(1188, 405, 'item', '4(1)(1)(1)(1)(1)(1)(1)(1)(1)(1)(1)(1)(1)(1)(1)(1)(1)(1)(1)(1)(1)(1)(1)(1)(1)(1)(1)(1)(1).jpeg', '225', '225', 'Lorem ipsum dolor sit amet, consectetuer adipiscing elit. '),
(1189, 406, 'item', '9(1)(1)(1)(1)(1)(1)(1)(1)(1)(1)(1)(1)(1)(1)(1)(1)(1)(1)(1)(1)(1)(1)(1)(1)(1)(1)(1)(1)(1)(1).jpeg', '265', '190', 'Lorem ipsum dolor sit amet, consectetuer adipiscing elit. '),
(1190, 406, 'item', '6(1)(1)(1)(1)(1)(1)(1)(1)(1)(1)(1)(1)(1)(1)(1)(1)(1)(1)(1)(1)(1)(1)(1)(1)(1).jpeg', '225', '225', 'Lorem ipsum dolor sit amet, consectetuer adipiscing elit. '),
(1191, 407, 'item', '1(1)(1)(1)(1)(1)(1)(1)(1)(1)(1)(1)(1)(1)(1)(1)(1)(1)(1)(1)(1)(1)(1)(1)(1)(1)(1)(1)(1)(1)(1)(1)(1)(1)(1)(1)(1)(1)(1)(1).jpeg', '234', '215', 'Lorem ipsum dolor sit amet, consectetuer adipiscing elit. '),
(1192, 407, 'item', '2(1)(1)(1)(1)(1)(1)(1)(1)(1)(1)(1)(1)(1)(1)(1)(1)(1)(1)(1)(1)(1)(1)(1)(1)(1)(1)(1)(1)(1)(1)(1)(1)(1)(1)(1)(1)(1).jpeg', '307', '164', 'Lorem ipsum dolor sit amet, consectetuer adipiscing elit. '),
(1193, 408, 'item', '2(1)(1)(1)(1)(1)(1)(1)(1)(1)(1)(1)(1)(1)(1)(1)(1)(1)(1)(1)(1)(1)(1)(1)(1)(1)(1)(1)(1)(1)(1)(1)(1)(1)(1)(1)(1)(1)(1).jpeg', '307', '164', 'Lorem ipsum dolor sit amet, consectetuer adipiscing elit. '),
(1194, 408, 'item', '1(1)(1)(1)(1)(1)(1)(1)(1)(1)(1)(1)(1)(1)(1)(1)(1)(1)(1)(1)(1)(1)(1)(1)(1)(1)(1)(1)(1)(1)(1)(1)(1)(1)(1)(1)(1)(1)(1)(1)(1).jpeg', '234', '215', 'Lorem ipsum dolor sit amet, consectetuer adipiscing elit. '),
(1195, 409, 'item', '8(1)(1)(1)(1)(1)(1)(1)(1)(1)(1)(1)(1)(1)(1)(1)(1).jpeg', '245', '185', 'Lorem ipsum dolor sit amet, consectetuer adipiscing elit.'),
(1196, 409, 'item', '6(1)(1)(1)(1)(1)(1)(1)(1)(1)(1)(1)(1)(1)(1)(1)(1)(1)(1)(1)(1)(1)(1)(1)(1)(1)(1).jpeg', '224', '192', 'Lorem ipsum dolor sit amet, consectetuer adipiscing elit.'),
(1197, 410, 'item', '12(1)(1)(1)(1)(1)(1)(1)(1)(1)(1)(1)(1)(1)(1)(1)(1)(1)(1)(1)(1)(1)(1).jpeg', '174', '290', 'Lorem ipsum dolor sit amet, consectetuer adipiscing elit. '),
(1198, 410, 'item', '7(1)(1)(1)(1)(1)(1)(1)(1)(1)(1)(1)(1)(1)(1)(1)(1)(1)(1)(1)(1)(1).jpeg', '225', '225', 'Lorem ipsum dolor sit amet, consectetuer adipiscing elit. '),
(1199, 411, 'item', '10(1)(1)(1)(1)(1)(1)(1)(1)(1)(1)(1)(1)(1)(1)(1)(1)(1).jpeg', '251', '201', 'Lorem ipsum dolor sit amet, consectetuer adipiscing elit.'),
(1200, 411, 'item', '11(1)(1)(1)(1)(1)(1)(1)(1)(1)(1)(1)(1)(1)(1)(1)(1)(1)(1)(1).jpeg', '183', '276', 'Lorem ipsum dolor sit amet, consectetuer adipiscing elit.'),
(1201, 412, 'item', '11(1)(1)(1)(1)(1)(1)(1)(1)(1)(1)(1)(1)(1)(1)(1)(1)(1)(1)(1)(1).jpeg', '225', '225', 'Lorem ipsum dolor sit amet, consectetuer adipiscing elit. '),
(1202, 412, 'item', '9(1)(1)(1)(1)(1)(1)(1)(1)(1)(1)(1)(1)(1)(1)(1)(1)(1)(1)(1)(1)(1)(1)(1)(1)(1)(1)(1)(1)(1)(1)(1).jpeg', '163', '310', 'Lorem ipsum dolor sit amet, consectetuer adipiscing elit. '),
(1203, 413, 'item', '8(1)(1)(1)(1)(1)(1)(1)(1)(1)(1)(1)(1)(1)(1)(1)(1)(1).jpeg', '225', '225', 'Lorem ipsum dolor sit amet, consectetuer adipiscing elit. '),
(1204, 413, 'item', '11(1)(1)(1)(1)(1)(1)(1)(1)(1)(1)(1)(1)(1)(1)(1)(1)(1)(1)(1)(1)(1).jpeg', '225', '225', 'Lorem ipsum dolor sit amet, consectetuer adipiscing elit. '),
(1205, 414, 'item', '10(1)(1)(1)(1)(1)(1)(1)(1)(1)(1)(1)(1)(1)(1)(1)(1)(1)(1).jpeg', '217', '232', 'Lorem ipsum dolor sit amet, consectetuer adipiscing elit. '),
(1206, 414, 'item', '5(1)(1)(1)(1)(1)(1)(1)(1)(1)(1)(1)(1)(1)(1)(1)(1)(1)(1)(1)(1)(1)(1)(1)(1)(1)(1)(1)(1)(1)(1)(1)(1)(1).jpeg', '227', '222', 'Lorem ipsum dolor sit amet, consectetuer adipiscing elit. '),
(1207, 415, 'item', '4(1)(1)(1)(1)(1)(1)(1)(1)(1)(1)(1)(1)(1)(1)(1)(1)(1)(1)(1)(1)(1)(1)(1)(1)(1)(1)(1)(1)(1)(1).jpeg', '259', '194', 'Lorem ipsum dolor sit amet, consectetuer adipiscing elit.'),
(1208, 415, 'item', '11(1)(1)(1)(1)(1)(1)(1)(1)(1)(1)(1)(1)(1)(1)(1)(1)(1)(1)(1)(1)(1)(1).jpeg', '225', '225', 'Lorem ipsum dolor sit amet, consectetuer adipiscing elit.'),
(1209, 11, 'feed', '10(1)(1)(1)(1)(1)(1)(1)(1)(1)(1)(1)(1)(1)(1)(1)(1)(1)(1)(1).jpeg', '203', '248', 'Nam pretium turpis et arcu. Duis arcu tortor, suscipit eget'),
(1210, 11, 'feed', '11(1)(1)(1)(1)(1)(1)(1)(1)(1)(1)(1)(1)(1)(1)(1)(1)(1)(1)(1)(1)(1)(1)(1).jpeg', '225', '225', 'Nam pretium turpis et arcu. Duis arcu tortor, suscipit eget'),
(1211, 11, 'feed', '3(1)(1)(1)(1)(1)(1)(1)(1)(1)(1)(1)(1)(1)(1)(1)(1)(1)(1)(1)(1)(1)(1)(1)(1)(1)(1)(1)(1)(1)(1)(1)(1)(1)(1)(1)(1)(1)(1)(1)(1)(1)(1)(1).jpeg', '259', '194', 'Nam pretium turpis et arcu. Duis arcu tortor, suscipit eget'),
(1212, 12, 'feed', '10(1)(1)(1).jpg', '235', '235', 'Nam pretium turpis et arcu. Duis arcu tortor, suscipit eget, '),
(1213, 12, 'feed', '1(1)(1)(1)(1)(1).jpg', '300', '300', 'Nam pretium turpis et arcu. Duis arcu tortor, suscipit eget, '),
(1214, 12, 'feed', '5(1)(1)(1)(1)(1)(1)(1)(1)(1)(1)(1)(1)(1)(1)(1)(1)(1)(1)(1)(1)(1)(1)(1)(1)(1)(1)(1)(1)(1)(1)(1)(1)(1)(1).jpeg', '255', '197', 'Nam pretium turpis et arcu. Duis arcu tortor, suscipit eget, '),
(1215, 13, 'feed', '3(1)(1)(1)(1)(1)(1).jpg', '302', '302', 'Nam pretium turpis et arcu. Duis arcu tortor'),
(1216, 13, 'feed', '5(1)(1)(1)(1)(1)(1)(1)(1)(1)(1)(1)(1)(1)(1)(1)(1)(1)(1)(1)(1)(1)(1)(1)(1)(1)(1)(1)(1)(1)(1)(1)(1)(1)(1)(1).jpeg', '259', '195', 'Nam pretium turpis et arcu. Duis arcu tortor'),
(1217, 14, 'feed', '16(1)(1)(1)(1)(1)(1)(1).jpeg', '187', '270', 'Nam pretium turpis et arcu. Duis arcu tortor'),
(1218, 14, 'feed', '10(1)(1)(1)(1)(1)(1)(1)(1)(1)(1)(1)(1)(1)(1)(1)(1)(1)(1)(1)(1).jpeg', '289', '174', 'Nam pretium turpis et arcu. Duis arcu tortor'),
(1219, 15, 'feed', '8(1)(1)(1)(1)(1)(1)(1)(1)(1)(1)(1)(1)(1)(1)(1)(1)(1)(1).jpeg', '225', '225', 'Nam pretium turpis et arcu. Duis arcu tortor, suscipit eget'),
(1220, 15, 'feed', '6(1)(1)(1)(1)(1)(1)(1)(1)(1)(1)(1)(1)(1)(1)(1)(1)(1)(1)(1)(1)(1)(1)(1)(1)(1)(1)(1).jpeg', '207', '207', 'Nam pretium turpis et arcu. Duis arcu tortor, suscipit eget'),
(1221, 16, 'feed', '9(1)(1)(1)(1)(1)(1)(1)(1)(1)(1)(1)(1)(1)(1)(1)(1)(1)(1)(1)(1)(1)(1)(1)(1)(1)(1)(1)(1)(1)(1)(1)(1).jpeg', '188', '193', 'Nam pretium turpis et arcu. Duis arcu tortor, suscipit eget'),
(1222, 16, 'feed', '7(1)(1)(1)(1)(1)(1)(1)(1)(1)(1)(1)(1)(1)(1)(1)(1)(1)(1)(1)(1)(1)(1).jpeg', '200', '211', 'Nam pretium turpis et arcu. Duis arcu tortor, suscipit eget'),
(1223, 17, 'feed', '13(1).jpg', '600', '600', 'Nam pretium turpis et arcu. Duis arcu tortor'),
(1224, 17, 'feed', '8(1)(1)(1)(1)(1)(1)(1)(1)(1)(1)(1)(1)(1)(1)(1)(1)(1)(1)(1).jpeg', '276', '183', 'Nam pretium turpis et arcu. Duis arcu tortor'),
(1225, 18, 'feed', '14(1)(1)(1)(1)(1)(1)(1)(1)(1)(1)(1)(1)(1)(1)(1).jpeg', '225', '225', 'Nam pretium turpis et arcu. Duis arcu tortor'),
(1226, 18, 'feed', '7(1)(1)(1)(1)(1)(1)(1)(1)(1)(1)(1)(1)(1)(1)(1)(1)(1)(1)(1)(1)(1)(1)(1).jpeg', '262', '193', 'Nam pretium turpis et arcu. Duis arcu tortor'),
(1227, 19, 'feed', '6(1)(1)(1)(1)(1)(1)(1)(1)(1)(1)(1)(1)(1)(1)(1)(1)(1)(1)(1)(1)(1)(1)(1)(1)(1)(1)(1)(1).jpeg', '259', '194', 'amet, nonummy id, imperdiet feugiat, pede. '),
(1228, 19, 'feed', '8(1)(1)(1)(1)(1)(1)(1)(1)(1)(1)(1)(1)(1)(1)(1)(1)(1)(1)(1)(1).jpeg', '200', '200', 'amet, nonummy id, imperdiet feugiat, pede. '),
(1229, 20, 'feed', '6(1)(1)(1)(1)(1)(1)(1)(1)(1)(1)(1)(1)(1)(1)(1)(1)(1)(1)(1)(1)(1)(1)(1)(1)(1)(1)(1)(1)(1).jpeg', '224', '192', ' nonummy id, imperdiet feugiat, pede. '),
(1230, 20, 'feed', '12(1)(1)(1)(1)(1)(1)(1)(1)(1)(1)(1)(1)(1)(1)(1)(1)(1)(1)(1)(1)(1)(1)(1).jpeg', '174', '290', ' nonummy id, imperdiet feugiat, pede. '),
(1231, 21, 'feed', '6(1)(1)(1)(1)(1)(1)(1)(1)(1)(1)(1)(1)(1)(1)(1)(1)(1)(1)(1)(1)(1)(1)(1)(1)(1)(1)(1)(1)(1)(1).jpeg', '130', '181', 'Nam pretium turpis et arcu. Duis arcu tortor'),
(1232, 21, 'feed', '12(1)(1)(1)(1)(1)(1)(1)(1)(1)(1)(1)(1)(1)(1)(1)(1)(1)(1)(1)(1)(1)(1)(1)(1).jpeg', '242', '208', 'Nam pretium turpis et arcu. Duis arcu tortor'),
(1233, 416, 'item', '8(29).jpeg', '203', '248', 'Maecenas tempus, tellus eget condimentum rhoncus'),
(1234, 416, 'item', '6(43).jpeg', '209', '242', 'Maecenas tempus, tellus eget condimentum rhoncus'),
(1235, 417, 'item', '9(32).jpeg', '195', '259', 'Lorem ipsum dolor sit amet, consectetuer adipiscing elit'),
(1236, 417, 'item', '5(41).jpeg', '225', '225', 'Lorem ipsum dolor sit amet, consectetuer adipiscing elit'),
(1237, 418, 'item', '7(40).jpeg', '179', '282', 'Lorem ipsum dolor sit amet, consectetuer adipiscing elit.'),
(1238, 418, 'item', '3(46).jpeg', '194', '259', 'Lorem ipsum dolor sit amet, consectetuer adipiscing elit.'),
(1239, 419, 'item', '5(42).jpeg', '225', '225', 'Lorem ipsum dolor sit amet, consectetuer adipiscing elit.'),
(1240, 419, 'item', '4(50).jpeg', '144', '192', 'Lorem ipsum dolor sit amet, consectetuer adipiscing elit.'),
(1241, 420, 'item', '4(51).jpeg', '144', '192', 'Lorem ipsum dolor sit amet, consectetuer adipiscing elit.'),
(1242, 420, 'item', '2(38).jpeg', '201', '251', 'Lorem ipsum dolor sit amet, consectetuer adipiscing elit.'),
(1243, 421, 'item', '1(5).jpg', '1000', '1000', 'Lorem ipsum dolor sit amet, consectetuer adipiscing elit.'),
(1244, 421, 'item', '6(44).jpeg', '209', '242', 'Lorem ipsum dolor sit amet, consectetuer adipiscing elit.'),
(1245, 422, 'item', '11(29).jpeg', '194', '259', 'Lorem ipsum dolor sit amet, consectetuer adipiscing elit.'),
(1246, 422, 'item', '5(43).jpeg', '225', '225', 'Lorem ipsum dolor sit amet, consectetuer adipiscing elit.'),
(1247, 423, 'item', '3(47).jpeg', '194', '259', ' In enim justo, rhoncus ut, imperdiet a, venenatis vitae, justo. '),
(1248, 423, 'item', '7(41).jpeg', '179', '282', ' In enim justo, rhoncus ut, imperdiet a, venenatis vitae, justo. '),
(1249, 424, 'item', '10(32).jpeg', '194', '259', 'Lorem ipsum dolor sit amet, consectetuer adipiscing elit.'),
(1250, 424, 'item', '4(52).jpeg', '144', '192', 'Lorem ipsum dolor sit amet, consectetuer adipiscing elit.'),
(1252, 1, 'shop', 'shop_cover5.jpeg', '600', '400', 'Lorem ipsum dolor sit amet, consectetuer adipiscing elit. '),
(1253, 425, 'item', '13(30).jpeg', '292', '173', 'Lorem ipsum dolor sit amet'),
(1254, 426, 'item', '12(25).jpeg', '225', '225', 'Lorem ipsum dolor sit amet'),
(1255, 427, 'item', '11(30).jpeg', '240', '180', 'Lorem ipsum dolor sit amet'),
(1256, 428, 'item', '9(33).jpeg', '225', '225', 'Lorem ipsum dolor sit amet'),
(1257, 429, 'item', '8(30).jpeg', '225', '225', 'Lorem ipsum dolor sit amet'),
(1258, 430, 'item', '7(42).jpeg', '197', '255', 'Lorem ipsum dolor sit amet'),
(1259, 431, 'item', '6(45).jpeg', '225', '225', 'Lorem ipsum dolor sit amet'),
(1260, 432, 'item', '4(53).jpeg', '225', '225', 'Lorem ipsum dolor sit amet'),
(1261, 433, 'item', '3(48).jpeg', '259', '194', 'Lorem ipsum dolor sit amet'),
(1262, 434, 'item', '2(39).jpeg', '259', '194', 'Lorem ipsum dolor sit amet'),
(1263, 435, 'item', '1(2).jpeg', '275', '183', 'Lorem ipsum dolor sit amet'),
(1264, 436, 'item', '13(31).jpeg', '292', '173', 'Lorem ipsum dolor sit amet'),
(1265, 437, 'item', '12(26).jpeg', '225', '225', 'Lorem ipsum dolor sit amet'),
(1266, 438, 'item', '11(31).jpeg', '240', '180', 'Lorem ipsum dolor sit amet'),
(1267, 439, 'item', '9(34).jpeg', '225', '225', 'Lorem ipsum dolor sit amet'),
(1268, 440, 'item', '8(31).jpeg', '225', '225', 'Lorem ipsum dolor sit amet'),
(1269, 441, 'item', '7(43).jpeg', '197', '255', 'Lorem ipsum dolor sit amet'),
(1270, 442, 'item', '6(46).jpeg', '225', '225', 'Lorem ipsum dolor sit amet'),
(1271, 443, 'item', '6(47).jpeg', '225', '225', 'Lorem ipsum dolor sit amet'),
(1272, 444, 'item', '5(44).jpeg', '225', '225', 'Lorem ipsum dolor sit amet'),
(1273, 445, 'item', '3(49).jpeg', '259', '194', 'Lorem ipsum dolor sit amet'),
(1274, 446, 'item', '1(36).jpeg', '275', '183', 'Lorem ipsum dolor sit amet'),
(1275, 447, 'item', '2(40).jpeg', '259', '194', 'Lorem ipsum dolor sit amet'),
(1276, 448, 'item', '13(32).jpeg', '292', '173', 'Lorem ipsum dolor sit amet'),
(1277, 449, 'item', '12(27).jpeg', '225', '225', 'Lorem ipsum dolor sit amet'),
(1278, 450, 'item', '11(32).jpeg', '240', '180', 'Lorem ipsum dolor sit amet'),
(1279, 451, 'item', '10(33).jpeg', '225', '225', 'Lorem ipsum dolor sit amet'),
(1280, 452, 'item', '9(35).jpeg', '225', '225', 'Lorem ipsum dolor sit amet'),
(1281, 453, 'item', '8(32).jpeg', '225', '225', 'Lorem ipsum dolor sit amet'),
(1282, 454, 'item', '7(44).jpeg', '197', '255', 'Aenean massa'),
(1283, 455, 'item', '6(48).jpeg', '225', '225', 'Lorem ipsum dolor sit amet'),
(1284, 456, 'item', '5(45).jpeg', '225', '225', 'Lorem ipsum dolor sit amet'),
(1285, 457, 'item', '4(54).jpeg', '225', '225', 'Lorem ipsum dolor sit amet'),
(1286, 458, 'item', '4(55).jpeg', '225', '225', 'Lorem ipsum dolor sit amet'),
(1287, 459, 'item', '3(50).jpeg', '259', '194', 'Lorem ipsum dolor sit amet'),
(1288, 460, 'item', '12(28).jpeg', '225', '225', 'Lorem ipsum dolor sit amet'),
(1289, 461, 'item', '10(34).jpeg', '225', '225', 'Lorem ipsum dolor sit amet'),
(1290, 462, 'item', '8(33).jpeg', '225', '225', 'Lorem ipsum dolor sit amet'),
(1291, 100, 'sub_category', 'soccer_shoes_3.jpeg', '300', '300', ''),
(1292, 463, 'item', 'soccer_shoes_1.jpeg', '225', '225', 'shoes 1'),
(1293, 463, 'item', 'soccer_shoes_2.jpeg', '230', '230', 'shoes 2'),
(1294, 24, 'category', 'phone.png', '300', '223', ''),
(1295, 101, 'sub_category', 'LG1.jpg', '450', '450', ''),
(1296, 102, 'sub_category', 'samsung1.jpg', '450', '450', ''),
(1297, 464, 'item', 'LG1(1).jpg', '450', '450', 'LG 1'),
(1298, 464, 'item', 'LG2.jpg', '300', '300', 'LG 2'),
(1299, 465, 'item', 'samsung2.jpg', '505', '450', 'samsung 1'),
(1300, 465, 'item', 'samsung1(1).jpg', '450', '450', 'samsung 2');

-- --------------------------------------------------------

--
-- Struktur dari tabel `mk_inquiries`
--

CREATE TABLE `mk_inquiries` (
  `id` int(11) NOT NULL,
  `item_id` int(11) NOT NULL,
  `shop_id` int(11) NOT NULL,
  `name` varchar(255) NOT NULL,
  `email` varchar(255) NOT NULL,
  `message` text NOT NULL,
  `status` int(11) NOT NULL DEFAULT '1',
  `added` timestamp NOT NULL DEFAULT CURRENT_TIMESTAMP,
  `updated` timestamp NULL DEFAULT NULL
) ENGINE=InnoDB DEFAULT CHARSET=utf8;

--
-- Dumping data untuk tabel `mk_inquiries`
--

INSERT INTO `mk_inquiries` (`id`, `item_id`, `shop_id`, `name`, `email`, `message`, `status`, `added`, `updated`) VALUES
(1, 1, 1, 'han', 'han@gmail.com', 'test inq', 1, '2014-12-16 19:47:14', NULL),
(2, 1, 1, 'han', 'pphmit@gmail.com', 'inquiry submit from android', 1, '2014-12-23 16:51:12', NULL),
(3, 25, 1, 'Jole', 'jole@gmail.com', 'volutpat nibh, nec pellentesque velit pede quis nunc. ', 1, '2014-12-24 21:41:55', NULL),
(4, 37, 1, 'mike', 'mike@hotmail.com', 'inquiry submit from android tablet testing', 1, '2014-12-24 22:56:28', NULL),
(5, 215, 2, 'carlos', 'carlos@yahoo.com', 'item inquiry testing from android phone', 1, '2014-12-26 07:15:37', NULL),
(6, 153, 2, 'John', 'john@gmail.com', 'item inquiry submit from android tablet', 1, '2014-12-26 09:26:56', NULL),
(7, 1, 1, 'Jack', 'jack@gmail.com', 'Lorem ipsum dolor sit amet,consectetuer adipiscing elit. Aenean commodo ligula eget dolor. Aenean massa. Cum sociis natoque penatibus et magnis dis parturient montes, nascetur ridiculus\r\nmus.', 1, '2014-12-31 14:19:01', NULL),
(8, 2, 1, 'Larry', 'larry@gmail.com', 'Lorem ipsum dolor sit amet,consectetuer adipiscing elit. Aenean commodo ligula eget dolor. Aenean massa. Cum sociis natoque penatibus et magnis dis parturient montes, nascetur ridiculus\r\nmus.', 1, '2014-12-31 14:19:01', NULL),
(9, 212, 2, 'Cole', 'cole@gmail.com', 'Lorem ipsum dolor sit amet, consectetuer adipiscing elit. Aenean commodo ligula eget dolor. Aenean massa. Cum sociis natoque penatibus et magnis dis parturient montes, nascetur ridiculus mus. Donec quam felis, ultricies nec, pellentesque eu, pretium quis, sem.', 1, '2015-01-01 20:49:58', NULL),
(10, 213, 2, 'Kent', 'kent@gmail.com', 'Lorem ipsum dolor sit amet, consectetuer adipiscing elit. Aenean commodo ligula eget dolor. Aenean massa. Cum sociis natoque penatibus et magnis dis parturient montes, nascetur ridiculus mus. Donec quam felis, ultricies nec, pellentesque eu, pretium quis, sem.', 1, '2015-01-01 20:50:30', NULL),
(11, 173, 2, 'Ruben', 'ruben@gmail.com', 'Lorem ipsum dolor sit amet, consectetuer adipiscing elit. Aenean commodo ligula eget dolor. Aenean massa. Cum sociis natoque penatibus et magnis dis parturient montes, nascetur ridiculus mus. Donec quam felis, ultricies nec, pellentesque eu, pretium quis, sem.', 1, '2015-01-01 20:51:19', NULL),
(12, 228, 3, 'Nicole', 'nicole@gmail.com', 'Aenean posuere, tortor sed cursus feugiat, nunc augue blandit nunc, eu sollicitudin urna dolor\rsagittis lacus. ', 1, '2015-01-01 20:55:30', NULL),
(13, 229, 3, 'Juliet', 'juliet@hotmail.com', 'Aenean posuere, tortor sed cursus feugiat, nunc augue blandit nunc, eu sollicitudin urna dolor\rsagittis lacus. ', 1, '2015-01-01 20:56:08', NULL),
(14, 233, 3, 'Gio', 'giolet@yahoo.com', 'Aenean posuere, tortor sed cursus feugiat, nunc augue blandit nunc, eu sollicitudin urna dolor\rsagittis lacus. ', 1, '2015-01-01 20:56:43', NULL),
(15, 239, 3, 'Kent', 'kent@gmail.com', 'Aenean posuere, tortor sed cursus feugiat, nunc augue blandit nunc, eu sollicitudin urna dolor\rsagittis lacus. ', 1, '2015-01-01 20:57:20', NULL),
(16, 244, 3, 'John', 'john@gmail.com', 'Aenean posuere, tortor sed cursus feugiat, nunc augue blandit nunc, eu sollicitudin urna dolor\rsagittis lacus. ', 1, '2015-01-01 20:57:57', NULL),
(17, 356, 4, 'Jaz', 'jac@hotmail.com', 'Aenean posuere, tortor sed cursus feugiat, nunc augue blandit nunc, eu sollicitudin urna dolor\rsagittis lacus. ', 1, '2015-01-01 21:01:22', NULL),
(18, 357, 4, 'bill', 'bill@yahoo.com', 'Aenean posuere, tortor sed cursus feugiat, nunc augue blandit nunc, eu sollicitudin urna dolor\rsagittis lacus. ', 1, '2015-01-01 21:02:05', NULL),
(19, 362, 4, 'carol', 'carol@gmail.com', 'Aenean posuere, tortor sed cursus feugiat, nunc augue blandit nunc, eu sollicitudin urna dolor\rsagittis lacus. ', 1, '2015-01-01 21:02:41', NULL),
(20, 365, 4, 'mike', 'mike@gmail.com', 'Aenean posuere, tortor sed cursus feugiat, nunc augue blandit nunc, eu sollicitudin urna dolor\rsagittis lacus. ', 1, '2015-01-01 21:03:24', NULL),
(21, 366, 4, 'janu', 'janu@gmail.com', 'Aenean posuere, tortor sed cursus feugiat, nunc augue blandit nunc, eu sollicitudin urna dolor\rsagittis lacus. ', 1, '2015-01-01 21:04:03', NULL),
(22, 173, 2, 'Mike', 'mike@gmail.com', 'Lorem ipsum dolor sit amet, consectetuer adipiscing elit. Aenean commodo ligula eget dolor. Aenean massa. Cum sociis natoque penatibus et magnis dis parturient montes, nascetur ridiculus mus. Donec quam felis, ultricies nec, pellentesque eu, pretium quis, sem.', 1, '2015-01-02 14:44:43', NULL),
(23, 117, 1, 'Jack', 'jack@gmail.com', 'Lorem ipsum dolor sit amet, consectetuer adipiscing elit. Aenean commodo ligula eget dolor.', 1, '2015-01-02 15:55:09', NULL),
(24, 348, 4, 'Ronal', 'ronal@hotmail.com', 'Aenean posuere, tortor sed cursus feugiat, nunc augue blandit nunc, eu sollicitudin urna dolor\rsagittis lacus. ', 1, '2015-01-02 17:32:22', NULL),
(25, 371, 4, 'joe', 'joe@hotmail.com', 'item inquiry testing from android tablet', 1, '2015-01-02 19:34:40', NULL),
(26, 386, 4, 'hany', 'hany@yahoo.com', 'Aenean posuere, tortor sed cursus feugiat, nunc augue blandit nunc, eu sollicitudin urna dolor\rsagittis lacus. ', 1, '2015-01-02 19:36:46', NULL),
(27, 423, 3, 'han', 'han@hotmail.com', 'Lorem ipsum dolor sit amet, consectetuer adipiscing elit. Aenean commodo ligula eget dolor.', 1, '2015-01-02 20:00:40', NULL),
(28, 419, 3, 'mike', 'mike@hotmail.com', 'Lorem ipsum dolor sit amet, consectetuer adipiscing elit. Aenean commodo ligula eget dolor.', 1, '2015-01-02 20:23:22', NULL),
(29, 1, 1, 'grant', 'grant@gmail.com', 'can i get discount?', 1, '2016-07-24 10:50:07', NULL),
(39, 1, 1, 'error', 'ps@gmail.com', 'trans outside', 1, '2016-08-10 18:19:00', NULL),
(40, 1, 1, 'error', 'ps@gmail.com', 'trans outside', 1, '2016-08-10 18:21:18', NULL),
(41, 1, 1, 'error', 'ps@gmail.com', 'trans outside', 1, '2016-08-10 18:36:33', NULL),
(42, 1, 1, 'error', 'ps@gmail.com', 'trans outside', 1, '2016-08-10 20:10:44', NULL),
(43, 463, 3, 'gray', 'gray@gmail.com', 'Got discount?', 1, '2016-08-13 22:40:24', NULL),
(44, 4, 1, 'Han', 'han@gmail.com', 'I want to know office hour?', 1, '2016-08-15 17:22:32', NULL),
(45, 464, 1, 'han', 'han@gmail.com', 'can i know shop address?', 1, '2016-08-15 18:37:25', NULL);

-- --------------------------------------------------------

--
-- Struktur dari tabel `mk_items`
--

CREATE TABLE `mk_items` (
  `id` int(11) NOT NULL,
  `cat_id` int(11) NOT NULL,
  `sub_cat_id` int(11) NOT NULL,
  `shop_id` int(11) NOT NULL,
  `discount_type_id` int(11) NOT NULL,
  `name` varchar(255) NOT NULL,
  `description` text NOT NULL,
  `unit_price` float NOT NULL,
  `search_tag` text NOT NULL,
  `is_published` int(11) NOT NULL DEFAULT '0',
  `added` timestamp NOT NULL DEFAULT CURRENT_TIMESTAMP,
  `updated` timestamp NULL DEFAULT NULL
) ENGINE=InnoDB DEFAULT CHARSET=utf8;

--
-- Dumping data untuk tabel `mk_items`
--

INSERT INTO `mk_items` (`id`, `cat_id`, `sub_cat_id`, `shop_id`, `discount_type_id`, `name`, `description`, `unit_price`, `search_tag`, `is_published`, `added`, `updated`) VALUES
(1, 1, 1, 1, 1, 'Cable 1', 'Lorem ipsum dolor sit amet, consectetuer adipiscing elit. Aenean commodo ligula eget dolor. Aenean massa. Cum sociis natoque penatibus et magnis dis parturient montes, nascetur ridiculus mus. Donec quam felis, ultricies nec, pellentesque eu, pretium quis, sem.', 10.5, 'Cable,Accessories', 1, '2014-12-10 17:46:47', NULL),
(2, 1, 1, 1, 0, 'Cable 2', 'Lorem ipsum dolor sit amet, consectetuer adipiscing elit. Aenean commodo ligula eget dolor. Aenean massa. Cum sociis natoque penatibus et magnis dis parturient montes, nascetur ridiculus mus. Donec quam felis, ultricies nec, pellentesque eu, pretium quis, sem.', 20, 'Cable,Accessories', 1, '2014-12-10 17:49:19', NULL),
(3, 1, 1, 1, 1, 'Cable 3', 'Lorem ipsum dolor sit amet, consectetuer adipiscing elit. Aenean commodo ligula eget dolor. Aenean massa. Cum sociis natoque penatibus et magnis dis parturient montes, nascetur ridiculus mus. Donec quam felis, ultricies nec, pellentesque eu, pretium quis, sem. ', 15, 'Cable,Accessories', 1, '2014-12-10 17:52:09', NULL),
(4, 1, 1, 1, 0, 'Cable 4', 'Lorem ipsum dolor sit amet, consectetuer adipiscing elit. Aenean commodo ligula eget dolor. Aenean massa. Cum sociis natoque penatibus et magnis dis parturient montes, nascetur ridiculus mus. Donec quam felis, ultricies nec, pellentesque eu, pretium quis, sem.', 25, 'Cable,Accessories', 1, '2014-12-10 17:53:11', NULL),
(5, 1, 1, 1, 0, 'Cable 5', 'Aenean posuere, tortor sed cursus feugiat, nunc augue blandit nunc, eu sollicitudin urna dolor sagittis lacus. Donec elit libero, sodales nec, volutpat a, suscipit non, turpis. Nullam sagittis. Suspendisse pulvinar, augue ac venenatis condimentum, sem libero volutpat nibh, nec pellentesque velit pede quis nunc.', 10, 'Cable,Accessories', 1, '2014-12-10 17:55:15', NULL),
(6, 1, 1, 1, 0, 'Cable 6', 'Vestibulum ante ipsum primis in faucibus orci luctus et ultrices posuere cubilia\nCurae; Fusce id purus. Ut varius tincidunt libero. Phasellus dolor. Maecenas vestibulum mollis diam. Pellentesque ut neque. Pellentesque habitant morbi tristique senectus et netus et malesuada fames ac turpis egestas.', 25, 'Cable,Accessories', 1, '2014-12-10 17:56:18', NULL),
(7, 1, 1, 1, 0, 'Cable 7', 'Praesent congue erat at massa. Sed cursus turpis vitae tortor. Donec posuere vulputate arcu. Phasellus accumsan cursus velit. Vestibulum ante ipsum primis in faucibus orci luctus et ultrices posuere cubilia Curae; Sed aliquam, nisi quis porttitor congue, elit erat euismod orci, ac placerat dolor lectus quis orci.', 10, 'Cable,Accessories', 1, '2014-12-10 17:57:26', NULL),
(8, 1, 2, 1, 2, 'Keyboard 1', 'Ut varius tincidunt libero. Phasellus dolor. Maecenas vestibulum mollis diam. Pellentesque ut neque. Pellentesque habitant morbi tristique senectus et netus et malesuada fames ac turpis egestas.', 10, 'keyboard,Accessories', 1, '2014-12-10 18:18:48', NULL),
(9, 1, 2, 1, 0, 'Keyboard 2', 'Aenean posuere, tortor sed cursus feugiat, nunc augue blandit nunc, eu sollicitudin urna dolor sagittis lacus. Donec elit libero, sodales nec, volutpat a, suscipit non, turpis. Nullam sagittis. Suspendisse pulvinar, augue ac venenatis condimentum, sem libero volutpat nibh, nec pellentesque velit pede quis nunc. ', 15, 'keyboard,Accessories', 1, '2014-12-10 18:21:41', NULL),
(10, 1, 2, 1, 0, 'Keyboard 3', 'Nam pretium turpis et arcu. Duis arcu tortor, suscipit eget, imperdiet nec, imperdiet iaculis, ipsum. Sed aliquam ultrices mauris. Integer ante arcu, accumsan a, consectetuer eget, posuere ut, mauris. Praesent adipiscing. Phasellus ullamcorper ipsum rutrum nunc.', 15, 'keyboard,Accessories', 1, '2014-12-10 18:22:57', NULL),
(11, 1, 2, 1, 0, 'Keyboard 4', 'Nam pretium turpis et arcu. Duis arcu tortor, suscipit eget, imperdiet nec, imperdiet iaculis, ipsum. Sed aliquam ultrices mauris. Integer ante arcu, accumsan a, consectetuer eget, posuere ut, mauris. Praesent adipiscing. Phasellus ullamcorper ipsum rutrum nunc.', 10, 'keyboard,Accessories', 1, '2014-12-10 19:10:06', NULL),
(12, 1, 2, 1, 0, 'Keyboard 5', 'Nam pretium turpis et arcu. Duis arcu tortor, suscipit eget, imperdiet nec, imperdiet iaculis, ipsum. Sed aliquam ultrices mauris. Integer ante arcu, accumsan a, consectetuer eget, posuere ut, mauris. Praesent adipiscing. Phasellus ullamcorper ipsum rutrum nunc.', 40, 'keyboard,Accessories', 1, '2014-12-10 19:11:06', NULL),
(13, 1, 2, 1, 0, 'Mouse 1', 'Etiam rhoncus. Maecenas tempus, tellus eget condimentum rhoncus, sem quam semper libero, sit amet adipiscing sem neque sed ipsum. Nam quam nunc, blandit vel, luctus pulvinar, hendrerit id, lorem. Maecenas nec odio et ante tincidunt tempus. Donec vitae sapien ut libero venenatis faucibus. Nullam quis ante. Etiam sit amet orci eget eros faucibus tincidunt. ', 10, 'Mouse,Accessories', 1, '2014-12-10 19:12:28', NULL),
(14, 1, 2, 1, 0, 'Mouse 2', 'Donec pede justo, fringilla vel, aliquet nec, vulputate eget, arcu. In enim justo, rhoncus ut, imperdiet a, venenatis vitae, justo. Nullam dictum felis eu pede mollis pretium. Integer tincidunt.Cras dapibus. Vivamus elementum semper nisi. Aenean vulputate eleifend tellus. Aenean leo ligula, porttitor eu, consequat vitae, eleifend ac, enim. Aliquam lorem ante, dapibus in, viverra quis, feugiat a, tellus. Phasellus viverra nulla ut metus varius laoreet. ', 10, 'Mouse,Accessories', 1, '2014-12-10 19:14:09', NULL),
(15, 1, 3, 1, 0, 'Phone 1', 'Maecenas tempus, tellus eget condimentum rhoncus, sem quam semper libero, sit amet adipiscing sem neque sed ipsum. Nam quam nunc, blandit vel, luctus pulvinar, hendrerit id, lorem. Maecenas nec odio et ante tincidunt tempus. Donec vitae sapien ut libero venenatis faucibus. Nullam quis ante. Etiam sit amet orci eget eros faucibus tincidunt. Duis leo. ', 20, 'phones,accessories', 1, '2014-12-10 19:15:37', NULL),
(16, 1, 3, 1, 0, 'Phone 2', 'Sed consequat, leo eget bibendum sodales, augue velit cursus nunc, quis gravida magna mi a libero. Fusce vulputate eleifend sapien. Vestibulum purus quam, scelerisque ut, mollis sed, nonummy id, metus. Nullam accumsan lorem in dui. Cras ultricies mi eu turpis hendrerit fringilla. Vestibulum ante ipsum primis in faucibus orci luctus et ultrices posuere cubilia Curae; In ac dui quis mi consectetuer lacinia.', 20, 'phones,accessories', 1, '2014-12-10 19:17:08', NULL),
(17, 1, 3, 1, 0, 'Phone 3', 'Sed consequat, leo eget bibendum sodales, augue velit cursus nunc, quis gravida magna mi a libero. Fusce vulputate eleifend sapien. Vestibulum purus quam, scelerisque ut, mollis sed, nonummy id, metus. Nullam accumsan lorem in dui. Cras ultricies mi eu turpis hendrerit fringilla. Vestibulum ante ipsum primis in faucibus orci luctus et ultrices posuere cubilia Curae; In ac dui quis mi consectetuer lacinia.', 15, 'phones,accessories', 1, '2014-12-10 19:24:55', NULL),
(18, 1, 3, 1, 0, 'Phone 4', 'Sed consequat, leo eget bibendum sodales, augue velit cursus nunc, quis gravida magna mi a libero. Fusce vulputate eleifend sapien. Vestibulum purus quam, scelerisque ut, mollis sed, nonummy id, metus. Nullam accumsan lorem in dui. Cras ultricies mi eu turpis hendrerit fringilla. Vestibulum ante ipsum primis in faucibus orci luctus et ultrices posuere cubilia Curae; In ac dui quis mi consectetuer lacinia.', 10, 'phones,accessories', 1, '2014-12-10 19:26:20', NULL),
(19, 1, 3, 1, 0, 'Phone 5', 'Sed consequat, leo eget bibendum sodales, augue velitcursus nunc, quis gravida magna mi a libero. Fusce vulputate eleifend sapien. Vestibulum purus quam, scelerisque ut, mollis sed, nonummy id, metus. Nullam accumsan lorem in dui. Cras ultricies mi eu turpis hendrerit fringilla. Vestibulum ante ipsum primis in faucibus orci luctus et ultrices posuere cubilia Curae; In ac dui quis mi consectetuer lacinia.', 15, 'phones,accessories', 1, '2014-12-10 19:27:11', NULL),
(20, 1, 3, 1, 0, 'Phone 6', 'Sed consequat, leo eget bibendum sodales, augue velit cursus nunc, quis gravida magna mi a libero. Fusce vulputate eleifend sapien. Vestibulum purus quam, scelerisque ut, mollis sed, nonummy id, metus. Nullam accumsan lorem in dui. Cras ultricies mi eu turpis hendrerit fringilla. Vestibulum ante ipsum primis in faucibus orci luctus et ultrices posuere cubilia Curae; In ac dui quis mi consectetuer lacinia.', 20, 'phones,accessories', 1, '2014-12-10 19:28:08', NULL),
(21, 1, 4, 1, 0, 'LifeStyle Item 1', 'Nam pretium turpis et arcu. Duis arcu tortor, suscipit eget, imperdiet nec, imperdiet iaculis, ipsum. Sed aliquam ultrices mauris. Integer ante arcu, accumsan a, consectetuer eget, posuere ut, mauris. Praesent adipiscing. Phasellus ullamcorper ipsum rutrum nunc. Nunc nonummy metus. Vestibulum\nvolutpat pretium libero. Cras id dui. Aenean ut eros et nisl sagittis vestibulum.', 15, 'Lifestyle,Accessories', 1, '2014-12-10 19:31:01', NULL),
(22, 1, 4, 1, 0, 'LifeStyle Item 2', 'Nam pretium turpis et arcu. Duis arcu tortor, suscipit eget, imperdiet nec, imperdiet iaculis, ipsum. Sed aliquam ultrices mauris. Integer ante arcu, accumsan a, consectetuer eget, posuere ut, mauris. Praesent adipiscing. Phasellus ullamcorper ipsum rutrum nunc. Nunc nonummy metus. Vestibulum\nvolutpat pretium libero. Cras id dui. Aenean ut eros et nisl sagittis vestibulum.', 25, 'Lifestyle,Accessories', 1, '2014-12-10 19:31:58', NULL),
(23, 1, 4, 1, 0, 'LifeStyle Item 3', 'Nam pretium turpis et arcu. Duis arcu tortor, suscipit eget, imperdiet nec, imperdiet iaculis, ipsum. Sed aliquam ultrices mauris. Integer ante arcu, accumsan a, consectetuer eget, posuere ut, mauris. Praesent adipiscing. Phasellus ullamcorper ipsum rutrum nunc. Nunc nonummy metus. Vestibulum\nvolutpat pretium libero. Cras id dui. Aenean ut eros et nisl sagittis vestibulum.', 20, 'Lifestyle,Accessories', 1, '2014-12-10 19:32:54', NULL),
(24, 1, 4, 1, 0, 'LifeStyle Item 4', 'Nam pretium turpis et arcu. Duis arcu tortor, suscipit eget, imperdiet nec, imperdiet iaculis, ipsum. Sed aliquam ultrices mauris. Integer ante arcu, accumsan a, consectetuer eget, posuere ut, mauris. Praesent adipiscing. Phasellus ullamcorper ipsum rutrum nunc. Nunc nonummy metus. Vestibulum\nvolutpat pretium libero. Cras id dui. Aenean ut eros et nisl sagittis vestibulum.', 15, 'Lifestyle,Accessories', 1, '2014-12-10 19:33:51', NULL),
(25, 1, 4, 1, 0, 'LifeStyle Item 5', 'Nam pretium turpis et arcu. Duis arcu tortor, suscipit eget, imperdiet nec, imperdiet iaculis, ipsum. Sed aliquam ultrices mauris. Integer ante arcu, accumsan a, consectetuer eget, posuere ut, mauris. Praesent adipiscing. Phasellus ullamcorper ipsum rutrum nunc. Nunc nonummy metus. Vestibulum\nvolutpat pretium libero. Cras id dui. Aenean ut eros et nisl sagittis vestibulum.', 20, 'Lifestyle,Accessories', 1, '2014-12-10 19:37:30', NULL),
(26, 1, 4, 1, 0, 'LifeStyle Item 6', 'Nam pretium turpis et arcu. Duis arcu tortor, suscipit eget, imperdiet nec, imperdiet iaculis, ipsum. Sed aliquam ultrices mauris. Integer ante arcu, accumsan a, consectetuer eget, posuere ut, mauris. Praesent adipiscing. Phasellus ullamcorper ipsum rutrum nunc. Nunc nonummy metus. Vestibulum\nvolutpat pretium libero. Cras id dui. Aenean ut eros et nisl sagittis vestibulum.', 25, 'Lifestyle,Accessories', 1, '2014-12-10 19:38:33', NULL),
(27, 1, 4, 1, 0, 'LifeStyle Item 7', 'Nam pretium turpis et arcu. Duis arcu tortor, suscipit eget, imperdiet nec, imperdiet iaculis, ipsum. Sed aliquam ultrices mauris. Integer ante arcu, accumsan a, consectetuer eget, posuere ut, mauris. Praesent adipiscing. Phasellus ullamcorper ipsum rutrum nunc. Nunc nonummy metus. Vestibulum\nvolutpat pretium libero. Cras id dui. Aenean ut eros et nisl sagittis vestibulum.', 25, 'Lifestyle,Accessories', 1, '2014-12-10 19:39:45', NULL),
(28, 2, 5, 1, 0, 'EarPhone 1', 'Sed cursus turpis vitae tortor. Donec posuere vulputate arcu. Phasellus accumsan cursus velit. Vestibulum ante ipsum primis in faucibus orci luctus et ultrices posuere cubilia Curae; Sed aliquam, nisi quis porttitor congue, elit erat euismod orci, ac placerat dolor lectus quis orci. Phasellus consectetuer vestibulum elit. Aenean tellus metus, bibendum sed, posuere ac, mattis non, nunc. Vestibulum fringilla pede sit amet augue. In turpis. Pellentesque posuere. Praesent turpis.', 20, 'earphones,audios', 1, '2014-12-10 19:42:32', NULL),
(29, 2, 5, 1, 0, 'EarPhone 2', 'Sed cursus turpis vitae tortor. Donec posuere vulputate arcu. Phasellus accumsan cursus velit. Vestibulum ante ipsum primis in faucibus orci luctus et ultrices posuere cubilia Curae; Sed aliquam, nisi quis porttitor congue, elit erat euismod orci, ac placerat dolor lectus quis orci. Phasellus consectetuer vestibulum elit. Aenean tellus metus, bibendum sed posuere ac, mattis non, nunc. Vestibulum fringilla pede sit amet augue. In turpis. Pellentesque posuere. Praesent turpis.', 20, 'earphones,audios', 1, '2014-12-10 19:43:42', NULL),
(30, 2, 5, 1, 0, 'EarPhone 3', 'Sed cursus turpis vitae tortor. Donec posuere vulputate arcu. Phasellus accumsan cursus velit. Vestibulum ante ipsum primis in faucibus orci luctus et ultrices posuere cubilia Curae; Sed aliquam, nisi quis porttitor congue, elit erat euismod orci, ac placerat dolor lectus quis orci. Phasellus consectetuer vestibulum elit. Aenean tellus metus, bibendum sed,posuere ac, mattis non, nunc. Vestibulum fringilla pede sit amet augue. In turpis. Pellentesque posuere. Praesent turpis.', 20, 'earphones,audios', 1, '2014-12-10 19:44:44', NULL),
(31, 2, 5, 1, 0, 'EarPhone 4', 'Sed cursus turpis vitae tortor. Donec posuere vulputate arcu. Phasellus accumsan cursus velit. Vestibulum ante ipsum primis in faucibus orci luctus et ultrices posuere cubilia Curae; Sed aliquam, nisi quis porttitor congue, elit erat euismod orci, ac placerat dolor lectus quis orci. Phasellus consectetuer vestibulum elit. Aenean tellus metus, bibendum sed, posuere ac, mattis non, nunc. Vestibulum fringilla pede sit amet augue. In turpis. Pellentesque posuere. Praesent turpis.', 10, 'earphones,audios', 1, '2014-12-10 19:45:47', NULL),
(32, 2, 5, 1, 0, 'EarPhone 5', 'Nunc nonummy metus. Vestibulum volutpat pretium libero. Cras id dui. Aenean ut eros et nisl sagittis vestibulum. Nullam nulla eros, ultricies sit amet, nonummy id, imperdiet feugiat, pede. Sed lectus. Donec mollis hendrerit risus. Phasellus nec sem in justo pellentesque facilisis. Etiam imperdiet imperdiet orci. Nunc nec neque.\nPhasellus leo dolor, tempus non, auctor et, hendrerit quis, nisi.', 25, 'earphones,audios', 1, '2014-12-10 19:46:43', NULL),
(33, 2, 5, 1, 0, 'EarPhone 6', 'Nunc nonummy metus. Vestibulum volutpat pretium libero. Cras id dui. Aenean ut eros et nisl sagittis vestibulum. Nullam nulla eros, ultricies sit amet, nonummy id, imperdiet feugiat, pede. Sed lectus. Donec mollis hendrerit risus. Phasellus nec sem in justo pellentesque facilisis. Etiam imperdiet imperdiet orci. Nunc nec neque.\nPhasellus leo dolor, tempus non, auctor et, hendrerit quis, nisi.', 20, 'earphones,audios', 1, '2014-12-10 19:51:19', NULL),
(34, 2, 5, 1, 0, 'EarPhone 7', 'Nunc nonummy metus. Vestibulum volutpat pretium libero. Cras id dui. Aenean ut eros et nisl sagittis vestibulum. Nullam nulla eros, ultricies sit amet, nonummy id, imperdiet feugiat, pede. Sed lectus. Donec mollis hendrerit risus. Phasellus nec sem in justo pellentesque facilisis. Etiam imperdiet imperdiet orci. Nunc nec neque.\nPhasellus leo dolor, tempus non, auctor et, hendrerit quis, nisi.', 10, 'earphones,audios', 1, '2014-12-10 19:52:13', NULL),
(35, 2, 6, 1, 0, 'EarPieces 1', 'Nunc nonummy metus. Vestibulum volutpat pretium libero. Cras id dui. Aenean ut eros et nisl sagittis vestibulum. Nullam nulla eros, ultricies sit amet, nonummy id, imperdiet feugiat, pede. Sed lectus. Donec mollis hendrerit risus. Phasellus nec sem in justo pellentesque facilisis. Etiam imperdiet imperdiet orci. Nunc nec neque.\nPhasellus leo dolor, tempus non, auctor et, hendrerit quis, nisi.', 10, 'earpieces,audios', 1, '2014-12-10 19:54:22', NULL),
(36, 2, 6, 1, 0, 'EarPieces 2', 'Maecenas malesuada. Praesent congue erat at massa. Sed cursus turpis vitae tortor. Donec posuere vulputate arcu. Phasellus accumsan cursus velit. Vestibulum ante ipsum primis in faucibus orci luctus et ultrices posuere cubilia Curae; Sed aliquam, nisi quis porttitor congue, elit erat euismod orci, ac placerat dolor lectus quis orci.', 20, 'earpieces,audios', 1, '2014-12-10 19:55:51', NULL),
(37, 2, 6, 1, 0, 'EarPieces 3', 'Maecenas malesuada. Praesent congue erat at massa. Sed cursus turpis vitae tortor. Donec posuere vulputate arcu. Phasellus accumsan cursus velit. Vestibulum ante ipsum primis in faucibus orci luctus et ultrices posuere cubilia Curae; Sed aliquam, nisi quis porttitor congue, elit erat euismod orci, ac placerat dolor lectus quis orci.', 15, 'earpieces,audios', 1, '2014-12-10 19:56:39', NULL),
(38, 2, 6, 1, 0, 'EarPieces 4', 'Maecenas malesuada. Praesent congue erat at massa. Sed cursus turpis vitae tortor. Donec posuere vulputate arcu. Phasellus accumsan cursus velit. Vestibulum ante ipsum primis in faucibus orci luctus et ultrices posuere cubilia Curae; Sed aliquam, nisi quis porttitor congue, elit erat euismod orci, ac placerat dolor lectus quis orci.', 25, 'earpieces,audios', 1, '2014-12-10 20:01:00', NULL),
(39, 2, 6, 1, 0, 'EarPieces 5', 'Donec posuere vulputate arcu. Phasellus accumsan cursus velit. Vestibulum ante ipsum primis in faucibus orci luctus et ultrices posuere cubilia Curae; Sed aliquam, nisi quis porttitor congue, elit erat euismod orci, ac placerat dolor lectus quis orci. Phasellus consectetuer vestibulum elit. Aenean tellus metus, bibendum sed,\nposuere ac, mattis non, nunc. ', 15, 'earpieces,audios', 1, '2014-12-10 20:03:33', NULL),
(40, 2, 6, 1, 0, 'EarPieces 6', 'Donec posuere vulputate arcu. Phasellus accumsan cursus velit. Vestibulum ante ipsum primis in faucibus orci luctus et ultrices posuere cubilia Curae; Sed aliquam, nisi quis porttitor congue, elit erat euismod orci, ac placerat dolor lectus quis orci. Phasellus consectetuer vestibulum elit. Aenean tellus metus, bibendum sed,\nposuere ac, mattis non, nunc. Vestibulum fringilla pede sit amet augue. In turpis. ', 15, 'earpieces,audios', 1, '2014-12-10 20:04:27', NULL),
(41, 2, 7, 1, 1, 'Headset 1', 'Donec posuere vulputate arcu. Phasellus accumsan cursus velit. Vestibulum ante ipsum primis in faucibus orci luctus et ultrices posuere cubilia Curae; Sed aliquam, nisi quis porttitor congue, elit erat euismod orci, ac placerat dolor lectus quis orci. Phasellus consectetuer vestibulum elit. Aenean tellus metus, bibendum sed,\nposuere ac, mattis non, nunc. Vestibulum fringilla pede sit amet augue. In turpis. ', 25, 'headset,audios', 1, '2014-12-10 20:05:51', NULL),
(42, 2, 7, 1, 0, 'Headset 2', 'Donec posuere vulputate arcu. Phasellus accumsan cursus velit. Vestibulum ante ipsum primis in faucibus orci luctus et ultrices posuere cubilia Curae; Sed aliquam, nisi quis porttitor congue, elit erat euismod orci, ac placerat dolor lectus quis orci. Phasellus consectetuer vestibulum elit. Aenean tellus metus, bibendum sed,\nposuere ac, mattis non, nunc. Vestibulum fringilla pede sit amet augue. In turpis. ', 25, 'headset,audios', 1, '2014-12-10 20:06:51', NULL),
(43, 2, 7, 1, 0, 'Headset 3', 'Donec posuere vulputate arcu. Phasellus accumsan cursus velit. Vestibulum ante ipsum primis in faucibus orci luctus et ultrices posuere cubilia Curae; Sed aliquam, nisi quis porttitor congue, elit erat euismod orci, ac placerat dolor lectus quis orci. Phasellus consectetuer vestibulum elit. Aenean tellus metus, bibendum sed,\nposuere ac, mattis non, nunc. Vestibulum fringilla pede sit amet augue. In turpis. ', 25, 'headset,audios', 1, '2014-12-10 20:08:08', NULL),
(44, 2, 7, 1, 0, 'Headset 4', 'Donec posuere vulputate arcu. Phasellus accumsan cursus velit. Vestibulum ante ipsum primis in faucibus orci luctus et ultrices posuere cubilia Curae; Sed aliquam, nisi quis porttitor congue, elit erat euismod orci, ac placerat dolor lectus quis orci. Phasellus consectetuer vestibulum elit. Aenean tellus metus, bibendum sed,\nposuere ac, mattis non, nunc. Vestibulum fringilla pede sit amet augue. In turpis. ', 25, 'headset,audios', 1, '2014-12-10 20:09:05', NULL),
(45, 2, 7, 1, 0, 'Headset 5', 'Donec posuere vulputate arcu. Phasellus accumsan cursus velit. Vestibulum ante ipsum primis in faucibus orci luctus et ultrices posuere cubilia Curae; Sed aliquam, nisi quis porttitor congue, elit erat euismod orci, ac placerat dolor lectus quis orci. Phasellus consectetuer vestibulum elit. Aenean tellus metus, bibendum sed,\nposuere ac, mattis non, nunc. Vestibulum fringilla pede sit amet augue. In turpis. ', 25, 'headset,audios', 1, '2014-12-10 20:09:53', NULL),
(46, 2, 7, 1, 0, 'Headset 6', 'Donec posuere vulputate arcu. Phasellus accumsan cursus velit. Vestibulum ante ipsum primis in faucibus orci luctus et ultrices posuere cubilia Curae; Sed aliquam, nisi quis porttitor congue, elit erat euismod orci, ac placerat dolor lectus quis orci. Phasellus consectetuer vestibulum elit. Aenean tellus metus, bibendum sed,\nposuere ac, mattis non, nunc. Vestibulum fringilla pede sit amet augue. In turpis. ', 10, 'headset,audios', 1, '2014-12-10 20:10:48', NULL),
(47, 2, 7, 1, 0, 'Headset 7', 'Donec posuere vulputate arcu. Phasellus accumsan cursus velit. Vestibulum ante ipsum primis in faucibus orci luctus et ultrices posuere cubilia Curae; Sed aliquam, nisi quis porttitor congue, elit erat euismod orci, ac placerat dolor lectus quis orci. Phasellus consectetuer vestibulum elit. Aenean tellus metus, bibendum sed,\nposuere ac, mattis non, nunc. Vestibulum fringilla pede sit amet augue. In turpis. ', 15, 'headset,audios', 1, '2014-12-10 20:11:37', NULL),
(48, 2, 8, 1, 0, 'Speaker 1', 'Donec posuere vulputate arcu. Phasellus accumsan cursus velit. Vestibulum ante ipsum primis in faucibus orci luctus et ultrices posuere cubilia Curae; Sed aliquam, nisi quis porttitor congue, elit erat euismod orci, ac placerat dolor lectus quis orci. Phasellus consectetuer vestibulum elit. Aenean tellus metus, bibendum sed,\nposuere ac, mattis non, nunc. Vestibulum fringilla pede sit amet augue. In turpis. ', 25, 'speakers,audios', 1, '2014-12-10 20:13:13', NULL),
(49, 2, 8, 1, 0, 'Speaker 2', 'Vestibulum ante ipsum primis in faucibus orci luctus et ultrices posuere cubilia\nCurae; Fusce id purus. Ut varius tincidunt libero. Phasellus dolor. Maecenas vestibulum mollis diam. Pellentesque ut neque. Pellentesque habitant morbi tristique senectus et netus et malesuada fames ac turpis egestas.', 15, 'speakers,audios', 1, '2014-12-11 17:04:45', NULL),
(50, 2, 8, 1, 0, 'Speaker 3', 'Vestibulum ante ipsum primis in faucibus orci luctus et ultrices posuere cubilia\nCurae; Fusce id purus. Ut varius tincidunt libero. Phasellus dolor. Maecenas vestibulum mollis diam. Pellentesque ut neque. Pellentesque habitant morbi tristique senectus et netus et malesuada fames ac turpis egestas.', 10, 'speakers,audios', 1, '2014-12-11 17:07:11', NULL),
(51, 2, 8, 1, 0, 'Speaker 4', 'Vestibulum ante ipsum primis in faucibus orci luctus et ultrices posuere cubilia\nCurae; Fusce id purus. Ut varius tincidunt libero. Phasellus dolor. Maecenas vestibulum mollis diam. Pellentesque ut neque. Pellentesque habitant morbi tristique senectus et netus et malesuada fames ac turpis egestas.', 50, 'speakers,audios', 1, '2014-12-11 17:08:04', NULL),
(52, 2, 8, 1, 0, 'Speaker 5', 'Vestibulum ante ipsum primis in faucibus orci luctus et ultrices posuere cubilia\nCurae; Fusce id purus. Ut varius tincidunt libero. Phasellus dolor. Maecenas vestibulum mollis diam. Pellentesque ut neque. Pellentesque habitant morbi tristique senectus et netus et malesuada fames ac turpis egestas.', 50, 'speakers,audios', 1, '2014-12-11 17:09:28', NULL),
(53, 2, 8, 1, 0, 'Speaker 6', 'Vestibulum ante ipsum primis in faucibus orci luctus et ultrices posuere cubilia\nCurae; Fusce id purus. Ut varius tincidunt libero. Phasellus dolor. Maecenas vestibulum mollis diam. Pellentesque ut neque. Pellentesque habitant morbi tristique senectus et netus et malesuada fames ac turpis egestas.', 70, 'speakers,audios', 1, '2014-12-11 17:10:16', NULL),
(54, 2, 8, 1, 0, 'Speaker 7', 'Vestibulum ante ipsum primis in faucibus orci luctus et ultrices posuere cubilia\nCurae; Fusce id purus. Ut varius tincidunt libero. Phasellus dolor. Maecenas vestibulum mollis diam. Pellentesque ut neque. Pellentesque habitant morbi tristique senectus et netus et malesuada fames ac turpis egestas.', 80, 'speakers,audios', 1, '2014-12-11 17:11:03', NULL),
(55, 3, 9, 1, 0, 'Action Camera 1', 'Vestibulum ante ipsum primis in faucibus orci luctus et ultrices posuere cubilia\nCurae; Fusce id purus. Ut varius tincidunt libero. Phasellus dolor. Maecenas vestibulum mollis diam. Pellentesque ut neque. Pellentesque habitant morbi tristique senectus et netus et malesuada fames ac turpis egestas.', 70, 'action camera, camera', 1, '2014-12-11 17:12:41', NULL),
(56, 3, 9, 1, 0, 'Action Camera 2', 'Vestibulum ante ipsum primis in faucibus orci luctus et ultrices posuere cubilia\nCurae; Fusce id purus. Ut varius tincidunt libero. Phasellus dolor. Maecenas vestibulum mollis diam. Pellentesque ut neque. Pellentesque habitant morbi tristique senectus et netus et malesuada fames ac turpis egestas.', 40, 'action camera, camera', 1, '2014-12-11 17:13:35', NULL),
(57, 3, 9, 1, 0, 'Action Camera 3', 'Maecenas nec odio et ante tincidunt tempus. Donec vitae sapien ut libero venenatis faucibus. Nullam quis ante. Etiam sit amet orci eget eros faucibus tincidunt. Duis leo. Sed fringilla mauris sit amet nibh. Donec sodales sagittis magna. Sed consequat, leo eget bibendum sodales, augue velit cursus nunc, quis gravida magna mi a libero. ', 20, 'action camera, camera', 1, '2014-12-11 17:14:23', NULL),
(58, 3, 9, 1, 0, 'Action Camera 4', 'Maecenas nec odio et ante tincidunt tempus. Donec vitae sapien ut libero venenatis faucibus. Nullam quis ante. Etiam sit amet orci eget eros faucibus tincidunt. Duis leo. Sed fringilla mauris sit amet nibh. Donec sodales sagittis magna. Sed consequat, leo eget bibendum sodales, augue velit cursus nunc, quis gravida magna mi a libero. ', 25, 'action camera, camera', 1, '2014-12-11 17:15:17', NULL),
(59, 3, 9, 1, 0, 'Action Camera 5', 'Maecenas nec odio et ante tincidunt tempus. Donec vitae sapien ut libero venenatis faucibus. Nullam quis ante. Etiam sit amet orci eget eros faucibus tincidunt. Duis leo. Sed fringilla mauris sit amet nibh. Donec sodales sagittis magna. Sed consequat, leo eget bibendum sodales, augue velit cursus nunc, quis gravida magna mi a libero. ', 50, 'action camera, camera', 1, '2014-12-11 17:16:08', NULL),
(60, 3, 10, 1, 0, 'Car DVR Camera 1', 'Maecenas nec odio et ante tincidunt tempus. Donec vitae sapien ut libero venenatis faucibus. Nullam quis ante. Etiam sit amet orci eget eros faucibus tincidunt. Duis leo. Sed fringilla mauris sit amet nibh. Donec sodales sagittis magna. Sed consequat, leo eget bibendum sodales, augue velit cursus nunc, quis gravida magna mi a libero. ', 50, 'car dvr camera, camera', 1, '2014-12-11 17:17:34', NULL),
(61, 3, 10, 1, 0, 'Car DVR Camera 2', 'Fusce vulputate eleifend sapien. Vestibulum purus quam, scelerisque ut, mollis sed, nonummy id, metus. Nullam accumsan lorem in dui. Cras ultricies mi eu turpis hendrerit fringilla. Vestibulum ante ipsum primis in faucibus orci luctus et ultrices posuere cubilia Curae; In ac dui quis mi consectetuer lacinia.', 70, 'car dvr camera, camera', 1, '2014-12-11 17:19:05', NULL),
(62, 3, 10, 1, 0, 'Car DVR Camera 3', 'Fusce vulputate eleifend sapien. Vestibulum purus quam, scelerisque ut, mollis sed, nonummy id, metus. Nullam accumsan lorem in dui. Cras ultricies mi eu turpis hendrerit fringilla. Vestibulum ante ipsum primis in faucibus orci luctus et ultrices posuere cubilia Curae; In ac dui quis mi consectetuer lacinia.', 20, 'car dvr camera, camera', 1, '2014-12-11 17:19:53', NULL),
(63, 3, 10, 1, 0, 'Car DVR Camera 4', 'Fusce vulputate eleifend sapien. Vestibulum purus quam, scelerisque ut, mollis sed, nonummy id, metus. Nullam accumsan lorem in dui. Cras ultricies mi eu turpis hendrerit fringilla. Vestibulum ante ipsum primis in faucibus orci luctus et ultrices posuere cubilia Curae; In ac dui quis mi consectetuer lacinia.', 70, 'car dvr camera, camera', 1, '2014-12-11 17:20:43', NULL),
(64, 3, 10, 1, 0, 'Car DVR Camera 5', 'Fusce vulputate eleifend sapien. Vestibulum purus quam, scelerisque ut, mollis sed, nonummy id, metus. Nullam accumsan lorem in dui. Cras ultricies mi eu turpis hendrerit fringilla. Vestibulum ante ipsum primis in faucibus orci luctus et ultrices posuere cubilia Curae; In ac dui quis mi consectetuer lacinia.', 80, 'car dvr camera, camera', 1, '2014-12-11 17:21:44', NULL),
(65, 3, 11, 1, 0, 'Compact Camera 1', 'Fusce vulputate eleifend sapien. Vestibulum purus quam, scelerisque ut, mollis sed, nonummy id, metus. Nullam accumsan lorem in dui. Cras ultricies mi eu turpis hendrerit fringilla. Vestibulum ante ipsum primis in faucibus orci luctus et ultrices posuere cubilia Curae; In ac dui quis mi consectetuer lacinia.', 20, 'compact, camera', 1, '2014-12-11 17:22:58', NULL),
(66, 3, 11, 1, 0, 'Compact Camera 2', 'Fusce vulputate eleifend sapien. Vestibulum purus quam, scelerisque ut, mollis sed, nonummy id, metus. Nullam accumsan lorem in dui. Cras ultricies mi eu turpis hendrerit fringilla. Vestibulum ante ipsum primis in faucibus orci luctus et ultrices posuere cubilia Curae; In ac dui quis mi consectetuer lacinia.', 70, 'compact, camera', 1, '2014-12-11 17:24:06', NULL),
(67, 3, 11, 1, 0, 'Compact Camera 3', 'Fusce vulputate eleifend sapien. Vestibulum purus quam, scelerisque ut, mollis sed, nonummy id, metus. Nullam accumsan lorem in dui. Cras ultricies mi eu turpis hendrerit fringilla. Vestibulum ante ipsum primis in faucibus orci luctus et ultrices posuere cubilia Curae; In ac dui quis mi consectetuer lacinia.', 70, 'compact, camera', 1, '2014-12-11 17:24:56', NULL),
(68, 3, 11, 1, 0, 'Compact Camera 4', 'Fusce vulputate eleifend sapien. Vestibulum purus quam, scelerisque ut, mollis sed, nonummy id, metus. Nullam accumsan lorem in dui. Cras ultricies mi eu turpis hendrerit fringilla. Vestibulum ante ipsum primis in faucibus orci luctus et ultrices posuere cubilia Curae; In ac dui quis mi consectetuer lacinia.', 15, 'compact, camera', 1, '2014-12-11 17:25:53', NULL),
(69, 3, 11, 1, 0, 'Compact Camera 5', 'Fusce vulputate eleifend sapien. Vestibulum purus quam, scelerisque ut, mollis sed, nonummy id, metus. Nullam accumsan lorem in dui. Cras ultricies mi eu turpis hendrerit fringilla. Vestibulum ante ipsum primis in faucibus orci luctus et ultrices posuere cubilia Curae; In ac dui quis mi consectetuer lacinia.', 70, 'compact, camera', 1, '2014-12-11 17:26:50', NULL),
(70, 3, 12, 1, 0, 'DSLR Camera 1', 'Fusce vulputate eleifend sapien. Vestibulum purus quam, scelerisque ut, mollis sed, nonummy id, metus. Nullam accumsan lorem in dui. Cras ultricies mi eu turpis hendrerit fringilla. Vestibulum ante ipsum primis in faucibus orci luctus et ultrices posuere cubilia Curae; In ac dui quis mi consectetuer lacinia.', 70, 'dslr, camera', 1, '2014-12-11 17:27:44', NULL),
(71, 3, 12, 1, 0, 'DSLR Camera 2', 'Nam pretium turpis et arcu. Duis arcu tortor, suscipit eget, imperdiet nec, imperdiet iaculis, ipsum. Sed aliquam ultrices mauris. Integer ante arcu, accumsan a, consectetuer eget, posuere ut, mauris. Praesent adipiscing. Phasellus ullamcorper ipsum rutrum nunc. Nunc nonummy metus. Vestibulum\nvolutpat pretium libero.', 100, 'dslr, camera', 1, '2014-12-11 17:28:46', NULL),
(72, 3, 12, 1, 0, 'DSLR Camera 3', 'Cras id dui. Aenean ut eros et nisl sagittis vestibulum. Nullam nulla eros, ultricies sit amet, nonummy id, imperdiet feugiat, pede. Sed lectus. Donec mollis hendrerit risus. Phasellus nec sem in justo pellentesque facilisis. Etiam imperdiet imperdiet orci. Nunc nec neque. Phasellus leo dolor, tempus non, auctor et, hendrerit quis, nisi.', 200, 'dslr, camera', 1, '2014-12-11 17:29:49', NULL),
(73, 3, 12, 1, 0, 'DSLR Camera 4', 'Cras id dui. Aenean ut eros et nisl sagittis vestibulum. Nullam nulla eros, ultricies sit amet, nonummy id, imperdiet feugiat, pede. Sed lectus. Donec mollis hendrerit risus. Phasellus nec sem in justo pellentesque facilisis. Etiam imperdiet imperdiet orci. Nunc nec neque. Phasellus leo dolor, tempus non, auctor et, hendrerit quis, nisi.', 200, 'dslr, camera', 1, '2014-12-11 17:30:43', NULL),
(74, 3, 12, 1, 0, 'DSLR Camera 5', 'Cras id dui. Aenean ut eros et nisl sagittis vestibulum. Nullam nulla eros, ultricies sit amet, nonummy id, imperdiet feugiat, pede. Sed lectus. Donec mollis hendrerit risus. Phasellus nec sem in justo pellentesque facilisis. Etiam imperdiet imperdiet orci. Nunc nec neque. Phasellus leo dolor, tempus non, auctor et, hendrerit quis, nisi.', 100, 'dslr, camera', 1, '2014-12-11 17:31:23', NULL),
(75, 4, 13, 1, 0, 'Gaming PC 1', 'Vestibulum ante ipsum primis in faucibus orci luctus et ultrices posuere cubilia Curae; Sed aliquam, nisi quis porttitor congue, elit erat euismod orci, ac placerat dolor lectus quis orci. Phasellus consectetuer vestibulum elit. Aenean tellus metus, bibendum sed, posuere ac, mattis non, nunc. Vestibulum fringilla pede sit amet augue. In turpis. Pellentesque posuere. Praesent turpis.', 1000, 'gaming, computers', 1, '2014-12-11 17:32:42', NULL),
(76, 4, 13, 1, 0, 'Gaming PC 2', 'Vestibulum ante ipsum primis in faucibus orci luctus et ultrices posuere cubilia Curae; Sed aliquam, nisi quis porttitor congue, elit erat euismod orci, ac placerat dolor lectus quis orci. Phasellus consectetuer vestibulum elit. Aenean tellus metus, bibendum sed, posuere ac, mattis non, nunc. Vestibulum fringilla pede sit amet augue. In turpis. Pellentesque posuere. Praesent turpis.', 1000, 'gaming, computers', 1, '2014-12-11 17:33:31', NULL),
(77, 4, 13, 1, 0, 'Gaming PC 3', 'Vestibulum ante ipsum primis in faucibus orci luctus et ultrices posuere cubilia Curae; Sed aliquam, nisi quis porttitor congue, elit erat euismod orci, ac placerat dolor lectus quis orci. Phasellus consectetuer vestibulum elit. Aenean tellus metus, bibendum sed, posuere ac, mattis non, nunc. Vestibulum fringilla pede sit amet augue. In turpis. Pellentesque posuere. Praesent turpis.', 2000, 'gaming, computers', 1, '2014-12-11 17:34:33', NULL),
(78, 4, 14, 1, 0, 'NoteBook 1', 'Aenean posuere, tortor sed cursus feugiat, nunc augue blandit nunc, eu sollicitudin urna dolor sagittis lacus. Donec elit libero, sodales nec, volutpat a, suscipit non, turpis. Nullam sagittis. Suspendisse pulvinar, augue ac venenatis condimentum, sem libero volutpat nibh, nec pellentesque velit pede quis nunc. Vestibulum ante ipsum primis in faucibus orci luctus et ultrices posuere cubilia\nCurae; Fusce id purus. ', 2000, 'notebook, computers', 1, '2014-12-11 17:36:00', NULL),
(79, 4, 14, 1, 0, 'NoteBook 2', 'Aenean posuere, tortor sed cursus feugiat, nunc augue blandit nunc, eu sollicitudin urna dolor sagittis lacus. Donec elit libero, sodales nec, volutpat a, suscipit non, turpis. Nullam sagittis. Suspendisse pulvinar, augue ac venenatis condimentum, sem libero volutpat nibh, nec pellentesque velit pede quis nunc. Vestibulum ante ipsum primis in faucibus orci luctus et ultrices posuere cubilia\nCurae; Fusce id purus. ', 2000, 'notebook, computers', 1, '2014-12-11 17:36:45', NULL),
(80, 4, 14, 1, 0, 'NoteBook 3', 'Aenean posuere, tortor sed cursus feugiat, nunc augue blandit nunc, eu sollicitudin urna dolor sagittis lacus. Donec elit libero, sodales nec, volutpat a, suscipit non, turpis. Nullam sagittis. Suspendisse pulvinar, augue ac venenatis condimentum, sem libero volutpat nibh, nec pellentesque velit pede quis nunc. Vestibulum ante ipsum primis in faucibus orci luctus et ultrices posuere cubilia\nCurae; Fusce id purus. ', 3000, 'notebook, computers', 1, '2014-12-11 17:37:39', NULL),
(81, 4, 15, 1, 0, 'Software 1', 'Etiam rhoncus. Maecenas tempus, tellus eget condimentum rhoncus, sem quam semper libero, sit amet adipiscing sem neque sed ipsum. Nam quam nunc, blandit vel, luctus pulvinar, hendrerit id, lorem. Maecenas nec odio et ante tincidunt tempus. Donec vitae sapien ut libero venenatis faucibus. Nullam quis ante. Etiam sit amet orci eget eros faucibus tincidunt. Duis leo. Sed fringilla mauris sit amet nibh. Donec sodales sagittis magna. ', 200, 'software, computer', 1, '2014-12-11 17:39:07', NULL),
(82, 4, 15, 1, 0, 'Software 2', 'Etiam rhoncus. Maecenas tempus, tellus eget condimentum rhoncus, sem quam semper libero, sit amet adipiscing sem neque sed ipsum. Nam quam nunc, blandit vel, luctus pulvinar, hendrerit id, lorem. Maecenas nec odio et ante tincidunt tempus. Donec vitae sapien ut libero venenatis faucibus. Nullam quis ante. Etiam sit amet orci eget eros faucibus tincidunt. Duis leo. Sed fringilla mauris sit amet nibh. Donec sodales sagittis magna. ', 100, 'software, computer', 1, '2014-12-11 17:39:48', NULL),
(83, 4, 15, 1, 0, 'Software 3', 'Sed consequat, leo eget bibendum sodales, augue velit cursus nunc, quis gravida magna mi a libero. Fusce vulputate eleifend sapien. Vestibulum purus quam, scelerisque ut, mollis sed, nonummy id, metus. Nullam accumsan lorem in dui. Cras ultricies mi eu turpis hendrerit fringilla. Vestibulum ante ipsum primis in faucibus orci luctus et ultrices posuere cubilia Curae; In ac dui quis mi consectetuer lacinia.', 80, 'software, computer', 1, '2014-12-11 17:40:44', NULL),
(84, 4, 16, 1, 0, 'UltraBook 1', 'Sed consequat, leo eget bibendum sodales, augue velit cursus nunc, quis gravida magna mi a libero. Fusce vulputate eleifend sapien. Vestibulum purus quam, scelerisque ut, mollis sed, nonummy id, metus. Nullam accumsan lorem in dui. Cras ultricies mi eu turpis hendrerit fringilla. Vestibulum ante ipsum primis in faucibus orci luctus et ultrices posuere cubilia Curae; In ac dui quis mi consectetuer lacinia.', 2000, 'ultrabook, computers', 1, '2014-12-11 17:41:38', NULL),
(85, 4, 16, 1, 0, 'UltraBook 2', 'Sed consequat, leo eget bibendum sodales, augue velit cursus nunc, quis gravida magna mi a libero. Fusce vulputate eleifend sapien. Vestibulum purus quam, scelerisque ut, mollis sed, nonummy id, metus. Nullam accumsan lorem in dui. Cras ultricies mi eu turpis hendrerit fringilla. Vestibulum ante ipsum primis in faucibus orci luctus et ultrices posuere cubilia Curae; In ac dui quis mi consectetuer lacinia.', 1000, 'ultrabook, computers', 1, '2014-12-11 17:42:40', NULL),
(86, 4, 16, 1, 0, 'UltraBook 3', 'Sed consequat, leo eget bibendum sodales, augue velit cursus nunc, quis gravida magna mi a libero. Fusce vulputate eleifend sapien. Vestibulum purus quam, scelerisque ut, mollis sed, nonummy id, metus. Nullam accumsan lorem in dui. Cras ultricies mi eu turpis hendrerit fringilla. Vestibulum ante ipsum primis in faucibus orci luctus et ultrices posuere cubilia Curae; In ac dui quis mi consectetuer lacinia.', 2000, 'ultrabook, computers', 1, '2014-12-11 17:43:21', NULL),
(87, 5, 17, 1, 2, 'Ink 1', 'Sed consequat, leo eget bibendum sodales, augue velit cursus nunc, quis gravida magna mi a libero. Fusce vulputate eleifend sapien. Vestibulum purus quam, scelerisque ut, mollis sed, nonummy id, metus. Nullam accumsan lorem in dui. Cras ultricies mi eu turpis hendrerit fringilla. Vestibulum ante ipsum primis in faucibus orci luctus et ultrices posuere cubilia Curae; In ac dui quis mi consectetuer lacinia.', 15, 'ink, printers', 1, '2014-12-11 17:44:16', NULL),
(88, 5, 17, 1, 0, 'Ink 2', 'Sed consequat, leo eget bibendum sodales, augue velit cursus nunc, quis gravida magna mi a libero. Fusce vulputate eleifend sapien. Vestibulum purus quam, scelerisque ut, mollis sed, nonummy id, metus. Nullam accumsan lorem in dui. Cras ultricies mi eu turpis hendrerit fringilla. Vestibulum ante ipsum primis in faucibus orci luctus et ultrices posuere cubilia Curae; In ac dui quis mi consectetuer lacinia.', 70, 'ink, printers', 1, '2014-12-11 17:45:10', NULL),
(89, 5, 17, 1, 0, 'Ink 3', 'Sed consequat, leo eget bibendum sodales, augue velit cursus nunc, quis gravida magna mi a libero. Fusce vulputate eleifend sapien. Vestibulum purus quam, scelerisque ut, mollis sed, nonummy id, metus. Nullam accumsan lorem in dui. Cras ultricies mi eu turpis hendrerit fringilla. Vestibulum ante ipsum primis in faucibus orci luctus et ultrices posuere cubilia Curae; In ac dui quis mi consectetuer lacinia.', 80, 'ink, printers', 1, '2014-12-11 17:46:00', NULL),
(90, 5, 18, 1, 0, 'Inkjet Printer 1', 'Sed consequat, leo eget bibendum sodales, augue velit cursus nunc, quis gravida magna mi a libero. Fusce vulputate eleifend sapien. Vestibulum purus quam, scelerisque ut, mollis sed, nonummy id, metus. Nullam accumsan lorem in dui. Cras ultricies mi eu turpis hendrerit fringilla. Vestibulum ante ipsum primis in faucibus orci luctus et ultrices posuere cubilia Curae; In ac dui quis mi consectetuer lacinia.', 600, 'inkjet, printers', 1, '2014-12-11 17:47:03', NULL),
(91, 5, 18, 1, 0, 'Inkjet Printer 2', 'Duis arcu tortor, suscipit eget, imperdiet nec, imperdiet iaculis, ipsum. Sed aliquam ultrices mauris. Integer ante arcu, accumsan a, consectetuer eget, posuere ut, mauris. Praesent adipiscing. Phasellus ullamcorper ipsum rutrum nunc. Nunc nonummy metus. Vestibulum volutpat pretium libero. Cras id dui. Aenean ut eros et nisl sagittis vestibulum. Nullam nulla eros, ultricies sit amet, nonummy id, imperdiet feugiat, pede. Sed lectus. Donec mollis hendrerit risus. Phasellus nec sem in justo pellentesque facilisis. Etiam imperdiet imperdiet orci.', 700, 'inkjet, printers', 1, '2014-12-11 17:48:21', NULL),
(92, 5, 18, 1, 0, 'Inkjet Printer 3', 'Duis arcu tortor, suscipit eget, imperdiet nec, imperdiet iaculis, ipsum. Sed aliquam ultrices mauris. Integer ante arcu, accumsan a, consectetuer eget, posuere ut, mauris. Praesent adipiscing. Phasellus ullamcorper ipsum rutrum nunc. Nunc nonummy metus. Vestibulum volutpat pretium libero. Cras id dui. Aenean ut eros et nisl sagittis vestibulum. Nullam nulla eros, ultricies sit amet, nonummy id, imperdiet feugiat, pede. Sed lectus. Donec mollis hendrerit risus. Phasellus nec sem in justo pellentesque facilisis. Etiam imperdiet imperdiet orci.', 700, 'inkjet, printers', 1, '2014-12-11 17:49:06', NULL),
(93, 5, 18, 1, 0, 'Inkjet Printer 4', 'Duis arcu tortor, suscipit eget, imperdiet nec, imperdiet iaculis, ipsum. Sed aliquam ultrices mauris. Integer ante arcu, accumsan a, consectetuer eget, posuere ut, mauris. Praesent adipiscing. Phasellus ullamcorper ipsum rutrum nunc. Nunc nonummy metus. Vestibulum volutpat pretium libero. Cras id dui. Aenean ut eros et nisl sagittis vestibulum. Nullam nulla eros, ultricies sit amet, nonummy id, imperdiet feugiat, pede. Sed lectus. Donec mollis hendrerit risus. Phasellus nec sem in justo pellentesque facilisis. Etiam imperdiet imperdiet orci.', 600, 'inkjet, printers', 1, '2014-12-11 17:49:51', NULL),
(94, 5, 19, 1, 0, 'Laser Printer 1', 'Duis arcu tortor, suscipit eget, imperdiet nec, imperdiet iaculis, ipsum. Sed aliquam ultrices mauris. Integer ante arcu, accumsan a, consectetuer eget, posuere ut, mauris. Praesent adipiscing. Phasellus ullamcorper ipsum rutrum nunc. Nunc nonummy metus. Vestibulum volutpat pretium libero. Cras id dui. Aenean ut eros et nisl sagittis vestibulum. Nullam nulla eros, ultricies sit amet, nonummy id, imperdiet feugiat, pede. Sed lectus. Donec mollis hendrerit risus. Phasellus nec sem in justo pellentesque facilisis. Etiam imperdiet imperdiet orci.', 800, 'laser, printers', 1, '2014-12-11 17:50:53', NULL),
(95, 5, 19, 1, 0, 'Laser Printer 2', 'Duis arcu tortor, suscipit eget, imperdiet nec, imperdiet iaculis, ipsum. Sed aliquam ultrices mauris. Integer ante arcu, accumsan a, consectetuer eget, posuere ut, mauris. Praesent adipiscing. Phasellus ullamcorper ipsum rutrum nunc. Nunc nonummy metus. Vestibulum volutpat pretium libero. Cras id dui. Aenean ut eros et nisl sagittis vestibulum. Nullam nulla eros, ultricies sit amet, nonummy id, imperdiet feugiat, pede. Sed lectus. Donec mollis hendrerit risus. Phasellus nec sem in justo pellentesque facilisis. Etiam imperdiet imperdiet orci.', 900, 'laser, printers', 1, '2014-12-11 17:51:39', NULL),
(96, 5, 19, 1, 0, 'Laser Printer 3', 'Duis arcu tortor, suscipit eget, imperdiet nec, imperdiet iaculis, ipsum. Sed aliquam ultrices mauris. Integer ante arcu, accumsan a, consectetuer eget, posuere ut, mauris. Praesent adipiscing. Phasellus ullamcorper ipsum rutrum nunc. Nunc nonummy metus. Vestibulum volutpat pretium libero. Cras id dui. Aenean ut eros et nisl sagittis vestibulum. Nullam nulla eros, ultricies sit amet, nonummy id, imperdiet feugiat, pede. Sed lectus. Donec mollis hendrerit risus. Phasellus nec sem in justo pellentesque facilisis. Etiam imperdiet imperdiet orci.', 900, 'laser, printers', 1, '2014-12-11 17:52:26', NULL),
(97, 5, 19, 1, 0, 'Laser Printer 4', 'Curabitur ligula sapien, tincidunt non, euismod vitae, posuere imperdiet, leo. Maecenas malesuada. Praesent congue erat at massa. Sed cursus turpis vitae tortor. Donec posuere vulputate arcu. Phasellus accumsan cursus velit. Vestibulum ante ipsum primis in faucibus orci luctus et ultrices posuere cubilia Curae; Sed aliquam, nisi quis porttitor congue, elit erat euismod orci, ac placerat dolor lectus quis orci.', 650, 'laser, printers', 1, '2014-12-11 17:53:27', NULL),
(98, 5, 20, 1, 2, 'Portable Printer 1', 'Curabitur ligula sapien, tincidunt non, euismod vitae, posuere imperdiet, leo. Maecenas malesuada. Praesent congue erat at massa. Sed cursus turpis vitae tortor. Donec posuere vulputate arcu. Phasellus accumsan cursus velit. Vestibulum ante ipsum primis in faucibus orci luctus et ultrices posuere cubilia Curae; Sed aliquam, nisi quis porttitor congue, elit erat euismod orci, ac placerat dolor lectus quis orci.', 460, 'portable, printers', 1, '2014-12-11 17:54:30', NULL),
(99, 5, 20, 1, 0, 'Portable Printer 2', 'Curabitur ligula sapien, tincidunt non, euismod vitae, posuere imperdiet, leo. Maecenas malesuada. Praesent congue erat at massa. Sed cursus turpis vitae tortor. Donec posuere vulputate arcu. Phasellus accumsan cursus velit. Vestibulum ante ipsum primis in faucibus orci luctus et ultrices posuere cubilia Curae; Sed aliquam, nisi quis porttitor congue, elit erat euismod orci, ac placerat dolor lectus quis orci.', 700, 'portable, printers', 1, '2014-12-11 17:55:17', NULL),
(100, 5, 20, 1, 0, 'Portable Printer 3', 'Curabitur ligula sapien, tincidunt non, euismod vitae, posuere imperdiet, leo. Maecenas malesuada. Praesent congue erat at massa. Sed cursus turpis vitae tortor. Donec posuere vulputate arcu. Phasellus accumsan cursus velit. Vestibulum ante ipsum primis in faucibus orci luctus et ultrices posuere cubilia Curae; Sed aliquam, nisi quis porttitor congue, elit erat euismod orci, ac placerat dolor lectus quis orci.', 800, 'portable, printers', 1, '2014-12-11 17:56:03', NULL),
(101, 5, 20, 1, 0, 'Portable Printer 4', 'Curabitur ligula sapien, tincidunt non, euismod vitae, posuere imperdiet, leo. Maecenas malesuada. Praesent congue erat at massa. Sed cursus turpis vitae tortor. Donec posuere vulputate arcu. Phasellus accumsan cursus velit. Vestibulum ante ipsum primis in faucibus orci luctus et ultrices posuere cubilia Curae; Sed aliquam, nisi quis porttitor congue, elit erat euismod orci, ac placerat dolor lectus quis orci.', 1000, 'portable, printers', 1, '2014-12-11 17:56:48', NULL),
(102, 6, 21, 1, 1, 'PC Hard Disk 1', 'Curabitur ligula sapien, tincidunt non, euismod vitae, posuere imperdiet, leo. Maecenas malesuada. Praesent congue erat at massa. Sed cursus turpis vitae tortor. Donec posuere vulputate arcu. Phasellus accumsan cursus velit. Vestibulum ante ipsum primis in faucibus orci luctus et ultrices posuere cubilia Curae; Sed aliquam, nisi quis porttitor congue, elit erat euismod orci, ac placerat dolor lectus quis orci.', 500, 'hard disk, stroage', 1, '2014-12-11 17:58:15', NULL),
(103, 6, 21, 1, 0, 'PC Hard Disk 2', 'Aenean posuere, tortor sed cursus feugiat, nunc augue blandit nunc, eu sollicitudin urna dolor sagittis lacus. Donec elit libero, sodales nec, volutpat a, suscipit non, turpis. Nullam sagittis. Suspendisse pulvinar, augue ac venenatis condimentum, sem libero volutpat nibh, nec pellentesque velit pede quis nunc. Vestibulum ante ipsum primis in faucibus orci luctus et ultrices posuere cubilia Curae; Fusce id purus. Ut varius tincidunt libero. Phasellus dolor. Maecenas vestibulum mollis diam. Pellentesque ut neque.', 800, 'hard disk, stroage', 1, '2014-12-11 17:59:18', NULL),
(104, 6, 21, 1, 0, 'PC Hard Disk 3', 'Donec elit libero, sodales nec, volutpat a, suscipit non, turpis. Nullam sagittis. Suspendisse pulvinar, augue ac venenatis condimentum, sem libero volutpat nibh, nec pellentesque velit pede quis nunc. Vestibulum ante ipsum primis in faucibus orci luctus et ultrices posuere cubilia Curae; Fusce id purus. Ut varius tincidunt libero. Phasellus dolor. Maecenas vestibulum mollis diam. Pellentesque ut neque. Pellentesque habitant morbi tristique senectus et netus et malesuada fames ac turpis egestas.', 800, 'hard disk, stroage', 1, '2014-12-11 18:00:20', NULL),
(105, 6, 22, 1, 0, 'SD Card 1', 'Donec elit libero, sodales nec, volutpat a, suscipit non, turpis. Nullam sagittis. Suspendisse pulvinar, augue ac venenatis condimentum, sem libero volutpat nibh, nec pellentesque velit pede quis nunc. Vestibulum ante ipsum primis in faucibus orci luctus et ultrices posuere cubilia Curae; Fusce id purus. Ut varius tincidunt libero. Phasellus dolor. Maecenas vestibulum mollis diam. Pellentesque ut neque. Pellentesque habitant morbi tristique senectus et netus et malesuada fames ac turpis egestas.', 90, 'sd card, stroage', 1, '2014-12-11 18:01:15', NULL);
INSERT INTO `mk_items` (`id`, `cat_id`, `sub_cat_id`, `shop_id`, `discount_type_id`, `name`, `description`, `unit_price`, `search_tag`, `is_published`, `added`, `updated`) VALUES
(106, 6, 22, 1, 0, 'SD Card 2', 'Donec elit libero, sodales nec, volutpat a, suscipit non, turpis. Nullam sagittis. Suspendisse pulvinar, augue ac venenatis condimentum, sem libero volutpat nibh, nec pellentesque velit pede quis nunc. Vestibulum ante ipsum primis in faucibus orci luctus et ultrices posuere cubilia Curae; Fusce id purus. Ut varius tincidunt libero. Phasellus dolor. Maecenas vestibulum mollis diam. Pellentesque ut neque. Pellentesque habitant morbi tristique senectus et netus et malesuada fames ac turpis egestas.', 60, 'sd card, stroage', 1, '2014-12-11 18:01:59', NULL),
(107, 6, 22, 1, 0, 'SD Card 3', 'Donec elit libero, sodales nec, volutpat a, suscipit non, turpis. Nullam sagittis. Suspendisse pulvinar, augue ac venenatis condimentum, sem libero volutpat nibh, nec pellentesque velit pede quis nunc. Vestibulum ante ipsum primis in faucibus orci luctus et ultrices posuere cubilia Curae; Fusce id purus. Ut varius tincidunt libero. Phasellus dolor. Maecenas vestibulum mollis diam. Pellentesque ut neque. Pellentesque habitant morbi tristique senectus et netus et malesuada fames ac turpis egestas.', 80, 'sd card, stroage', 1, '2014-12-11 18:02:50', NULL),
(108, 6, 23, 1, 0, 'Portable HD 1', 'Donec elit libero, sodales nec, volutpat a, suscipit non, turpis. Nullam sagittis. Suspendisse pulvinar, augue ac venenatis condimentum, sem libero volutpat nibh, nec pellentesque velit pede quis nunc. Vestibulum ante ipsum primis in faucibus orci luctus et ultrices posuere cubilia Curae; Fusce id purus. Ut varius tincidunt libero. Phasellus dolor. Maecenas vestibulum mollis diam. Pellentesque ut neque. Pellentesque habitant morbi tristique senectus et netus et malesuada fames ac turpis egestas.', 200, 'portable hd, stroage', 1, '2014-12-11 18:04:04', NULL),
(109, 6, 23, 1, 0, 'Portable HD 2', 'Sed cursus turpis vitae tortor. Donec posuere vulputate arcu. Phasellus accumsan cursus velit. Vestibulum ante ipsum primis in faucibus orci luctus et ultrices posuere cubilia Curae; Sed aliquam, nisi quis porttitor congue, elit erat euismod orci, ac placerat dolor lectus quis orci. Phasellus consectetuer vestibulum elit. Aenean tellus metus, bibendum sed, posuere ac, mattis non, nunc. Vestibulum fringilla pede sit amet augue. In turpis. Pellentesque posuere. Praesent turpis.', 460, 'portable hd, stroage', 1, '2014-12-11 18:04:56', NULL),
(110, 6, 23, 1, 0, 'Portable HD 3', 'Aenean posuere, tortor sed cursus feugiat, nunc augue blandit nunc, eu sollicitudin urna dolor sagittis lacus. Donec elit libero, sodales nec, volutpat a, suscipit non, turpis. Nullam sagittis. Suspendisse pulvinar, augue ac venenatis condimentum, sem libero volutpat nibh, nec pellentesque velit pede quis nunc. Vestibulum ante ipsum primis in faucibus orci luctus et ultrices posuere cubilia Curae; Fusce id purus. Ut varius tincidunt libero.', 700, 'portable hd, stroage', 1, '2014-12-11 18:06:05', NULL),
(111, 6, 23, 1, 0, 'Portable HD 4', 'Aenean posuere, tortor sed cursus feugiat, nunc augue blandit nunc, eu sollicitudin urna dolor sagittis lacus. Donec elit libero, sodales nec, volutpat a, suscipit non, turpis. Nullam sagittis. Suspendisse pulvinar, augue ac venenatis condimentum, sem libero volutpat nibh, nec pellentesque velit pede quis nunc. Vestibulum ante ipsum primis in faucibus orci luctus et ultrices posuere cubilia Curae; Fusce id purus. Ut varius tincidunt libero.', 300, 'portable hd, stroage', 1, '2014-12-11 18:07:13', NULL),
(112, 6, 24, 1, 0, 'USB Drive 1', 'Nullam sagittis. Suspendisse pulvinar, augue ac venenatis condimentum, sem libero volutpat nibh, nec pellentesque velit pede quis nunc. Vestibulum ante ipsum primis in faucibus orci luctus et ultrices posuere cubilia Curae; Fusce id purus. Ut varius tincidunt libero. Phasellus dolor. Maecenas vestibulum mollis diam. Pellentesque ut neque. Pellentesque habitant morbi tristique senectus et netus et malesuada fames ac turpis egestas.', 50, 'usb drive, stroage', 1, '2014-12-11 18:08:41', NULL),
(113, 6, 24, 1, 0, 'USB Drive 2', 'Sed consequat, leo eget bibendum sodales, augue velit cursus nunc, quis gravida magna mi a libero. Fusce vulputate eleifend sapien. Vestibulum purus quam, scelerisque ut, mollis sed, nonummy id, metus. Nullam accumsan lorem in dui. Cras ultricies mi eu turpis hendrerit fringilla. Vestibulum ante ipsum primis in faucibus orci luctus et ultrices posuere cubilia Curae; In ac dui quis mi consectetuer lacinia.', 60, 'usb drive, stroage', 1, '2014-12-11 18:09:38', NULL),
(114, 6, 24, 1, 0, 'USB Drive 3', 'Sed consequat, leo eget bibendum sodales, augue velit cursus nunc, quis gravida magna mi a libero. Fusce vulputate eleifend sapien. Vestibulum purus quam, scelerisque ut, mollis sed, nonummy id, metus. Nullam accumsan lorem in dui. Cras ultricies mi eu turpis hendrerit fringilla. Vestibulum ante ipsum primis in faucibus orci luctus et ultrices posuere cubilia Curae; In ac dui quis mi consectetuer lacinia.', 70, 'usb drive, stroage', 1, '2014-12-11 18:10:34', NULL),
(115, 6, 24, 1, 0, 'USB Drive 4', 'Sed consequat, leo eget bibendum sodales, augue velit cursus nunc, quis gravida magna mi a libero. Fusce vulputate eleifend sapien. Vestibulum purus quam, scelerisque ut, mollis sed, nonummy id, metus. Nullam accumsan lorem in dui. Cras ultricies mi eu turpis hendrerit fringilla. Vestibulum ante ipsum primis in faucibus orci luctus et ultrices posuere cubilia Curae; In ac dui quis mi consectetuer lacinia.', 25, 'usb drive, stroage', 1, '2014-12-11 18:11:24', NULL),
(116, 7, 25, 1, 0, 'Tablet 3G 1', 'Sed consequat, leo eget bibendum sodales, augue velit cursus nunc, quis gravida magna mi a libero. Fusce vulputate eleifend sapien. Vestibulum purus quam, scelerisque ut, mollis sed, nonummy id, metus. Nullam accumsan lorem in dui. Cras ultricies mi eu turpis hendrerit fringilla. Vestibulum ante ipsum primis in faucibus orci luctus et ultrices posuere cubilia Curae; In ac dui quis mi consectetuer lacinia.', 600, '3g, tablet', 1, '2014-12-11 18:12:56', NULL),
(117, 7, 25, 1, 0, 'Tablet 3G 2', 'Sed consequat, leo eget bibendum sodales, augue velit cursus nunc, quis gravida magna mi a libero. Fusce vulputate eleifend sapien. Vestibulum purus quam, scelerisque ut, mollis sed, nonummy id, metus. Nullam accumsan lorem in dui. Cras ultricies mi eu turpis hendrerit fringilla. Vestibulum ante ipsum primis in faucibus orci luctus et ultrices posuere cubilia Curae; In ac dui quis mi consectetuer lacinia.', 600, '3g, tablet', 1, '2014-12-11 18:13:49', NULL),
(118, 7, 25, 1, 0, 'Tablet 3G 3', 'Sed consequat, leo eget bibendum sodales, augue velit cursus nunc, quis gravida magna mi a libero. Fusce vulputate eleifend sapien. Vestibulum purus quam, scelerisque ut, mollis sed, nonummy id, metus. Nullam accumsan lorem in dui. Cras ultricies mi eu turpis hendrerit fringilla. Vestibulum ante ipsum primis in faucibus orci luctus et ultrices posuere cubilia Curae; In ac dui quis mi consectetuer lacinia.', 700, '3g, tablet', 1, '2014-12-11 18:14:44', NULL),
(119, 7, 25, 1, 0, 'Tablet 3G 4', 'Sed consequat, leo eget bibendum sodales, augue velit cursus nunc, quis gravida magna mi a libero. Fusce vulputate eleifend sapien. Vestibulum purus quam, scelerisque ut, mollis sed, nonummy id, metus. Nullam accumsan lorem in dui. Cras ultricies mi eu turpis hendrerit fringilla. Vestibulum ante ipsum primis in faucibus orci luctus et ultrices posuere cubilia Curae; In ac dui quis mi consectetuer lacinia.', 600, '3g, tablet', 1, '2014-12-11 18:15:30', NULL),
(120, 7, 26, 1, 0, 'Tablet WiFi 1', 'Sed consequat, leo eget bibendum sodales, augue velit cursus nunc, quis gravida magna mi a libero. Fusce vulputate eleifend sapien. Vestibulum purus quam, scelerisque ut, mollis sed, nonummy id, metus. Nullam accumsan lorem in dui. Cras ultricies mi eu turpis hendrerit fringilla. Vestibulum ante ipsum primis in faucibus orci luctus et ultrices posuere cubilia Curae; In ac dui quis mi consectetuer lacinia.', 500, 'wifi, tablets', 1, '2014-12-11 18:16:31', NULL),
(121, 7, 26, 1, 0, 'Tablet WiFi 2', 'Sed consequat, leo eget bibendum sodales, augue velit cursus nunc, quis gravida magna mi a libero. Fusce vulputate eleifend sapien. Vestibulum purus quam, scelerisque ut, mollis sed, nonummy id, metus. Nullam accumsan lorem in dui. Cras ultricies mi eu turpis hendrerit fringilla. Vestibulum ante ipsum primis in faucibus orci luctus et ultrices posuere cubilia Curae; In ac dui quis mi consectetuer lacinia.', 600, 'wifi, tablets', 1, '2014-12-11 18:18:03', NULL),
(122, 7, 26, 1, 0, 'Tablet WiFi 3', 'Sed consequat, leo eget bibendum sodales, augue velit cursus nunc, quis gravida magna mi a libero. Fusce vulputate eleifend sapien. Vestibulum purus quam, scelerisque ut, mollis sed, nonummy id, metus. Nullam accumsan lorem in dui. Cras ultricies mi eu turpis hendrerit fringilla. Vestibulum ante ipsum primis in faucibus orci luctus et ultrices posuere cubilia Curae; In ac dui quis mi consectetuer lacinia.', 600, 'wifi, tablets', 1, '2014-12-11 18:19:13', NULL),
(123, 7, 26, 1, 0, 'Tablet WiFi 4', 'Sed consequat, leo eget bibendum sodales, augue velit cursus nunc, quis gravida magna mi a libero. Fusce vulputate eleifend sapien. Vestibulum purus quam, scelerisque ut, mollis sed, nonummy id, metus. Nullam accumsan lorem in dui. Cras ultricies mi eu turpis hendrerit fringilla. Vestibulum ante ipsum primis in faucibus orci luctus et ultrices posuere cubilia Curae; In ac dui quis mi consectetuer lacinia.', 500, 'wifi, tablets', 1, '2014-12-11 18:20:12', NULL),
(124, 8, 27, 2, 0, 'Dim Sum 1', 'Lorem ipsum dolor sit amet, consectetuer adipiscing elit. Aenean commodo ligula eget dolor. Aenean massa. Cum sociis natoque penatibus et magnis dis parturient montes, nascetur ridiculus mus. Donec quam felis, ultricies nec, pellentesque eu, pretium quis, sem. Nulla consequat massa quis enim. Donec pede justo, fringilla vel, aliquet nec, vulputate eget, arcu. In enim justo, rhoncus ut, imperdiet a, venenatis vitae, justo. ', 20, 'dim sum, chinese', 1, '2014-12-11 19:49:54', NULL),
(125, 8, 27, 2, 0, 'Dim Sum 2', 'Lorem ipsum dolor sit amet, consectetuer adipiscing elit. Aenean commodo ligula eget dolor. Aenean massa. Cum sociis natoque penatibus et magnis dis parturient montes, nascetur ridiculus mus. Donec quam felis, ultricies nec, pellentesque eu, pretium quis, sem. Nulla consequat massa quis enim. Donec pede justo, fringilla vel, aliquet nec, vulputate eget, arcu. In enim justo, rhoncus ut, imperdiet a, venenatis vitae, justo. ', 20, 'dim sum, chinese', 1, '2014-12-11 19:51:13', NULL),
(126, 8, 27, 2, 0, 'Dim Sum 3', 'Lorem ipsum dolor sit amet, consectetuer adipiscing elit. Aenean commodo ligula eget dolor. Aenean massa. Cum sociis natoque penatibus et magnis dis parturient montes, nascetur ridiculus mus. Donec quam felis, ultricies nec, pellentesque eu, pretium quis, sem. Nulla consequat massa quis enim. Donec pede justo, fringilla vel, aliquet nec, vulputate eget, arcu. In enim justo, rhoncus ut, imperdiet a, venenatis vitae, justo. ', 40, 'dim sum, chinese', 1, '2014-12-11 19:52:23', NULL),
(127, 8, 27, 2, 0, 'Dim Sum 4', 'Lorem ipsum dolor sit amet, consectetuer adipiscing elit. Aenean commodo ligula eget dolor. Aenean massa. Cum sociis natoque penatibus et magnis dis parturient montes, nascetur ridiculus mus. Donec quam felis, ultricies nec, pellentesque eu, pretium quis, sem. Nulla consequat massa quis enim. Donec pede justo, fringilla vel, aliquet nec, vulputate eget, arcu. In enim justo, rhoncus ut, imperdiet a, venenatis vitae, justo. ', 50, 'dim sum, chinese', 1, '2014-12-11 19:53:03', NULL),
(128, 8, 28, 2, 0, 'Fried 1', 'Lorem ipsum dolor sit amet, consectetuer adipiscing elit. Aenean commodo ligula eget dolor. Aenean massa. Cum sociis natoque penatibus et magnis dis parturient montes, nascetur ridiculus mus. Donec quam felis, ultricies nec, pellentesque eu, pretium quis, sem. Nulla consequat massa quis enim. Donec pede justo, fringilla vel, aliquet nec, vulputate eget, arcu. In enim justo, rhoncus ut, imperdiet a, venenatis vitae, justo. ', 15, 'hk fried, chinese', 1, '2014-12-11 19:53:58', NULL),
(129, 8, 28, 2, 0, 'Fried 2', 'Lorem ipsum dolor sit amet, consectetuer adipiscing elit. Aenean commodo ligula eget dolor. Aenean massa. Cum sociis natoque penatibus et magnis dis parturient montes, nascetur ridiculus mus. Donec quam felis, ultricies nec, pellentesque eu, pretium quis, sem. Nulla consequat massa quis enim. Donec pede justo, fringilla vel, aliquet nec, vulputate eget, arcu. In enim justo, rhoncus ut, imperdiet a, venenatis vitae, justo. Nullam dictum felis eu pede mollis pretium. Integer tincidunt.\nCras dapibus. ', 40, 'hk fried, chinese', 1, '2014-12-11 19:54:59', NULL),
(130, 8, 28, 2, 0, 'Fried 3', 'Lorem ipsum dolor sit amet, consectetuer adipiscing elit. Aenean commodo ligula eget dolor. Aenean massa. Cum sociis natoque penatibus et magnis dis parturient montes, nascetur ridiculus mus. Donec quam felis, ultricies nec, pellentesque eu, pretium quis, sem. Nulla consequat massa quis enim. Donec pede justo, fringilla vel, aliquet nec, vulputate eget, arcu. In enim justo, rhoncus ut, imperdiet a, venenatis vitae, justo. Nullam dictum felis eu pede mollis pretium. Integer tincidunt.\nCras dapibus. ', 30, 'hk fried, chinese', 1, '2014-12-11 19:55:54', NULL),
(131, 8, 28, 2, 0, 'Fried 4', 'Lorem ipsum dolor sit amet, consectetuer adipiscing elit. Aenean commodo ligula eget dolor. Aenean massa. Cum sociis natoque penatibus et magnis dis parturient montes, nascetur ridiculus mus. Donec quam felis, ultricies nec, pellentesque eu, pretium quis, sem. Nulla consequat massa quis enim. Donec pede justo, fringilla vel, aliquet nec, vulputate eget, arcu. In enim justo, rhoncus ut, imperdiet a, venenatis vitae, justo. Nullam dictum felis eu pede mollis pretium. Integer tincidunt.\nCras dapibus.', 40, 'hk fried, chinese', 1, '2014-12-11 19:56:53', NULL),
(132, 8, 29, 2, 0, 'Kitchen Special 1', 'Lorem ipsum dolor sit amet, consectetuer adipiscing elit. Aenean commodo ligula eget dolor. Aenean massa. Cum sociis natoque penatibus et magnis dis parturient montes, nascetur ridiculus mus. Donec quam felis, ultricies nec, pellentesque eu, pretium quis, sem. Nulla consequat massa quis enim. Donec pede justo, fringilla vel, aliquet nec, vulputate eget, arcu. In enim justo, rhoncus ut, imperdiet a, venenatis vitae, justo. Nullam dictum felis eu pede mollis pretium. Integer tincidunt.\nCras dapibus.', 5, 'kitchen, chinese', 1, '2014-12-11 19:58:14', NULL),
(133, 8, 29, 2, 0, 'Kitchen Special 2', 'Lorem ipsum dolor sit amet, consectetuer adipiscing elit. Aenean commodo ligula eget dolor. Aenean massa. Cum sociis natoque penatibus et magnis dis parturient montes, nascetur ridiculus mus. Donec quam felis, ultricies nec, pellentesque eu, pretium quis, sem. Nulla consequat massa quis enim. Donec pede justo, fringilla vel, aliquet nec, vulputate eget, arcu. In enim justo, rhoncus ut, imperdiet a, venenatis vitae, justo. Nullam dictum felis eu pede mollis pretium. Integer tincidunt.\nCras dapibus.', 20, 'kitchen, chinese', 1, '2014-12-11 19:59:08', NULL),
(134, 8, 29, 2, 0, 'Kitchen Special 3', 'Lorem ipsum dolor sit amet, consectetuer adipiscing elit. Aenean commodo ligula eget dolor. Aenean massa. Cum sociis natoque penatibus et magnis dis parturient montes, nascetur ridiculus mus. Donec quam felis, ultricies nec, pellentesque eu, pretium quis, sem. Nulla consequat massa quis enim. Donec pede justo, fringilla vel, aliquet nec, vulputate eget, arcu. In enim justo, rhoncus ut, imperdiet a, venenatis vitae, justo. Nullam dictum felis eu pede mollis pretium. Integer tincidunt. Cras dapibus.', 15, 'kitchen, chinese', 1, '2014-12-11 20:00:12', NULL),
(135, 8, 29, 2, 0, 'Kitchen Special 4', 'Lorem ipsum dolor sit amet, consectetuer adipiscing elit. Aenean commodo ligula eget dolor. Aenean massa. Cum sociis natoque penatibus et magnis dis parturient montes, nascetur ridiculus mus. Donec quam felis, ultricies nec, pellentesque eu, pretium quis, sem. Nulla consequat massa quis enim. Donec pede justo, fringilla vel, aliquet nec, vulputate eget, arcu. In enim justo, rhoncus ut, imperdiet a, venenatis vitae, justo. Nullam dictum felis eu pede mollis pretium. Integer tincidunt. Cras dapibus.', 15, 'kitchen, chinese', 1, '2014-12-11 20:01:13', NULL),
(136, 8, 30, 2, 0, 'La Mian 1', 'Lorem ipsum dolor sit amet, consectetuer adipiscing elit. Aenean commodo ligula eget dolor. Aenean massa. Cum sociis natoque penatibus et magnis dis parturient montes, nascetur ridiculus mus. Donec quam felis, ultricies nec, pellentesque eu, pretium quis, sem. Nulla consequat massa quis enim. Donec pede justo, fringilla vel, aliquet nec, vulputate eget, arcu. In enim justo, rhoncus ut, imperdiet a, venenatis vitae, justo. Nullam dictum felis eu pede mollis pretium. Integer tincidunt. Cras dapibus.', 20, 'la mian, chinese', 1, '2014-12-11 20:02:20', NULL),
(137, 8, 30, 2, 0, 'La Mian 2', 'Lorem ipsum dolor sit amet, consectetuer adipiscing elit. Aenean commodo ligula eget dolor. Aenean massa. Cum sociis natoque penatibus et magnis dis parturient montes, nascetur ridiculus mus. Donec quam felis, ultricies nec, pellentesque eu, pretium quis, sem. Nulla consequat massa quis enim. Donec pede justo, fringilla vel, aliquet nec, vulputate eget, arcu. In enim justo, rhoncus ut, imperdiet a, venenatis vitae, justo. Nullam dictum felis eu pede mollis pretium. Integer tincidunt. Cras dapibus.', 15, 'la mian, chinese', 1, '2014-12-11 20:03:08', NULL),
(138, 8, 30, 2, 0, 'La Mian 3', 'Lorem ipsum dolor sit amet, consectetuer adipiscing elit. Aenean commodo ligula eget dolor. Aenean massa. Cum sociis natoque penatibus et magnis dis parturient montes, nascetur ridiculus mus. Donec quam felis, ultricies nec, pellentesque eu, pretium quis, sem. Nulla consequat massa quis enim. Donec pede justo, fringilla vel, aliquet nec, vulputate eget, arcu. In enim justo, rhoncus ut, imperdiet a, venenatis vitae, justo. Nullam dictum felis eu pede mollis pretium. Integer tincidunt. Cras dapibus.', 20, 'la mian, chinese', 1, '2014-12-11 20:03:54', NULL),
(139, 8, 30, 2, 0, 'La Mian 4', 'Lorem ipsum dolor sit amet, consectetuer adipiscing elit. Aenean commodo ligula eget dolor. Aenean massa. Cum sociis natoque penatibus et magnis dis parturient montes, nascetur ridiculus mus. Donec quam felis, ultricies nec, pellentesque eu, pretium quis, sem. Nulla consequat massa quis enim. Donec pede justo, fringilla vel, aliquet nec, vulputate eget, arcu. In enim justo, rhoncus ut, imperdiet a, venenatis vitae, justo. Nullam dictum felis eu pede mollis pretium. Integer tincidunt. Cras dapibus.', 15, 'la mian, chinese', 1, '2014-12-11 20:04:46', NULL),
(140, 8, 31, 2, 0, 'Noddle & Rice 1', 'Nam pretium turpis et arcu. Duis arcu tortor, suscipit eget, imperdiet nec, imperdiet iaculis, ipsum. Sed aliquam ultrices mauris. Integer ante arcu, accumsan a, consectetuer eget, posuere ut, mauris. Praesent adipiscing. Phasellus ullamcorper ipsum rutrum nunc. Nunc nonummy metus. Vestibulum volutpat pretium libero. Cras id dui. Aenean ut eros et nisl sagittis vestibulum. Nullam nulla eros, ultricies sit amet, nonummy id, imperdiet feugiat, pede. Sed lectus. ', 15, 'noddle, rice, chinese', 1, '2014-12-11 20:05:59', NULL),
(141, 8, 31, 2, 0, 'Noddle & Rice 2', 'Nam pretium turpis et arcu. Duis arcu tortor, suscipit eget, imperdiet nec, imperdiet iaculis, ipsum. Sed aliquam ultrices mauris. Integer ante arcu, accumsan a, consectetuer eget, posuere ut, mauris. Praesent adipiscing. Phasellus ullamcorper ipsum rutrum nunc. Nunc nonummy metus. Vestibulum volutpat pretium libero. Cras id dui. Aenean ut eros et nisl sagittis vestibulum. Nullam nulla eros, ultricies sit amet, nonummy id, imperdiet feugiat, pede. Sed lectus. ', 15, 'noddle, rice, chinese', 1, '2014-12-11 20:06:49', NULL),
(142, 8, 31, 2, 0, 'Noddle & Rice 3', 'Nam pretium turpis et arcu. Duis arcu tortor, suscipit eget, imperdiet nec, imperdiet iaculis, ipsum. Sed aliquam ultrices mauris. Integer ante arcu, accumsan a, consectetuer eget, posuere ut, mauris. Praesent adipiscing. Phasellus ullamcorper ipsum rutrum nunc. Nunc nonummy metus. Vestibulum volutpat pretium libero. Cras id dui. Aenean ut eros et nisl sagittis vestibulum. Nullam nulla eros, ultricies sit amet, nonummy id, imperdiet feugiat, pede. Sed lectus. ', 10, 'noddle, rice, chinese', 1, '2014-12-11 20:07:41', NULL),
(143, 8, 31, 2, 0, 'Noddle & Rice 4', 'Nam pretium turpis et arcu. Duis arcu tortor, suscipit eget, imperdiet nec, imperdiet iaculis, ipsum. Sed aliquam ultrices mauris. Integer ante arcu, accumsan a, consectetuer eget, posuere ut, mauris. Praesent adipiscing. Phasellus ullamcorper ipsum rutrum nunc. Nunc nonummy metus. Vestibulum volutpat pretium libero. Cras id dui. Aenean ut eros et nisl sagittis vestibulum. Nullam nulla eros, ultricies sit amet, nonummy id, imperdiet feugiat, pede. Sed lectus. ', 10, 'noddle, rice, chinese', 1, '2014-12-11 20:08:30', NULL),
(144, 8, 32, 2, 0, 'Appetizer 1', 'Nam pretium turpis et arcu. Duis arcu tortor, suscipit eget, imperdiet nec, imperdiet iaculis, ipsum. Sed aliquam ultrices mauris. Integer ante arcu, accumsan a, consectetuer eget, posuere ut, mauris. Praesent adipiscing. Phasellus ullamcorper ipsum rutrum nunc. Nunc nonummy metus. Vestibulum volutpat pretium libero. Cras id dui. Aenean ut eros et nisl sagittis vestibulum. Nullam nulla eros, ultricies sit amet, nonummy id, imperdiet feugiat, pede. Sed lectus. ', 20, 'appetizer, chinese', 1, '2014-12-11 20:09:33', NULL),
(145, 8, 32, 2, 0, 'Appetizer 2', 'Nam pretium turpis et arcu. Duis arcu tortor, suscipit eget, imperdiet nec, imperdiet iaculis, ipsum. Sed aliquam ultrices mauris. Integer ante arcu, accumsan a, consectetuer eget, posuere ut, mauris. Praesent adipiscing. Phasellus ullamcorper ipsum rutrum nunc. Nunc nonummy metus. Vestibulum volutpat pretium libero. Cras id dui. Aenean ut eros et nisl sagittis vestibulum. Nullam nulla eros, ultricies sit amet, nonummy id, imperdiet feugiat, pede. Sed lectus. ', 20, 'appetizer, chinese', 1, '2014-12-11 20:10:19', NULL),
(146, 8, 32, 2, 0, 'Appetizer 3', 'Nam pretium turpis et arcu. Duis arcu tortor, suscipit eget, imperdiet nec, imperdiet iaculis, ipsum. Sed aliquam ultrices mauris. Integer ante arcu, accumsan a, consectetuer eget, posuere ut, mauris. Praesent adipiscing. Phasellus ullamcorper ipsum rutrum nunc. Nunc nonummy metus. Vestibulum volutpat pretium libero. Cras id dui. Aenean ut eros et nisl sagittis vestibulum. Nullam nulla eros, ultricies sit amet, nonummy id, imperdiet feugiat, pede. Sed lectus. ', 25, 'appetizer, chinese', 1, '2014-12-11 20:11:05', NULL),
(147, 8, 32, 2, 0, 'Appetizer 4', 'Nam pretium turpis et arcu. Duis arcu tortor, suscipit eget, imperdiet nec, imperdiet iaculis, ipsum. Sed aliquam ultrices mauris. Integer ante arcu, accumsan a, consectetuer eget, posuere ut, mauris. Praesent adipiscing. Phasellus ullamcorper ipsum rutrum nunc. Nunc nonummy metus. Vestibulum volutpat pretium libero. Cras id dui. Aenean ut eros et nisl sagittis vestibulum. Nullam nulla eros, ultricies sit amet, nonummy id, imperdiet feugiat, pede. Sed lectus. ', 20, 'appetizer, chinese', 1, '2014-12-11 20:11:44', NULL),
(148, 8, 33, 2, 0, 'Soups 1', 'Nam pretium turpis et arcu. Duis arcu tortor, suscipit eget, imperdiet nec, imperdiet iaculis, ipsum. Sed aliquam ultrices mauris. Integer ante arcu, accumsan a, consectetuer eget, posuere ut, mauris. Praesent adipiscing. Phasellus ullamcorper ipsum rutrum nunc. Nunc nonummy metus. Vestibulum volutpat pretium libero. Cras id dui. Aenean ut eros et nisl sagittis vestibulum. Nullam nulla eros, ultricies sit amet, nonummy id, imperdiet feugiat, pede. Sed lectus. ', 5, 'soups, chinese', 1, '2014-12-11 20:12:51', NULL),
(149, 8, 33, 2, 0, 'Soups 2', 'Curabitur ligula sapien, tincidunt non, euismod vitae, posuere imperdiet, leo. Maecenas malesuada. Praesent congue erat at massa. Sed cursus turpis vitae tortor. Donec posuere vulputate arcu. Phasellus accumsan cursus velit. Vestibulum ante ipsum primis in faucibus orci luctus et ultrices posuere cubilia Curae; Sed aliquam, nisi quis porttitor congue, elit erat euismod orci, ac placerat dolor lectus quis orci. Phasellus consectetuer vestibulum elit. ', 15, 'soups, chinese', 1, '2014-12-11 20:13:40', NULL),
(150, 8, 33, 2, 0, 'Soups 3', 'Curabitur ligula sapien, tincidunt non, euismod vitae, posuere imperdiet, leo. Maecenas malesuada. Praesent congue erat at massa. Sed cursus turpis vitae tortor. Donec posuere vulputate arcu. Phasellus accumsan cursus velit. Vestibulum ante ipsum primis in faucibus orci luctus et ultrices posuere cubilia Curae; Sed aliquam, nisi quis porttitor congue, elit erat euismod orci, ac placerat dolor lectus quis orci. Phasellus consectetuer vestibulum elit. Aenean tellus metus, bibendum sed,\nposuere ac, mattis non, nunc. ', 25, 'soups, chinese', 1, '2014-12-11 20:14:31', NULL),
(151, 8, 33, 2, 0, 'Soups 4', 'Curabitur ligula sapien, tincidunt non, euismod vitae, posuere imperdiet, leo. Maecenas malesuada. Praesent congue erat at massa. Sed cursus turpis vitae tortor. Donec posuere vulputate arcu. Phasellus accumsan cursus velit. Vestibulum ante ipsum primis in faucibus orci luctus et ultrices posuere cubilia Curae; Sed aliquam, nisi quis porttitor congue, elit erat euismod orci, ac placerat dolor lectus quis orci. Phasellus consectetuer vestibulum elit. Aenean tellus metus, bibendum sed,\nposuere ac, mattis non, nunc. ', 15, 'soups, chinese', 1, '2014-12-11 20:15:17', NULL),
(152, 9, 34, 2, 0, 'Indian Appetizer 1', 'Curabitur ligula sapien, tincidunt non, euismod vitae, posuere imperdiet, leo. Maecenas malesuada. Praesent congue erat at massa. Sed cursus turpis vitae tortor. Donec posuere vulputate arcu. Phasellus accumsan cursus velit. Vestibulum ante ipsum primis in faucibus orci luctus et ultrices posuere cubilia Curae; Sed aliquam, nisi quis porttitor congue, elit erat euismod orci, ac placerat dolor lectus quis orci. Phasellus consectetuer vestibulum elit. Aenean tellus metus, bibendum sed, posuere ac, mattis non, nunc. ', 15, 'appetizer, indian', 1, '2014-12-11 20:16:51', NULL),
(153, 9, 34, 2, 0, 'Indian Appetizer 2', 'Curabitur ligula sapien, tincidunt non, euismod vitae, posuere imperdiet, leo. Maecenas malesuada. Praesent congue erat at massa. Sed cursus turpis vitae tortor. Donec posuere vulputate arcu. Phasellus accumsan cursus velit. Vestibulum ante ipsum primis in faucibus orci luctus et ultrices posuere cubilia Curae; Sed aliquam, nisi quis porttitor congue, elit erat euismod orci, ac placerat dolor lectus quis orci. Phasellus consectetuer vestibulum elit. Aenean tellus metus, bibendum sed, posuere ac, mattis non, nunc. ', 25, 'appetizer, indian', 1, '2014-12-11 20:17:42', NULL),
(154, 9, 34, 2, 0, 'Indian Appetizer 3', 'Curabitur ligula sapien, tincidunt non, euismod vitae, posuere imperdiet, leo. Maecenas malesuada. Praesent congue erat at massa. Sed cursus turpis vitae tortor. Donec posuere vulputate arcu. Phasellus accumsan cursus velit. Vestibulum ante ipsum primis in faucibus orci luctus et ultrices posuere cubilia Curae; Sed aliquam, nisi quis porttitor congue, elit erat euismod orci, ac placerat dolor lectus quis orci. Phasellus consectetuer vestibulum elit. Aenean tellus metus, bibendum sed, posuere ac, mattis non, nunc. ', 20, 'appetizer, indian', 1, '2014-12-11 20:34:57', NULL),
(155, 9, 34, 2, 0, 'Indian Appetizer 4', 'Curabitur ligula sapien, tincidunt non, euismod vitae, posuere imperdiet, leo. Maecenas malesuada. Praesent congue erat at massa. Sed cursus turpis vitae tortor. Donec posuere vulputate arcu. Phasellus accumsan cursus velit. Vestibulum ante ipsum primis in faucibus orci luctus et ultrices posuere cubilia Curae; Sed aliquam, nisi quis porttitor congue, elit erat euismod orci, ac placerat dolor lectus quis orci. Phasellus consectetuer vestibulum elit. Aenean tellus metus, bibendum sed, posuere ac, mattis non, nunc. ', 20, 'appetizer, indian', 1, '2014-12-11 20:35:48', NULL),
(156, 9, 35, 2, 0, 'Briyani 1', 'Aenean posuere, tortor sed cursus feugiat, nunc augue blandit nunc, eu sollicitudin urna dolor sagittis lacus. Donec elit libero, sodales nec, volutpat a, suscipit non, turpis. Nullam sagittis. Suspendisse pulvinar, augue ac venenatis condimentum, sem libero volutpat nibh, nec pellentesque velit pede quis nunc. Vestibulum ante ipsum primis in faucibus orci luctus et ultrices posuere cubilia Curae; Fusce id purus. Ut varius tincidunt libero.', 20, 'briyani, indian', 1, '2014-12-11 20:37:28', NULL),
(157, 9, 35, 2, 0, 'Briyani 2', 'Lorem ipsum dolor sit amet, consectetuer adipiscing elit. Aenean commodo ligula eget dolor. Aenean massa. Cum sociis natoque penatibus et magnis dis parturient montes, nascetur ridiculus mus. Donec quam felis, ultricies nec, pellentesque eu, pretium quis, sem. Nulla consequat massa quis enim. Donec pede justo, fringilla vel, aliquet nec, vulputate eget, arcu. In enim justo, rhoncus ut, imperdiet a, venenatis vitae, justo. Nullam dictum felis eu pede mollis pretium. Integer tincidunt. Cras dapibus. Vivamus elementum semper nisi. ', 15, 'briyani, indian', 1, '2014-12-11 20:38:25', NULL),
(158, 9, 35, 2, 0, 'Briyani 3', 'Lorem ipsum dolor sit amet, consectetuer adipiscing elit. Aenean commodo ligula eget dolor. Aenean massa. Cum sociis natoque penatibus et magnis dis parturient montes, nascetur ridiculus mus. Donec quam felis, ultricies nec, pellentesque eu, pretium quis, sem. Nulla consequat massa quis enim. Donec pede justo, fringilla vel, aliquet nec, vulputate eget, arcu. In enim justo, rhoncus ut, imperdiet a, venenatis vitae, justo. Nullam dictum felis eu pede mollis pretium. Integer tincidunt. Cras dapibus. Vivamus elementum semper nisi. ', 10, 'briyani, indian', 1, '2014-12-11 20:39:18', NULL),
(159, 9, 35, 2, 0, 'Briyani 4', 'Lorem ipsum dolor sit amet, consectetuer adipiscing elit. Aenean commodo ligula eget dolor. Aenean massa. Cum sociis natoque penatibus et magnis dis parturient montes, nascetur ridiculus mus. Donec quam felis, ultricies nec, pellentesque eu, pretium quis, sem. Nulla consequat massa quis enim. Donec pede justo, fringilla vel, aliquet nec, vulputate eget, arcu. In enim justo, rhoncus ut, imperdiet a, venenatis vitae, justo. Nullam dictum felis eu pede mollis pretium. Integer tincidunt. Cras dapibus. Vivamus elementum semper nisi. ', 10, 'briyani, indian', 1, '2014-12-11 20:40:19', NULL),
(160, 9, 36, 2, 0, 'Curry 1', 'Lorem ipsum dolor sit amet, consectetuer adipiscing elit. Aenean commodo ligula eget dolor. Aenean massa. Cum sociis natoque penatibus et magnis dis parturient montes, nascetur ridiculus mus. Donec quam felis, ultricies nec, pellentesque eu, pretium quis, sem. Nulla consequat massa quis enim. Donec pede justo, fringilla vel, aliquet nec, vulputate eget, arcu. In enim justo, rhoncus ut, imperdiet a, venenatis vitae, justo. Nullam dictum felis eu pede mollis pretium. Integer tincidunt. Cras dapibus. Vivamus elementum semper nisi. ', 20, 'curry, indian', 1, '2014-12-11 20:41:36', NULL),
(161, 9, 36, 2, 0, 'Curry 2', 'Lorem ipsum dolor sit amet, consectetuer adipiscing elit. Aenean commodo ligula eget dolor. Aenean massa. Cum sociis natoque penatibus et magnis dis parturient montes, nascetur ridiculus mus. Donec quam felis, ultricies nec, pellentesque eu, pretium quis, sem. Nulla consequat massa quis enim. Donec pede justo, fringilla vel, aliquet nec, vulputate eget, arcu. In enim justo, rhoncus ut, imperdiet a, venenatis vitae, justo. Nullam dictum felis eu pede mollis pretium. Integer tincidunt. Cras dapibus. Vivamus elementum semper nisi. ', 25, 'curry, indian', 1, '2014-12-11 20:42:31', NULL),
(162, 9, 36, 2, 0, 'Curry 3', 'Lorem ipsum dolor sit amet, consectetuer adipiscing elit. Aenean commodo ligula eget dolor. Aenean massa. Cum sociis natoque penatibus et magnis dis parturient montes, nascetur ridiculus mus. Donec quam felis, ultricies nec, pellentesque eu, pretium quis, sem. Nulla consequat massa quis enim. Donec pede justo, fringilla vel, aliquet nec, vulputate eget, arcu. In enim justo, rhoncus ut, imperdiet a, venenatis vitae, justo. Nullam dictum felis eu pede mollis pretium. Integer tincidunt. Cras dapibus. Vivamus elementum semper nisi. ', 25, 'curry, indian', 1, '2014-12-11 20:43:29', NULL),
(163, 9, 36, 2, 0, 'Curry 4', 'Lorem ipsum dolor sit amet, consectetuer adipiscing elit. Aenean commodo ligula eget dolor. Aenean massa. Cum sociis natoque penatibus et magnis dis parturient montes, nascetur ridiculus mus. Donec quam felis, ultricies nec, pellentesque eu, pretium quis, sem. Nulla consequat massa quis enim. Donec pede justo, fringilla vel, aliquet nec, vulputate eget, arcu. In enim justo, rhoncus ut, imperdiet a, venenatis vitae, justo. Nullam dictum felis eu pede mollis pretium. Integer tincidunt. Cras dapibus. Vivamus elementum semper nisi. ', 10, 'curry, indian', 1, '2014-12-11 20:46:04', NULL),
(164, 9, 37, 2, 0, 'Paratha 1', 'Lorem ipsum dolor sit amet, consectetuer adipiscing elit. Aenean commodo ligula eget dolor. Aenean massa. Cum sociis natoque penatibus et magnis dis parturient montes, nascetur ridiculus mus. Donec quam felis, ultricies nec, pellentesque eu, pretium quis, sem. Nulla consequat massa quis enim. Donec pede justo, fringilla vel, aliquet nec, vulputate eget, arcu. In enim justo, rhoncus ut, imperdiet a, venenatis vitae, justo. Nullam dictum felis eu pede mollis pretium. Integer tincidunt. Cras dapibus. Vivamus elementum semper nisi. ', 25, 'paratha, indian', 1, '2014-12-11 20:48:06', NULL),
(165, 9, 37, 2, 0, 'Paratha 2', 'Lorem ipsum dolor sit amet, consectetuer adipiscing elit. Aenean commodo ligula eget dolor. Aenean massa. Cum sociis natoque penatibus et magnis dis parturient montes, nascetur ridiculus mus. Donec quam felis, ultricies nec, pellentesque eu, pretium quis, sem. Nulla consequat massa quis enim. Donec pede justo, fringilla vel, aliquet nec, vulputate eget, arcu. In enim justo, rhoncus ut, imperdiet a, venenatis vitae, justo. Nullam dictum felis eu pede mollis pretium. Integer tincidunt. Cras dapibus. Vivamus elementum semper nisi.', 25, 'paratha, indian', 1, '2014-12-11 20:48:59', NULL),
(166, 9, 37, 2, 0, 'Paratha 3', 'Lorem ipsum dolor sit amet, consectetuer adipiscing elit. Aenean commodo ligula eget dolor. Aenean massa. Cum sociis natoque penatibus et magnis dis parturient montes, nascetur ridiculus mus. Donec quam felis, ultricies nec, pellentesque eu, pretium quis, sem. Nulla consequat massa quis enim. Donec pede justo, fringilla vel, aliquet nec, vulputate eget, arcu. In enim justo, rhoncus ut, imperdiet a, venenatis vitae, justo. Nullam dictum felis eu pede mollis pretium. Integer tincidunt. Cras dapibus. Vivamus elementum semper nisi.', 15, 'paratha, indian', 1, '2014-12-11 20:54:36', NULL),
(167, 9, 37, 2, 0, 'Paratha 4', 'Lorem ipsum dolor sit amet, consectetuer adipiscing elit. Aenean commodo ligula eget dolor. Aenean massa. Cum sociis natoque penatibus et magnis dis parturient montes, nascetur ridiculus mus. Donec quam felis, ultricies nec, pellentesque eu, pretium quis, sem. Nulla consequat massa quis enim. Donec pede justo, fringilla vel, aliquet nec, vulputate eget, arcu. In enim justo, rhoncus ut, imperdiet a, venenatis vitae, justo. Nullam dictum felis eu pede mollis pretium. Integer tincidunt. Cras dapibus. Vivamus elementum semper nisi. ', 20, 'paratha, indian', 1, '2014-12-11 20:56:48', NULL),
(168, 9, 38, 2, 0, 'Indian Vege 1', 'Lorem ipsum dolor sit amet, consectetuer adipiscing elit. Aenean commodo ligula eget dolor. Aenean massa. Cum sociis natoque penatibus et magnis dis parturient montes, nascetur ridiculus mus. Donec quam felis, ultricies nec, pellentesque eu, pretium quis, sem. Nulla consequat massa quis enim. Donec pede justo, fringilla vel, aliquet nec, vulputate eget, arcu. In enim justo, rhoncus ut, imperdiet a, venenatis vitae, justo. Nullam dictum felis eu pede mollis pretium. Integer tincidunt. Cras dapibus. Vivamus elementum semper nisi. ', 20, 'vege, indian', 1, '2014-12-11 20:58:01', NULL),
(169, 9, 38, 2, 0, 'Indian Vege 2', 'Lorem ipsum dolor sit amet, consectetuer adipiscing elit. Aenean commodo ligula eget dolor. Aenean massa. Cum sociis natoque penatibus et magnis dis parturient montes, nascetur ridiculus mus. Donec quam felis, ultricies nec, pellentesque eu, pretium quis, sem. Nulla consequat massa quis enim. Donec pede justo, fringilla vel, aliquet nec, vulputate eget, arcu. In enim justo, rhoncus ut, imperdiet a, venenatis vitae, justo. Nullam dictum felis eu pede mollis pretium. Integer tincidunt. Cras dapibus. Vivamus elementum semper nisi. ', 15, 'vege, indian', 1, '2014-12-11 20:58:53', NULL),
(170, 9, 38, 2, 0, 'Indian Vege 3', 'Lorem ipsum dolor sit amet, consectetuer adipiscing elit. Aenean commodo ligula eget dolor. Aenean massa. Cum sociis natoque penatibus et magnis dis parturient montes, nascetur ridiculus mus. Donec quam felis, ultricies nec, pellentesque eu, pretium quis, sem. Nulla consequat massa quis enim. Donec pede justo, fringilla vel, aliquet nec, vulputate eget, arcu. In enim justo, rhoncus ut, imperdiet a, venenatis vitae, justo. Nullam dictum felis eu pede mollis pretium. Integer tincidunt. Cras dapibus. Vivamus elementum semper nisi. ', 15, 'vege, indian', 1, '2014-12-11 20:59:46', NULL),
(171, 9, 38, 2, 0, 'Indian Vege 4', 'Etiam rhoncus. Maecenas tempus, tellus eget condimentum rhoncus, sem quam semper libero, sit amet adipiscing sem neque sed ipsum. Nam quam nunc, blandit vel, luctus pulvinar, hendrerit id, lorem. Maecenas nec odio et ante tincidunt tempus. Donec vitae sapien ut libero venenatis faucibus. Nullam quis ante. Etiam sit amet orci eget eros faucibus tincidunt. Duis leo. Sed fringilla mauris sit amet nibh. Donec sodales sagittis magna. Sed consequat, leo eget bibendum sodales, augue velit\ncursus nunc, quis gravida magna mi a libero. Fusce vulputate eleifend sapien. ', 20, 'vege, indian', 1, '2014-12-11 21:00:36', NULL),
(172, 10, 39, 2, 0, 'Thai Appetizer 1', 'Etiam rhoncus. Maecenas tempus, tellus eget condimentum rhoncus, sem quam semper libero, sit amet adipiscing sem neque sed ipsum. Nam quam nunc, blandit vel, luctus pulvinar, hendrerit id, lorem. Maecenas nec odio et ante tincidunt tempus. Donec vitae sapien ut libero venenatis faucibus. Nullam quis ante. Etiam sit amet orci eget eros faucibus tincidunt. Duis leo. Sed fringilla mauris sit amet nibh. Donec sodales sagittis magna. Sed consequat, leo eget bibendum sodales, augue velit cursus nunc, quis gravida magna mi a libero. Fusce vulputate eleifend sapien. ', 15, 'appetizer, thai', 1, '2014-12-11 21:04:49', NULL),
(173, 10, 39, 2, 0, 'Thai Appetizer 2', 'Etiam rhoncus. Maecenas tempus, tellus eget condimentum rhoncus, sem quam semper libero, sit amet adipiscing sem neque sed ipsum. Nam quam nunc, blandit vel, luctus pulvinar, hendrerit id, lorem. Maecenas nec odio et ante tincidunt tempus. Donec vitae sapien ut libero venenatis faucibus. Nullam quis ante. Etiam sit amet orci eget eros faucibus tincidunt. Duis leo. Sed fringilla mauris sit amet nibh. Donec sodales sagittis magna. Sed consequat, leo eget bibendum sodales, augue velit cursus nunc, quis gravida magna mi a libero. Fusce vulputate eleifend sapien. ', 15, 'appetizer, thai', 1, '2014-12-11 21:05:48', NULL),
(174, 10, 39, 2, 0, 'Thai Appetizer 3', 'Etiam rhoncus. Maecenas tempus, tellus eget condimentum rhoncus, sem quam semper libero, sit amet adipiscing sem neque sed ipsum. Nam quam nunc, blandit vel, luctus pulvinar, hendrerit id, lorem. Maecenas nec odio et ante tincidunt tempus. Donec vitae sapien ut libero venenatis faucibus. Nullam quis ante. Etiam sit amet orci eget eros faucibus tincidunt. Duis leo. Sed fringilla mauris sit amet nibh. Donec sodales sagittis magna. Sed consequat, leo eget bibendum sodales, augue velit cursus nunc, quis gravida magna mi a libero. Fusce vulputate eleifend sapien. ', 25, 'appetizer, thai', 1, '2014-12-11 21:07:15', NULL),
(175, 10, 39, 2, 0, 'Thai Appetizer 4', 'Curabitur ligula sapien, tincidunt non, euismod vitae, posuere imperdiet, leo. Maecenas malesuada. Praesent congue erat at massa. Sed cursus turpis vitae tortor. Donec posuere vulputate arcu. Phasellus accumsan cursus velit. Vestibulum ante ipsum primis in faucibus orci luctus et ultrices posuere cubilia Curae; Sed aliquam, nisi quis porttitor congue, elit erat euismod orci, ac placerat dolor lectus quis orci. Phasellus consectetuer vestibulum elit. Aenean tellus metus, bibendum sed, posuere ac, mattis non, nunc.', 20, 'appetizer, thai', 1, '2014-12-11 21:08:18', NULL),
(176, 10, 40, 2, 0, 'Beer & Wine 1', 'Curabitur ligula sapien, tincidunt non, euismod vitae, posuere imperdiet, leo. Maecenas malesuada. Praesent congue erat at massa. Sed cursus turpis vitae tortor. Donec posuere vulputate arcu. Phasellus accumsan cursus velit. Vestibulum ante ipsum primis in faucibus orci luctus et ultrices posuere cubilia Curae; Sed aliquam, nisi quis porttitor congue, elit erat euismod orci, ac placerat dolor lectus quis orci. Phasellus consectetuer vestibulum elit. Aenean tellus metus, bibendum sed, posuere ac, mattis non, nunc.', 25, 'beer, wine, thai', 1, '2014-12-11 21:17:52', NULL),
(177, 10, 40, 2, 0, 'Beer & Wine 2', 'Curabitur ligula sapien, tincidunt non, euismod vitae, posuere imperdiet, leo. Maecenas malesuada. Praesent congue erat at massa. Sed cursus turpis vitae tortor. Donec posuere vulputate arcu. Phasellus accumsan cursus velit. Vestibulum ante ipsum primis in faucibus orci luctus et ultrices posuere cubilia Curae; Sed aliquam, nisi quis porttitor congue, elit erat euismod orci, ac placerat dolor lectus quis orci. Phasellus consectetuer vestibulum elit. Aenean tellus metus, bibendum sed, posuere ac, mattis non, nunc.', 20, 'beer, wine, thai', 1, '2014-12-11 21:18:34', NULL),
(178, 10, 40, 2, 0, 'Beer & Wine 3', 'Curabitur ligula sapien, tincidunt non, euismod vitae, posuere imperdiet, leo. Maecenas malesuada. Praesent congue erat at massa. Sed cursus turpis vitae tortor. Donec posuere vulputate arcu. Phasellus accumsan cursus velit. Vestibulum ante ipsum primis in faucibus orci luctus et ultrices posuere cubilia Curae; Sed aliquam, nisi quis porttitor congue, elit erat euismod orci, ac placerat dolor lectus quis orci. Phasellus consectetuer vestibulum elit. Aenean tellus metus, bibendum sed, posuere ac, mattis non, nunc.', 15, 'beer, wine, thai', 1, '2014-12-11 21:19:19', NULL),
(179, 10, 40, 2, 0, 'Beer & Wine 4', 'Curabitur ligula sapien, tincidunt non, euismod vitae, posuere imperdiet, leo. Maecenas malesuada. Praesent congue erat at massa. Sed cursus turpis vitae tortor. Donec posuere vulputate arcu. Phasellus accumsan cursus velit. Vestibulum ante ipsum primis in faucibus orci luctus et ultrices posuere cubilia Curae; Sed aliquam, nisi quis porttitor congue, elit erat euismod orci, ac placerat dolor lectus quis orci. Phasellus consectetuer vestibulum elit. Aenean tellus metus, bibendum sed, posuere ac, mattis non, nunc.', 20, 'beer, wine, thai', 1, '2014-12-11 21:20:03', NULL),
(180, 10, 40, 2, 0, 'Beer & Wine 5', 'Curabitur ligula sapien, tincidunt non, euismod vitae, posuere imperdiet, leo. Maecenas malesuada. Praesent congue erat at massa. Sed cursus turpis vitae tortor. Donec posuere vulputate arcu. Phasellus accumsan cursus velit. Vestibulum ante ipsum primis in faucibus orci luctus et ultrices posuere cubilia Curae; Sed aliquam, nisi quis porttitor congue, elit erat euismod orci, ac placerat dolor lectus quis orci. Phasellus consectetuer vestibulum elit. Aenean tellus metus, bibendum sed, posuere ac, mattis non, nunc.', 10, 'beer, wine, thai', 1, '2014-12-11 21:20:40', NULL),
(181, 10, 41, 2, 0, 'Thai Dessert 1', 'Curabitur ligula sapien, tincidunt non, euismod vitae, posuere imperdiet, leo. Maecenas malesuada. Praesent congue erat at massa. Sed cursus turpis vitae tortor. Donec posuere vulputate arcu. Phasellus accumsan cursus velit. Vestibulum ante ipsum primis in faucibus orci luctus et ultrices posuere cubilia Curae; Sed aliquam, nisi quis porttitor congue, elit erat euismod orci, ac placerat dolor lectus quis orci. Phasellus consectetuer vestibulum elit. Aenean tellus metus, bibendum sed, posuere ac, mattis non, nunc.', 25, 'dessert, thai', 1, '2014-12-11 21:22:19', NULL),
(182, 10, 41, 2, 0, 'Thai Dessert 2', 'Curabitur ligula sapien, tincidunt non, euismod vitae, posuere imperdiet, leo. Maecenas malesuada. Praesent congue erat at massa. Sed cursus turpis vitae tortor. Donec posuere vulputate arcu. Phasellus accumsan cursus velit. Vestibulum ante ipsum primis in faucibus orci luctus et ultrices posuere cubilia Curae; Sed aliquam, nisi quis porttitor congue, elit erat euismod orci, ac placerat dolor lectus quis orci. Phasellus consectetuer vestibulum elit. Aenean tellus metus, bibendum sed, posuere ac, mattis non, nunc.', 15, 'dessert, thai', 1, '2014-12-11 21:22:57', NULL),
(183, 10, 41, 2, 0, 'Thai Dessert 3', 'Curabitur ligula sapien, tincidunt non, euismod vitae, posuere imperdiet, leo. Maecenas malesuada. Praesent congue erat at massa. Sed cursus turpis vitae tortor. Donec posuere vulputate arcu. Phasellus accumsan cursus velit. Vestibulum ante ipsum primis in faucibus orci luctus et ultrices posuere cubilia Curae; Sed aliquam, nisi quis porttitor congue, elit erat euismod orci, ac placerat dolor lectus quis orci. Phasellus consectetuer vestibulum elit. Aenean tellus metus, bibendum sed, posuere ac, mattis non, nunc.', 20, 'dessert, thai', 1, '2014-12-11 21:23:47', NULL),
(184, 10, 41, 2, 0, 'Thai Dessert 4', 'Curabitur ligula sapien, tincidunt non, euismod vitae, posuere imperdiet, leo. Maecenas malesuada. Praesent congue erat at massa. Sed cursus turpis vitae tortor. Donec posuere vulputate arcu. Phasellus accumsan cursus velit. Vestibulum ante ipsum primis in faucibus orci luctus et ultrices posuere cubilia Curae; Sed aliquam, nisi quis porttitor congue, elit erat euismod orci, ac placerat dolor lectus quis orci. Phasellus consectetuer vestibulum elit. Aenean tellus metus, bibendum sed, posuere ac, mattis non, nunc.', 15, 'dessert, thai', 1, '2014-12-11 21:24:35', NULL),
(185, 10, 42, 2, 0, 'Thai Salads 1', 'Curabitur ligula sapien, tincidunt non, euismod vitae, posuere imperdiet, leo. Maecenas malesuada. Praesent congue erat at massa. Sed cursus turpis vitae tortor. Donec posuere vulputate arcu. Phasellus accumsan cursus velit. Vestibulum ante ipsum primis in faucibus orci luctus et ultrices posuere cubilia Curae; Sed aliquam, nisi quis porttitor congue, elit erat euismod orci, ac placerat dolor lectus quis orci. Phasellus consectetuer vestibulum elit. Aenean tellus metus, bibendum sed, posuere ac, mattis non, nunc.', 15, 'salads, thai', 1, '2014-12-11 21:26:29', NULL),
(186, 10, 42, 2, 0, 'Thai Salads 2', 'Curabitur ligula sapien, tincidunt non, euismod vitae, posuere imperdiet, leo. Maecenas malesuada. Praesent congue erat at massa. Sed cursus turpis vitae tortor. Donec posuere vulputate arcu. Phasellus accumsan cursus velit. Vestibulum ante ipsum primis in faucibus orci luctus et ultrices posuere cubilia Curae; Sed aliquam, nisi quis porttitor congue, elit erat euismod orci, ac placerat dolor lectus quis orci. Phasellus consectetuer vestibulum elit. Aenean tellus metus, bibendum sed, posuere ac, mattis non, nunc.', 15, 'salads, thai', 1, '2014-12-11 21:27:19', NULL),
(187, 10, 42, 2, 0, 'Thai Salads 3', 'Curabitur ligula sapien, tincidunt non, euismod vitae, posuere imperdiet, leo. Maecenas malesuada. Praesent congue erat at massa. Sed cursus turpis vitae tortor. Donec posuere vulputate arcu. Phasellus accumsan cursus velit. Vestibulum ante ipsum primis in faucibus orci luctus et ultrices posuere cubilia Curae; Sed aliquam, nisi quis porttitor congue, elit erat euismod orci, ac placerat dolor lectus quis orci. ', 20, 'salads, thai', 1, '2014-12-11 21:28:15', NULL),
(188, 10, 42, 2, 0, 'Thai Salads 4', 'Curabitur ligula sapien, tincidunt non, euismod vitae, posuere imperdiet, leo. Maecenas malesuada. Praesent congue erat at massa. Sed cursus turpis vitae tortor. Donec posuere vulputate arcu. Phasellus accumsan cursus velit. Vestibulum ante ipsum primis in faucibus orci luctus et ultrices posuere cubilia Curae; Sed aliquam, nisi quis porttitor congue, elit erat euismod orci, ac placerat dolor lectus quis orci. ', 20, 'salads, thai', 1, '2014-12-11 21:28:59', NULL),
(189, 10, 43, 2, 0, 'Thai Soup 1', 'Curabitur ligula sapien, tincidunt non, euismod vitae, posuere imperdiet, leo. Maecenas malesuada. Praesent congue erat at massa. Sed cursus turpis vitae tortor. Donec posuere vulputate arcu. Phasellus accumsan cursus velit. Vestibulum ante ipsum primis in faucibus orci luctus et ultrices posuere cubilia Curae; Sed aliquam, nisi quis porttitor congue, elit erat euismod orci, ac placerat dolor lectus quis orci. ', 15, 'soups, thai', 1, '2014-12-11 21:30:20', NULL),
(190, 10, 43, 2, 0, 'Thai Soup 2', 'Praesent congue erat at massa. Sed cursus turpis vitae tortor. Donec posuere vulputate arcu. Phasellus accumsan cursus velit. Vestibulum ante ipsum primis in faucibus orci luctus et ultrices posuere cubilia Curae; Sed aliquam, nisi quis porttitor congue, elit erat euismod orci, ac placerat dolor lectus quis orci.', 20, 'soups, thai', 1, '2014-12-11 21:31:11', NULL),
(191, 10, 43, 2, 0, 'Thai Soup 3', 'Praesent congue erat at massa. Sed cursus turpis vitae tortor. Donec posuere vulputate arcu. Phasellus accumsan cursus velit. Vestibulum ante ipsum primis in faucibus orci luctus et ultrices posuere cubilia Curae; Sed aliquam, nisi quis porttitor congue, elit erat euismod orci, ac placerat dolor lectus quis orci.', 25, 'soups, thai', 1, '2014-12-11 21:31:50', NULL);
INSERT INTO `mk_items` (`id`, `cat_id`, `sub_cat_id`, `shop_id`, `discount_type_id`, `name`, `description`, `unit_price`, `search_tag`, `is_published`, `added`, `updated`) VALUES
(192, 11, 44, 2, 0, 'Western Appetizer 1', 'Praesent congue erat at massa. Sed cursus turpis vitae tortor. Donec posuere vulputate arcu. Phasellus accumsan cursus velit. Vestibulum ante ipsum primis in faucibus orci luctus et ultrices posuere cubilia Curae; Sed aliquam, nisi quis porttitor congue, elit erat euismod orci, ac placerat dolor lectus quis orci.', 15, 'appetizer, western', 1, '2014-12-11 21:33:51', NULL),
(193, 11, 44, 2, 0, 'Western Appetizer 2', 'Praesent congue erat at massa. Sed cursus turpis vitae tortor. Donec posuere vulputate arcu. Phasellus accumsan cursus velit. Vestibulum ante ipsum primis in faucibus orci luctus et ultrices posuere cubilia Curae; Sed aliquam, nisi quis porttitor congue, elit erat euismod orci, ac placerat dolor lectus quis orci.', 25, 'appetizer, western', 1, '2014-12-11 21:34:51', NULL),
(194, 11, 44, 2, 0, 'Western Appetizer 3', 'Praesent congue erat at massa. Sed cursus turpis vitae tortor. Donec posuere vulputate arcu. Phasellus accumsan cursus velit. Vestibulum ante ipsum primis in faucibus orci luctus et ultrices posuere cubilia Curae; Sed aliquam, nisi quis porttitor congue, elit erat euismod orci, ac placerat dolor lectus quis orci.', 20, 'appetizer, western', 1, '2014-12-11 21:35:38', NULL),
(195, 11, 44, 2, 0, 'Western Appetizer 4', 'Praesent congue erat at massa. Sed cursus turpis vitae tortor. Donec posuere vulputate arcu. Phasellus accumsan cursus velit. Vestibulum ante ipsum primis in faucibus orci luctus et ultrices posuere cubilia Curae; Sed aliquam, nisi quis porttitor congue, elit erat euismod orci, ac placerat dolor lectus quis orci.', 25, 'appetizer, western', 1, '2014-12-11 21:36:20', NULL),
(196, 11, 45, 2, 0, 'Western Dessert 1', 'Praesent congue erat at massa. Sed cursus turpis vitae tortor. Donec posuere vulputate arcu. Phasellus accumsan cursus velit. Vestibulum ante ipsum primis in faucibus orci luctus et ultrices posuere cubilia Curae; Sed aliquam, nisi quis porttitor congue, elit erat euismod orci, ac placerat dolor lectus quis orci.', 15, 'dessert, western', 1, '2014-12-11 21:37:19', NULL),
(197, 11, 45, 2, 0, 'Western Dessert 2', 'Praesent congue erat at massa. Sed cursus turpis vitae tortor. Donec posuere vulputate arcu. Phasellus accumsan cursus velit. Vestibulum ante ipsum primis in faucibus orci luctus et ultrices posuere cubilia Curae; Sed aliquam, nisi quis porttitor congue, elit erat euismod orci, ac placerat dolor lectus quis orci.', 20, 'dessert, western', 1, '2014-12-11 21:38:00', NULL),
(198, 11, 45, 2, 0, 'Western Dessert 3', 'Praesent congue erat at massa. Sed cursus turpis vitae tortor. Donec posuere vulputate arcu. Phasellus accumsan cursus velit. Vestibulum ante ipsum primis in faucibus orci luctus et ultrices posuere cubilia Curae; Sed aliquam, nisi quis porttitor congue, elit erat euismod orci, ac placerat dolor lectus quis orci.', 20, 'dessert, western', 1, '2014-12-11 21:38:49', NULL),
(199, 11, 45, 2, 0, 'Western Dessert 4', 'Praesent congue erat at massa. Sed cursus turpis vitae tortor. Donec posuere vulputate arcu. Phasellus accumsan cursus velit. Vestibulum ante ipsum primis in faucibus orci luctus et ultrices posuere cubilia Curae; Sed aliquam, nisi quis porttitor congue, elit erat euismod orci, ac placerat dolor lectus quis orci.', 15, 'dessert, western', 1, '2014-12-11 21:39:27', NULL),
(200, 11, 46, 2, 0, 'Western Drink 1', 'Praesent congue erat at massa. Sed cursus turpis vitae tortor. Donec posuere vulputate arcu. Phasellus accumsan cursus velit. Vestibulum ante ipsum primis in faucibus orci luctus et ultrices posuere cubilia Curae; Sed aliquam, nisi quis porttitor congue, elit erat euismod orci, ac placerat dolor lectus quis orci.', 15, 'drinks, western', 1, '2014-12-11 21:40:24', NULL),
(201, 11, 46, 2, 0, 'Western Drink 2', 'Praesent congue erat at massa. Sed cursus turpis vitae tortor. Donec posuere vulputate arcu. Phasellus accumsan cursus velit. Vestibulum ante ipsum primis in faucibus orci luctus et ultrices posuere cubilia Curae; Sed aliquam, nisi quis porttitor congue, elit erat euismod orci, ac placerat dolor lectus quis orci.', 15, 'drinks, western', 1, '2014-12-11 21:41:21', NULL),
(202, 11, 46, 2, 0, 'Western Drink 3', 'Praesent congue erat at massa. Sed cursus turpis vitae tortor. Donec posuere vulputate arcu. Phasellus accumsan cursus velit. Vestibulum ante ipsum primis in faucibus orci luctus et ultrices posuere cubilia Curae; Sed aliquam, nisi quis porttitor congue, elit erat euismod orci, ac placerat dolor lectus quis orci. ', 20, 'drinks, western', 1, '2014-12-11 21:42:09', NULL),
(203, 11, 46, 2, 0, 'Western Drink 4', 'Praesent congue erat at massa. Sed cursus turpis vitae tortor. Donec posuere vulputate arcu. Phasellus accumsan cursus velit. Vestibulum ante ipsum primis in faucibus orci luctus et ultrices posuere cubilia Curae; Sed aliquam, nisi quis porttitor congue, elit erat euismod orci, ac placerat dolor lectus quis orci. ', 25, 'drinks, western', 1, '2014-12-11 21:42:50', NULL),
(204, 11, 47, 2, 0, 'Western Main Dish 1', 'Praesent congue erat at massa. Sed cursus turpis vitae tortor. Donec posuere vulputate arcu. Phasellus accumsan cursus velit. Vestibulum ante ipsum primis in faucibus orci luctus et ultrices posuere cubilia Curae; Sed aliquam, nisi quis porttitor congue, elit erat euismod orci, ac placerat dolor lectus quis orci. ', 15, 'main dish, western', 1, '2014-12-11 21:43:52', NULL),
(205, 11, 47, 2, 0, 'Western Main Dish 2', 'Praesent congue erat at massa. Sed cursus turpis vitae tortor. Donec posuere vulputate arcu. Phasellus accumsan cursus velit. Vestibulum ante ipsum primis in faucibus orci luctus et ultrices posuere cubilia Curae; Sed aliquam, nisi quis porttitor congue, elit erat euismod orci, ac placerat dolor lectus quis orci. Phasellus consectetuer vestibulum elit. Aenean tellus metus, bibendum sed, posuere ac, mattis non, nunc. Vestibulum fringilla pede sit amet augue. In turpis. Pellentesque posuere. Praesent turpis.', 25, 'main dish, western', 1, '2014-12-11 21:44:39', NULL),
(206, 11, 47, 2, 0, 'Western Main Dish 3', 'Praesent congue erat at massa. Sed cursus turpis vitae tortor. Donec posuere vulputate arcu. Phasellus accumsan cursus velit. Vestibulum ante ipsum primis in faucibus orci luctus et ultrices posuere cubilia Curae; Sed aliquam, nisi quis porttitor congue, elit erat euismod orci, ac placerat dolor lectus quis orci. Phasellus consectetuer vestibulum elit. Aenean tellus metus, bibendum sed, posuere ac, mattis non, nunc. Vestibulum fringilla pede sit amet augue. In turpis. Pellentesque posuere. Praesent turpis.', 20, 'main dish, western', 1, '2014-12-11 21:45:22', NULL),
(207, 11, 47, 2, 0, 'Western Main Dish 4', 'Praesent congue erat at massa. Sed cursus turpis vitae tortor. Donec posuere vulputate arcu. Phasellus accumsan cursus velit. Vestibulum ante ipsum primis in faucibus orci luctus et ultrices posuere cubilia Curae; Sed aliquam, nisi quis porttitor congue, elit erat euismod orci, ac placerat dolor lectus quis orci. Phasellus consectetuer vestibulum elit. Aenean tellus metus, bibendum sed, posuere ac, mattis non, nunc. Vestibulum fringilla pede sit amet augue. In turpis. Pellentesque posuere. Praesent turpis.', 20, 'main dish, western', 1, '2014-12-11 21:46:11', NULL),
(208, 11, 48, 2, 0, 'Western Soup & Salads 1', 'Praesent congue erat at massa. Sed cursus turpis vitae tortor. Donec posuere vulputate arcu. Phasellus accumsan cursus velit. Vestibulum ante ipsum primis in faucibus orci luctus et ultrices posuere cubilia Curae; Sed aliquam, nisi quis porttitor congue, elit erat euismod orci, ac placerat dolor lectus quis orci. Phasellus consectetuer vestibulum elit. Aenean tellus metus, bibendum sed, posuere ac, mattis non, nunc. Vestibulum fringilla pede sit amet augue. In turpis. Pellentesque posuere. Praesent turpis.', 15, 'soups, salads, western', 1, '2014-12-11 21:47:16', NULL),
(209, 11, 48, 2, 0, 'Western Soup & Salads 2', 'Aenean posuere, tortor sed cursus feugiat, nunc augue blandit nunc, eu sollicitudin urna dolor sagittis lacus. Donec elit libero, sodales nec, volutpat a, suscipit non, turpis. Nullam sagittis. Suspendisse pulvinar, augue ac venenatis condimentum, sem libero volutpat nibh, nec pellentesque velit pede quis nunc. ', 20, 'soups, salads, western', 1, '2014-12-11 21:48:13', NULL),
(210, 11, 48, 2, 0, 'Western Soup & Salads 3', 'Aenean posuere, tortor sed cursus feugiat, nunc augue blandit nunc, eu sollicitudin urna dolor sagittis lacus. Donec elit libero, sodales nec, volutpat a, suscipit non, turpis. Nullam sagittis. Suspendisse pulvinar, augue ac venenatis condimentum, sem libero volutpat nibh, nec pellentesque velit pede quis nunc. ', 15, 'soups, salads, western', 1, '2014-12-11 21:48:55', NULL),
(211, 11, 48, 2, 0, 'Western Soup & Salads 4', 'Vestibulum ante ipsum primis in faucibus orci luctus et ultrices posuere cubilia\nCurae; Fusce id purus. Ut varius tincidunt libero. Phasellus dolor. Maecenas vestibulum mollis diam. Pellentesque ut neque. Pellentesque habitant morbi tristique senectus et netus et malesuada fames ac turpis egestas.', 20, 'soups, salads, western', 1, '2014-12-11 21:49:46', NULL),
(212, 12, 49, 2, 0, 'European Appetizers 1', 'Vestibulum ante ipsum primis in faucibus orci luctus et ultrices posuere cubilia\nCurae; Fusce id purus. Ut varius tincidunt libero. Phasellus dolor. Maecenas vestibulum mollis diam. Pellentesque ut neque. Pellentesque habitant morbi tristique senectus et netus et malesuada fames ac turpis egestas.', 15, 'appetizer, european', 1, '2014-12-11 21:50:57', NULL),
(213, 12, 49, 2, 0, 'European Appetizers 2', 'Vestibulum ante ipsum primis in faucibus orci luctus et ultrices posuere cubilia\nCurae; Fusce id purus. Ut varius tincidunt libero. Phasellus dolor. Maecenas vestibulum mollis diam. Pellentesque ut neque. Pellentesque habitant morbi tristique senectus et netus et malesuada fames ac turpis egestas.', 25, 'appetizer, european', 1, '2014-12-11 21:51:41', NULL),
(214, 12, 49, 2, 0, 'European Appetizers 3', 'Vestibulum ante ipsum primis in faucibus orci luctus et ultrices posuere cubilia\nCurae; Fusce id purus. Ut varius tincidunt libero. Phasellus dolor. Maecenas vestibulum mollis diam. Pellentesque ut neque. Pellentesque habitant morbi tristique senectus et netus et malesuada fames ac turpis egestas.', 15, 'appetizer, european', 1, '2014-12-11 21:52:17', NULL),
(215, 12, 50, 2, 0, 'European Desserts 1', 'Vestibulum ante ipsum primis in faucibus orci luctus et ultrices posuere cubilia\nCurae; Fusce id purus. Ut varius tincidunt libero. Phasellus dolor. Maecenas vestibulum mollis diam. Pellentesque ut neque. Pellentesque habitant morbi tristique senectus et netus et malesuada fames ac turpis egestas.', 15, 'desserts, european', 1, '2014-12-11 21:53:11', NULL),
(216, 12, 50, 2, 0, 'European Desserts 2', 'Vestibulum ante ipsum primis in faucibus orci luctus et ultrices posuere cubilia\nCurae; Fusce id purus. Ut varius tincidunt libero. Phasellus dolor. Maecenas vestibulum mollis diam. Pellentesque ut neque. Pellentesque habitant morbi tristique senectus et netus et malesuada fames ac turpis egestas.', 20, 'desserts, european', 1, '2014-12-11 21:53:44', NULL),
(217, 12, 50, 2, 0, 'European Desserts 3', 'Vestibulum ante ipsum primis in faucibus orci luctus et ultrices posuere cubilia\nCurae; Fusce id purus. Ut varius tincidunt libero. Phasellus dolor. Maecenas vestibulum mollis diam. Pellentesque ut neque. Pellentesque habitant morbi tristique senectus et netus et malesuada fames ac turpis egestas.', 20, 'desserts, european', 1, '2014-12-11 21:54:12', NULL),
(218, 12, 51, 2, 0, 'European Drinks 1', 'Vestibulum ante ipsum primis in faucibus orci luctus et ultrices posuere cubilia\nCurae; Fusce id purus. Ut varius tincidunt libero. Phasellus dolor. Maecenas vestibulum mollis diam. Pellentesque ut neque. Pellentesque habitant morbi tristique senectus et netus et malesuada fames ac turpis egestas.', 20, 'drinks, european', 1, '2014-12-11 21:55:00', NULL),
(219, 12, 51, 2, 0, 'European Drinks 2', 'Vestibulum ante ipsum primis in faucibus orci luctus et ultrices posuere cubilia\nCurae; Fusce id purus. Ut varius tincidunt libero. Phasellus dolor. Maecenas vestibulum mollis diam. Pellentesque ut neque. Pellentesque habitant morbi tristique senectus et netus et malesuada fames ac turpis egestas.', 15, 'drinks, european', 1, '2014-12-11 21:55:38', NULL),
(220, 12, 51, 2, 0, 'European Drinks 3', 'Vestibulum ante ipsum primis in faucibus orci luctus et ultrices posuere cubilia\nCurae; Fusce id purus. Ut varius tincidunt libero. Phasellus dolor. Maecenas vestibulum mollis diam. Pellentesque ut neque. Pellentesque habitant morbi tristique senectus et netus et malesuada fames ac turpis egestas.', 20, 'drinks, european', 1, '2014-12-11 21:56:17', NULL),
(221, 12, 52, 2, 0, 'European Main Dish 1', 'Vestibulum ante ipsum primis in faucibus orci luctus et ultrices posuere cubilia\nCurae; Fusce id purus. Ut varius tincidunt libero. Phasellus dolor. Maecenas vestibulum mollis diam. Pellentesque ut neque. Pellentesque habitant morbi tristique senectus et netus et malesuada fames ac turpis egestas.', 15, 'main dish, european', 1, '2014-12-11 21:57:17', NULL),
(222, 12, 52, 2, 0, 'European Main Dish 2', 'Vestibulum ante ipsum primis in faucibus orci luctus et ultrices posuere cubilia\nCurae; Fusce id purus. Ut varius tincidunt libero. Phasellus dolor. Maecenas vestibulum mollis diam. Pellentesque ut neque. Pellentesque habitant morbi tristique senectus et netus et malesuada fames ac turpis egestas.', 20, 'main dish, european', 1, '2014-12-11 21:57:55', NULL),
(223, 12, 52, 2, 0, 'European Main Dish 3', 'Vestibulum ante ipsum primis in faucibus orci luctus et ultrices posuere cubilia\nCurae; Fusce id purus. Ut varius tincidunt libero. Phasellus dolor. Maecenas vestibulum mollis diam. Pellentesque ut neque. Pellentesque habitant morbi tristique senectus et netus et malesuada fames ac turpis egestas.', 20, 'main dish, european', 1, '2014-12-11 21:58:34', NULL),
(224, 12, 53, 2, 0, 'European Salad 1', 'Vestibulum ante ipsum primis in faucibus orci luctus et ultrices posuere cubilia\nCurae; Fusce id purus. Ut varius tincidunt libero. Phasellus dolor. Maecenas vestibulum mollis diam. Pellentesque ut neque. Pellentesque habitant morbi tristique senectus et netus et malesuada fames ac turpis egestas.', 10, 'soups, salads, european', 1, '2014-12-11 21:59:22', NULL),
(225, 12, 53, 2, 0, 'European Salad 2', 'Vestibulum ante ipsum primis in faucibus orci luctus et ultrices posuere cubilia\nCurae; Fusce id purus. Ut varius tincidunt libero. Phasellus dolor. Maecenas vestibulum mollis diam. Pellentesque ut neque. Pellentesque habitant morbi tristique senectus et netus et malesuada fames ac turpis egestas.', 70, 'soups, salads, european', 1, '2014-12-11 22:00:00', NULL),
(226, 12, 53, 2, 0, 'European Salad 3', 'Vestibulum ante ipsum primis in faucibus orci luctus et ultrices posuere cubilia\nCurae; Fusce id purus. Ut varius tincidunt libero. Phasellus dolor. Maecenas vestibulum mollis diam. Pellentesque ut neque. Pellentesque habitant morbi tristique senectus et netus et malesuada fames ac turpis egestas.', 10, 'soups, salads, european', 1, '2014-12-11 22:00:53', NULL),
(227, 13, 54, 3, 0, 'Face Care 1', 'Aenean posuere, tortor sed cursus feugiat, nunc augue blandit nunc, eu sollicitudin urna dolor\nsagittis lacus. Donec elit libero, sodales nec, volutpat a, suscipit non, turpis. Nullam sagittis.Suspendisse pulvinar, augue ac venenatis condimentum, sem libero volutpat nibh, nec pellentesque velit pede quis nunc.', 10, 'face care1,accessories', 1, '2014-12-29 14:12:42', NULL),
(228, 13, 54, 3, 0, 'Face Care 2', 'Vestibulum ante ipsum primis in faucibus orci luctus et ultrices posuere cubilia Curae; Fusce id purus. Ut varius tincidunt libero. Phasellus dolor. Maecenas vestibulum mollis diam. Pellentesque ut neque. Pellentesque habitant morbi tristique senectus et netus et malesuada fames ac turpis egestas.', 20, 'face care2,accessories', 1, '2014-12-29 14:15:39', NULL),
(229, 13, 54, 3, 0, 'Face Care 3', 'Aenean posuere, tortor sed cursus feugiat, nunc augue blandit nunc, eu sollicitudin urna dolor\nsagittis lacus. Donec elit libero, sodales nec, volutpat a, suscipit non, turpis. Nullam sagittis.Suspendisse pulvinar, augue ac venenatis condimentum, sem libero volutpat nibh, nec pellentesque velit pede quis nunc.', 15, 'face care3,accessories', 1, '2014-12-29 14:17:18', NULL),
(230, 13, 54, 3, 0, 'Face Care 4', 'Sed cursus turpis vitae tortor. Donec posuere vulputate arcu. Phasellus accumsan cursus velit. Vestibulum ante ipsum primis in faucibus orci luctus et ultrices posuere cubilia Curae; Sed aliquam, nisi quis porttitor congue, elit erat euismod orci, ac placerat dolor lectus quis orci. Phasellus consectetuer vestibulum elit. Aenean tellus metus, bibendum sed, posuere ac, mattis non, nunc.', 30, 'face care4,accessories', 1, '2014-12-29 14:18:41', NULL),
(231, 13, 54, 3, 0, 'Face Care 5', 'Aenean posuere, tortor sed cursus feugiat, nunc augue blandit nunc, eu sollicitudin urna dolor\nsagittis lacus. Donec elit libero, sodales nec, volutpat a, suscipit non, turpis. Nullam sagittis. Suspendisse pulvinar, augue ac venenatis condimentum, sem libero volutpat nibh, nec pellentesque velit pede quis nunc. Vestibulum ante ipsum primis in faucibus orci luctus et ultrices posuere cubilia\nCurae; Fusce id purus.', 20, 'face care5,accessories', 1, '2014-12-29 14:20:02', NULL),
(232, 13, 55, 3, 0, 'Skin Care 1', 'Curabitur ligula sapien, tincidunt non, euismod vitae, posuere imperdiet, leo. Maecenas malesuada. Praesent congue erat at massa. Sed cursus turpis vitae tortor. Donec posuere vulputate arcu. Phasellus accumsan cursus velit. Vestibulum ante ipsum primis in faucibus orci luctus et ultrices posuere cubilia Curae; Sed aliquam, nisi quis porttitor congue, elit erat euismod orci, ac placerat dolor lectus quis orci.', 15, 'skin care1, accessories', 1, '2014-12-29 14:21:37', NULL),
(233, 13, 55, 3, 0, 'Skin Care 2', 'Phasellus accumsan cursus velit. Vestibulum ante ipsum primis in faucibus orci luctus et ultrices posuere cubilia Curae; Sed aliquam, nisi quis porttitor congue, elit erat euismod orci, ac placerat dolor lectus quis orci. Phasellus consectetuer vestibulum elit. Aenean tellus metus, bibendum sed, posuere ac, mattis non, nunc.', 15, 'skin care2, accessories', 1, '2014-12-29 14:22:39', NULL),
(234, 13, 55, 3, 0, 'Skin Care 3', 'Curabitur ligula sapien, tincidunt non, euismod vitae, posuere imperdiet, leo. Maecenas malesuada. Praesent congue erat at massa. Sed cursus turpis vitae tortor. Donec posuere vulputate arcu. Phasellus accumsan cursus velit. Vestibulum ante ipsum primis in faucibus orci luctus et ultrices posuere cubilia Curae; Sed aliquam, nisi quis porttitor congue, elit erat euismod orci, ac placerat dolor lectus quis orci. ', 70, 'skin care3, accessories', 1, '2014-12-29 14:23:47', NULL),
(235, 13, 55, 3, 0, 'Skin Care 4', 'Curabitur ligula sapien, tincidunt non, euismod vitae, posuere imperdiet, leo. Maecenas malesuada. Praesent congue erat at massa. Sed cursus turpis vitae tortor. Donec posuere vulputate arcu. Phasellus accumsan cursus velit. Vestibulum ante ipsum primis in faucibus orci luctus et ultrices posuere cubilia Curae; Sed aliquam, nisi quis porttitor congue, elit erat euismod orci, ac placerat dolor lectus quis orci. ', 20, 'skin care4, accessories', 1, '2014-12-29 14:25:24', NULL),
(236, 13, 55, 3, 0, 'Skin Care 5', 'Curabitur ligula sapien, tincidunt non, euismod vitae, posuere imperdiet, leo. Maecenas malesuada. Praesent congue erat at massa. Sed cursus turpis vitae tortor. Donec posuere vulputate arcu. Phasellus accumsan cursus velit. Vestibulum ante ipsum primis in faucibus orci luctus et ultrices posuere cubilia Curae; Sed aliquam, nisi quis porttitor congue, elit erat euismod orci, ac placerat dolor lectus quis orci. ', 50, 'skin care5, accessories', 1, '2014-12-29 14:26:33', NULL),
(237, 13, 55, 3, 0, 'Skin Care 6', 'Curabitur ligula sapien, tincidunt non, euismod vitae, posuere imperdiet, leo. Maecenas malesuada. Praesent congue erat at massa. Sed cursus turpis vitae tortor. Donec posuere vulputate arcu. Phasellus accumsan cursus velit. Vestibulum ante ipsum primis in faucibus orci luctus et ultrices posuere cubilia Curae; Sed aliquam, nisi quis porttitor congue, elit erat euismod orci, ac placerat dolor lectus quis orci. ', 10, 'skin care6, accessories', 1, '2014-12-29 14:27:24', NULL),
(238, 13, 56, 3, 0, 'Bath Form 1', 'Curabitur ligula sapien, tincidunt non, euismod vitae, posuere imperdiet, leo. Maecenas malesuada. Praesent congue erat at massa. Sed cursus turpis vitae tortor. Donec posuere vulputate arcu. Phasellus accumsan cursus velit. Vestibulum ante ipsum primis in faucibus orci luctus et ultrices posuere cubilia Curae; Sed aliquam, nisi quis porttitor congue, elit erat euismod orci, ac placerat dolor lectus quis orci. ', 10, 'bath form 1, accessories', 1, '2014-12-29 14:28:56', NULL),
(239, 13, 56, 3, 0, 'Bath Form 2', 'Curabitur ligula sapien, tincidunt non, euismod vitae, posuere imperdiet, leo. Maecenas malesuada. Praesent congue erat at massa. Sed cursus turpis vitae tortor. Donec posuere vulputate arcu. Phasellus accumsan cursus velit. Vestibulum ante ipsum primis in faucibus orci luctus et ultrices posuere cubilia Curae; Sed aliquam, nisi quis porttitor congue, elit erat euismod orci, ac placerat dolor lectus quis orci. ', 20, 'bath form 2, accessories', 1, '2014-12-29 14:29:50', NULL),
(240, 13, 56, 3, 0, 'Bath Form 3', 'Curabitur ligula sapien, tincidunt non, euismod vitae, posuere imperdiet, leo. Maecenas malesuada. Praesent congue erat at massa. Sed cursus turpis vitae tortor. Donec posuere vulputate arcu. Phasellus accumsan cursus velit. Vestibulum ante ipsum primis in faucibus orci luctus et ultrices posuere cubilia Curae; Sed aliquam, nisi quis porttitor congue, elit erat euismod orci, ac placerat dolor lectus quis orci. ', 10, 'bath form 3, accessories', 1, '2014-12-29 14:31:18', NULL),
(241, 13, 56, 3, 0, 'Bath Form 4', 'Curabitur ligula sapien, tincidunt non, euismod vitae, posuere imperdiet, leo. Maecenas malesuada. Praesent congue erat at massa. Sed cursus turpis vitae tortor. Donec posuere vulputate arcu. Phasellus accumsan cursus velit. Vestibulum ante ipsum primis in faucibus orci luctus et ultrices posuere cubilia Curae; Sed aliquam, nisi quis porttitor congue, elit erat euismod orci, ac placerat dolor lectus quis orci. ', 20, 'bath form 4, accessories', 1, '2014-12-29 14:32:31', NULL),
(242, 13, 56, 3, 0, 'Bath Form 5', 'Curabitur ligula sapien, tincidunt non, euismod vitae, posuere imperdiet, leo. Maecenas malesuada. Praesent congue erat at massa. Sed cursus turpis vitae tortor. Donec posuere vulputate arcu. Phasellus accumsan cursus velit. Vestibulum ante ipsum primis in faucibus orci luctus et ultrices posuere cubilia Curae; Sed aliquam, nisi quis porttitor congue, elit erat euismod orci, ac placerat dolor lectus quis orci. ', 40, 'bath form 5, accessories', 1, '2014-12-29 14:33:53', NULL),
(243, 13, 57, 3, 0, 'Fancy 1', 'Curabitur ligula sapien, tincidunt non, euismod vitae, posuere imperdiet, leo. Maecenas malesuada. Praesent congue erat at massa. Sed cursus turpis vitae tortor. Donec posuere vulputate arcu. Phasellus accumsan cursus velit. Vestibulum ante ipsum primis in faucibus orci luctus et ultrices posuere cubilia Curae; Sed aliquam, nisi quis porttitor congue, elit erat euismod orci, ac placerat dolor lectus quis orci. ', 70, 'fancy 1, accessories', 1, '2014-12-29 14:34:52', NULL),
(244, 13, 57, 3, 0, 'Fancy 2', 'Curabitur ligula sapien, tincidunt non, euismod vitae, posuere imperdiet, leo. Maecenas malesuada. Praesent congue erat at massa. Sed cursus turpis vitae tortor. Donec posuere vulputate arcu. Phasellus accumsan cursus velit. Vestibulum ante ipsum primis in faucibus orci luctus et ultrices posuere cubilia Curae; Sed aliquam, nisi quis porttitor congue, elit erat euismod orci, ac placerat dolor lectus quis orci. ', 70, 'fancy 2, accessories', 1, '2014-12-29 14:36:26', NULL),
(245, 13, 57, 3, 0, 'Fancy 3', 'Curabitur ligula sapien, tincidunt non, euismod vitae, posuere imperdiet, leo. Maecenas malesuada. Praesent congue erat at massa. Sed cursus turpis vitae tortor. Donec posuere vulputate arcu. Phasellus accumsan cursus velit. Vestibulum ante ipsum primis in faucibus orci luctus et ultrices posuere cubilia Curae; Sed aliquam, nisi quis porttitor congue, elit erat euismod orci, ac placerat dolor lectus quis orci. ', 60, 'fancy 3, accessories', 1, '2014-12-29 14:37:29', NULL),
(246, 14, 58, 3, 0, 'Watch 1', 'Nam pretium turpis et arcu. Duis arcu tortor, suscipit eget, imperdiet nec, imperdiet iaculis, ipsum. Sed aliquam ultrices mauris. Integer ante arcu, accumsan a, consectetuer eget, posuere ut, mauris. Praesent adipiscing. Phasellus ullamcorper ipsum rutrum nunc. Nunc nonummy metus. Vestibulum volutpat pretium libero. Cras id dui. Aenean ut eros et nisl sagittis vestibulum. Nullam nulla eros, ultricies sit amet, nonummy id, imperdiet feugiat, pede.', 600, 'watch 1, for him', 1, '2014-12-29 14:39:26', NULL),
(247, 14, 58, 3, 0, 'Watch 2', 'Nam pretium turpis et arcu. Duis arcu tortor, suscipit eget, imperdiet nec, imperdiet iaculis, ipsum. Sed aliquam ultrices mauris. Integer ante arcu, accumsan a, consectetuer eget, posuere ut, mauris. Praesent adipiscing. Phasellus ullamcorper ipsum rutrum nunc. Nunc nonummy metus. Vestibulum volutpat pretium libero. Cras id dui. Aenean ut eros et nisl sagittis vestibulum. Nullam nulla eros, ultricies sit amet, nonummy id, imperdiet feugiat, pede.', 700, 'watch 2, for him', 1, '2014-12-29 14:41:00', NULL),
(248, 14, 58, 3, 0, 'Watch 3', 'Nam pretium turpis et arcu. Duis arcu tortor, suscipit eget, imperdiet nec, imperdiet iaculis, ipsum. Sed aliquam ultrices mauris. Integer ante arcu, accumsan a, consectetuer eget, posuere ut, mauris. Praesent adipiscing. Phasellus ullamcorper ipsum rutrum nunc. Nunc nonummy metus. Vestibulum volutpat pretium libero. Cras id dui. Aenean ut eros et nisl sagittis vestibulum. Nullam nulla eros, ultricies sit amet, nonummy id, imperdiet feugiat, pede.', 460, 'watch 3, for him', 1, '2014-12-29 14:41:51', NULL),
(249, 14, 58, 3, 0, 'Watch 4', 'Nam pretium turpis et arcu. Duis arcu tortor, suscipit eget, imperdiet nec, imperdiet iaculis, ipsum. Sed aliquam ultrices mauris. Integer ante arcu, accumsan a, consectetuer eget, posuere ut, mauris. Praesent adipiscing. Phasellus ullamcorper ipsum rutrum nunc. Nunc nonummy metus. Vestibulum volutpat pretium libero. Cras id dui. Aenean ut eros et nisl sagittis vestibulum. Nullam nulla eros, ultricies sit amet, nonummy id, imperdiet feugiat, pede.', 200, 'watch 4, for him', 1, '2014-12-29 14:43:03', NULL),
(250, 14, 58, 3, 0, 'Watch 5', 'Nam pretium turpis et arcu. Duis arcu tortor, suscipit eget, imperdiet nec, imperdiet iaculis, ipsum. Sed aliquam ultrices mauris. Integer ante arcu, accumsan a, consectetuer eget, posuere ut, mauris. Praesent adipiscing. Phasellus ullamcorper ipsum rutrum nunc. Nunc nonummy metus. Vestibulum volutpat pretium libero. Cras id dui. Aenean ut eros et nisl sagittis vestibulum. Nullam nulla eros, ultricies sit amet, nonummy id, imperdiet feugiat, pede.', 500, 'watch 5, for him', 1, '2014-12-29 14:43:49', NULL),
(251, 15, 66, 3, 0, 'Dinning 1', 'Nam pretium turpis et arcu. Duis arcu tortor, suscipit eget, imperdiet nec, imperdiet iaculis, ipsum. Sed aliquam ultrices mauris. Integer ante arcu, accumsan a, consectetuer eget, posuere ut, mauris. Praesent adipiscing. Phasellus ullamcorper ipsum rutrum nunc. Nunc nonummy metus. Vestibulum volutpat pretium libero. Cras id dui. Aenean ut eros et nisl sagittis vestibulum. Nullam nulla eros, ultricies sit amet, nonummy id, imperdiet feugiat, pede.', 800, 'dinning 1, for home', 1, '2014-12-29 14:44:50', NULL),
(252, 15, 66, 3, 0, 'Dinning 2', 'Nam pretium turpis et arcu. Duis arcu tortor, suscipit eget, imperdiet nec, imperdiet iaculis, ipsum. Sed aliquam ultrices mauris. Integer ante arcu, accumsan a, consectetuer eget, posuere ut, mauris. Praesent adipiscing. Phasellus ullamcorper ipsum rutrum nunc. Nunc nonummy metus. Vestibulum volutpat pretium libero. Cras id dui. Aenean ut eros et nisl sagittis vestibulum. Nullam nulla eros, ultricies sit amet, nonummy id, imperdiet feugiat, pede.', 600, 'dinning 2, for home', 1, '2014-12-29 14:45:50', NULL),
(253, 15, 66, 3, 0, 'Dinning 3', 'Nam pretium turpis et arcu. Duis arcu tortor, suscipit eget, imperdiet nec, imperdiet iaculis, ipsum. Sed aliquam ultrices mauris. Integer ante arcu, accumsan a, consectetuer eget, posuere ut, mauris. Praesent adipiscing. Phasellus ullamcorper ipsum rutrum nunc. Nunc nonummy metus. Vestibulum volutpat pretium libero. Cras id dui. Aenean ut eros et nisl sagittis vestibulum. Nullam nulla eros, ultricies sit amet, nonummy id, imperdiet feugiat, pede.', 500, 'dinning 3, for home', 1, '2014-12-29 14:46:53', NULL),
(254, 15, 66, 3, 0, 'Dinning 4', 'Nam pretium turpis et arcu. Duis arcu tortor, suscipit eget, imperdiet nec, imperdiet iaculis, ipsum. Sed aliquam ultrices mauris. Integer ante arcu, accumsan a, consectetuer eget, posuere ut, mauris. Praesent adipiscing. Phasellus ullamcorper ipsum rutrum nunc. Nunc nonummy metus. Vestibulum volutpat pretium libero. Cras id dui. Aenean ut eros et nisl sagittis vestibulum. Nullam nulla eros, ultricies sit amet, nonummy id, imperdiet feugiat, pede.', 600, 'dinning 4, for home', 1, '2014-12-29 14:47:51', NULL),
(255, 15, 65, 3, 0, 'Living 1', 'Nam pretium turpis et arcu. Duis arcu tortor, suscipit eget, imperdiet nec, imperdiet iaculis, ipsum. Sed aliquam ultrices mauris. Integer ante arcu, accumsan a, consectetuer eget, posuere ut, mauris. Praesent adipiscing. Phasellus ullamcorper ipsum rutrum nunc. Nunc nonummy metus. Vestibulum volutpat pretium libero. Cras id dui. Aenean ut eros et nisl sagittis vestibulum. Nullam nulla eros, ultricies sit amet, nonummy id, imperdiet feugiat, pede.', 600, 'living 1, for home', 1, '2014-12-29 14:48:49', NULL),
(256, 15, 65, 3, 0, 'Living 2', 'Nam pretium turpis et arcu. Duis arcu tortor, suscipit eget, imperdiet nec, imperdiet iaculis, ipsum. Sed aliquam ultrices mauris. Integer ante arcu, accumsan a, consectetuer eget, posuere ut, mauris. Praesent adipiscing. Phasellus ullamcorper ipsum rutrum nunc. Nunc nonummy metus. Vestibulum volutpat pretium libero. Cras id dui. Aenean ut eros et nisl sagittis vestibulum. Nullam nulla eros, ultricies sit amet, nonummy id, imperdiet feugiat, pede.', 600, 'living 2, for home', 1, '2014-12-29 14:50:24', NULL),
(257, 15, 65, 3, 0, 'Living 3', 'Nam pretium turpis et arcu. Duis arcu tortor, suscipit eget, imperdiet nec, imperdiet iaculis, ipsum. Sed aliquam ultrices mauris. Integer ante arcu, accumsan a, consectetuer eget, posuere ut, mauris. Praesent adipiscing. Phasellus ullamcorper ipsum rutrum nunc. Nunc nonummy metus. Vestibulum volutpat pretium libero. Cras id dui. Aenean ut eros et nisl sagittis vestibulum. Nullam nulla eros, ultricies sit amet, nonummy id, imperdiet feugiat, pede.', 70, 'living 3, for home', 1, '2014-12-29 14:52:35', NULL),
(258, 15, 65, 3, 0, 'Living 4', 'Nam pretium turpis et arcu. Duis arcu tortor, suscipit eget, imperdiet nec, imperdiet iaculis, ipsum. Sed aliquam ultrices mauris. Integer ante arcu, accumsan a, consectetuer eget, posuere ut, mauris. Praesent adipiscing. Phasellus ullamcorper ipsum rutrum nunc. Nunc nonummy metus. Vestibulum volutpat pretium libero. Cras id dui. Aenean ut eros et nisl sagittis vestibulum. Nullam nulla eros, ultricies sit amet, nonummy id, imperdiet feugiat, pede.', 700, 'living 4, for home', 1, '2014-12-29 14:53:45', NULL),
(259, 15, 65, 3, 0, 'Living 5', 'Nam pretium turpis et arcu. Duis arcu tortor, suscipit eget, imperdiet nec, imperdiet iaculis, ipsum. Sed aliquam ultrices mauris. Integer ante arcu, accumsan a, consectetuer eget, posuere ut, mauris. Praesent adipiscing. Phasellus ullamcorper ipsum rutrum nunc. Nunc nonummy metus. Vestibulum volutpat pretium libero. Cras id dui. Aenean ut eros et nisl sagittis vestibulum. Nullam nulla eros, ultricies sit amet, nonummy id, imperdiet feugiat, pede.', 700, 'living 5, for home', 1, '2014-12-29 14:59:27', NULL),
(260, 15, 64, 3, 0, 'Bed 1', 'Nam pretium turpis et arcu. Duis arcu tortor, suscipit eget, imperdiet nec, imperdiet iaculis, ipsum. Sed aliquam ultrices mauris. Integer ante arcu, accumsan a, consectetuer eget, posuere ut, mauris. Praesent adipiscing. Phasellus ullamcorper ipsum rutrum nunc. Nunc nonummy metus. Vestibulum volutpat pretium libero. Cras id dui. Aenean ut eros et nisl sagittis vestibulum. Nullam nulla eros, ultricies sit amet, nonummy id, imperdiet feugiat, pede.', 70, 'bed 1, for home', 1, '2014-12-29 15:00:47', NULL),
(261, 15, 64, 3, 0, 'Bed 2', 'Nam pretium turpis et arcu. Duis arcu tortor, suscipit eget, imperdiet nec, imperdiet iaculis, ipsum. Sed aliquam ultrices mauris. Integer ante arcu, accumsan a, consectetuer eget, posuere ut, mauris. Praesent adipiscing. Phasellus ullamcorper ipsum rutrum nunc. Nunc nonummy metus. Vestibulum volutpat pretium libero. Cras id dui. Aenean ut eros et nisl sagittis vestibulum. Nullam nulla eros, ultricies sit amet, nonummy id, imperdiet feugiat, pede.', 700, 'bed 2, for home', 1, '2014-12-29 15:02:41', NULL),
(262, 15, 64, 3, 0, 'Bed 3', 'Nam pretium turpis et arcu. Duis arcu tortor, suscipit eget, imperdiet nec, imperdiet iaculis, ipsum. Sed aliquam ultrices mauris. Integer ante arcu, accumsan a, consectetuer eget, posuere ut, mauris. Praesent adipiscing. Phasellus ullamcorper ipsum rutrum nunc. Nunc nonummy metus. Vestibulum volutpat pretium libero. Cras id dui. Aenean ut eros et nisl sagittis vestibulum. Nullam nulla eros, ultricies sit amet, nonummy id, imperdiet feugiat, pede.', 700, 'bed 3, for home', 1, '2014-12-29 15:03:35', NULL),
(263, 15, 64, 3, 0, 'Bed 4', 'Nam pretium turpis et arcu. Duis arcu tortor, suscipit eget, imperdiet nec, imperdiet iaculis, ipsum. Sed aliquam ultrices mauris. Integer ante arcu, accumsan a, consectetuer eget, posuere ut, mauris. Praesent adipiscing. Phasellus ullamcorper ipsum rutrum nunc. Nunc nonummy metus. Vestibulum volutpat pretium libero. Cras id dui. Aenean ut eros et nisl sagittis vestibulum. Nullam nulla eros, ultricies sit amet, nonummy id, imperdiet feugiat, pede.', 600, 'bed 4, for home', 1, '2014-12-29 15:04:41', NULL),
(264, 15, 64, 3, 0, 'Bed 5', 'Nam pretium turpis et arcu. Duis arcu tortor, suscipit eget, imperdiet nec, imperdiet iaculis, ipsum. Sed aliquam ultrices mauris. Integer ante arcu, accumsan a, consectetuer eget, posuere ut, mauris. Praesent adipiscing. Phasellus ullamcorper ipsum rutrum nunc. Nunc nonummy metus. Vestibulumvolutpat pretium libero. Cras id dui. Aenean ut eros et nisl sagittis vestibulum. Nullam nulla eros, ultricies sit amet, nonummy id, imperdiet feugiat, pede.', 700, 'bed 5, for home', 1, '2014-12-29 15:05:36', NULL),
(265, 15, 64, 3, 0, 'Bed 6', 'Nam pretium turpis et arcu. Duis arcu tortor, suscipit eget, imperdiet nec, imperdiet iaculis, ipsum. Sed aliquam ultrices mauris. Integer ante arcu, accumsan a, consectetuer eget, posuere ut, mauris. Praesent adipiscing. Phasellus ullamcorper ipsum rutrum nunc. Nunc nonummy metus. Vestibulum volutpat pretium libero. Cras id dui. Aenean ut eros et nisl sagittis vestibulum. Nullam nulla eros, ultricies sit amet, nonummy id, imperdiet feugiat, pede.', 800, 'bed 6, for home', 1, '2014-12-29 15:06:30', NULL),
(266, 15, 63, 3, 0, 'Kitchen 1', 'Nam pretium turpis et arcu. Duis arcu tortor, suscipit eget, imperdiet nec, imperdiet iaculis, ipsum. Sed aliquam ultrices mauris. Integer ante arcu, accumsan a, consectetuer eget, posuere ut, mauris. Praesent adipiscing. Phasellus ullamcorper ipsum rutrum nunc. Nunc nonummy metus. Vestibulum volutpat pretium libero. Cras id dui. Aenean ut eros et nisl sagittis vestibulum. Nullam nulla eros, ultricies sit amet, nonummy id, imperdiet feugiat, pede.', 700, 'kitchen 1, for home', 1, '2014-12-29 15:08:01', NULL),
(267, 15, 63, 3, 0, 'Kitchen 2', 'Nam pretium turpis et arcu. Duis arcu tortor, suscipit eget, imperdiet nec, imperdiet iaculis, ipsum. Sed aliquam ultrices mauris. Integer ante arcu, accumsan a, consectetuer eget, posuere ut, mauris. Praesent adipiscing. Phasellus ullamcorper ipsum rutrum nunc. Nunc nonummy metus. Vestibulum volutpat pretium libero. Cras id dui. Aenean ut eros et nisl sagittis vestibulum. Nullam nulla eros, ultricies sit amet, nonummy id, imperdiet feugiat, pede.', 600, 'kitchen 2, for home', 1, '2014-12-29 15:09:17', NULL),
(268, 15, 63, 3, 0, 'Kitchen 3', 'Nam pretium turpis et arcu. Duis arcu tortor, suscipit eget, imperdiet nec, imperdiet iaculis, ipsum. Sed aliquam ultrices mauris. Integer ante arcu, accumsan a, consectetuer eget, posuere ut, mauris. Praesent adipiscing. Phasellus ullamcorper ipsum rutrum nunc. Nunc nonummy metus. Vestibulum volutpat pretium libero. Cras id dui. Aenean ut eros et nisl sagittis vestibulum. Nullam nulla eros, ultricies sit amet, nonummy id, imperdiet feugiat, pede.', 1000, 'kitchen 3, for home', 1, '2014-12-29 15:10:06', NULL),
(269, 15, 63, 3, 0, 'Kitchen 4', 'Nam pretium turpis et arcu. Duis arcu tortor, suscipit eget, imperdiet nec, imperdiet iaculis, ipsum. Sed aliquam ultrices mauris. Integer ante arcu, accumsan a, consectetuer eget, posuere ut, mauris. Praesent adipiscing. Phasellus ullamcorper ipsum rutrum nunc. Nunc nonummy metus. Vestibulum volutpat pretium libero. Cras id dui. Aenean ut eros et nisl sagittis vestibulum. Nullam nulla eros, ultricies sit amet, nonummy id, imperdiet feugiat, pede.', 700, 'kitchen 4, for home', 1, '2014-12-29 15:11:17', NULL),
(270, 15, 63, 3, 0, 'Kitchen 5', 'Nam pretium turpis et arcu. Duis arcu tortor, suscipit eget, imperdiet nec, imperdiet iaculis, ipsum. Sed aliquam ultrices mauris. Integer ante arcu, accumsan a, consectetuer eget, posuere ut, mauris. Praesent adipiscing. Phasellus ullamcorper ipsum rutrum nunc. Nunc nonummy metus. Vestibulum volutpat pretium libero. Cras id dui. Aenean ut eros et nisl sagittis vestibulum. Nullam nulla eros, ultricies sit amet, nonummy id, imperdiet feugiat, pede.', 600, 'kitchen 5, for home', 1, '2014-12-29 15:12:19', NULL),
(271, 15, 62, 3, 0, 'Furniture 1', 'Nam pretium turpis et arcu. Duis arcu tortor, suscipit eget, imperdiet nec, imperdiet iaculis, ipsum. Sed aliquam ultrices mauris. Integer ante arcu, accumsan a, consectetuer eget, posuere ut, mauris. Praesent adipiscing. Phasellus ullamcorper ipsum rutrum nunc. Nunc nonummy metus. Vestibulum volutpat pretium libero. Cras id dui. Aenean ut eros et nisl sagittis vestibulum. Nullam nulla eros, ultricies sit amet, nonummy id, imperdiet feugiat, pede.', 600, 'furniture, for home', 1, '2014-12-29 15:13:26', NULL),
(272, 15, 62, 3, 0, 'Furniture 2', 'Nam pretium turpis et arcu. Duis arcu tortor, suscipit eget, imperdiet nec, imperdiet iaculis, ipsum. Sed aliquam ultrices mauris. Integer ante arcu, accumsan a, consectetuer eget, posuere ut, mauris. Praesent adipiscing. Phasellus ullamcorper ipsum rutrum nunc. Nunc nonummy metus. Vestibulum volutpat pretium libero. Cras id dui. Aenean ut eros et nisl sagittis vestibulum. Nullam nulla eros, ultricies sit amet, nonummy id, imperdiet feugiat, pede.', 700, 'furniture 2, for home', 1, '2014-12-29 15:14:37', NULL),
(273, 15, 62, 3, 0, 'Furniture 3', 'Nam pretium turpis et arcu. Duis arcu tortor, suscipit eget, imperdiet nec, imperdiet iaculis, ipsum. Sed aliquam ultrices mauris. Integer ante arcu, accumsan a, consectetuer eget, posuere ut, mauris. Praesent adipiscing. Phasellus ullamcorper ipsum rutrum nunc. Nunc nonummy metus. Vestibulum volutpat pretium libero. Cras id dui. Aenean ut eros et nisl sagittis vestibulum. Nullam nulla eros, ultricies sit amet, nonummy id, imperdiet feugiat, pede.', 700, 'furniture 3, for home', 1, '2014-12-29 15:15:29', NULL),
(274, 15, 62, 3, 0, 'Furniture 4', 'Nam pretium turpis et arcu. Duis arcu tortor, suscipit eget, imperdiet nec, imperdiet iaculis, ipsum. Sed aliquam ultrices mauris. Integer ante arcu, accumsan a, consectetuer eget, posuere ut, mauris. Praesent adipiscing. Phasellus ullamcorper ipsum rutrum nunc. Nunc nonummy metus. Vestibulum volutpat pretium libero. Cras id dui. Aenean ut eros et nisl sagittis vestibulum. Nullam nulla eros, ultricies sit amet, nonummy id, imperdiet feugiat, pede.', 2000, 'furniture 4, for home', 1, '2014-12-29 15:16:33', NULL),
(275, 15, 62, 3, 0, 'Furniture 5', 'Nam pretium turpis et arcu. Duis arcu tortor, suscipit eget, imperdiet nec, imperdiet iaculis, ipsum. Sed aliquam ultrices mauris. Integer ante arcu, accumsan a, consectetuer eget, posuere ut, mauris. Praesent adipiscing. Phasellus ullamcorper ipsum rutrum nunc. Nunc nonummy metus. Vestibulum volutpat pretium libero. Cras id dui. Aenean ut eros et nisl sagittis vestibulum. Nullam nulla eros, ultricies sit amet, nonummy id, imperdiet feugiat, pede.', 2000, 'furniture 5, for home', 1, '2014-12-29 15:17:25', NULL),
(276, 16, 67, 3, 0, 'U 10 - 1', 'Lorem ipsum dolor sit amet, consectetuer adipiscing elit. Aenean commodo ligula eget dolor. Aenean massa. Cum sociis natoque penatibus et magnis dis parturient montes, nascetur ridiculus mus. Donec quam felis, ultricies nec, pellentesque eu, pretium quis, sem. Nulla consequat massa quis enim. Donec pede justo, fringilla vel, aliquet nec, vulputate eget, arcu. In enim justo, rhoncus ut, imperdiet a, venenatis vitae, justo.', 15, 'u10, for kids', 1, '2014-12-29 15:19:00', NULL),
(277, 16, 67, 3, 0, 'U 10 - 2', 'Lorem ipsum dolor sit amet, consectetuer adipiscing elit. Aenean commodo ligula eget dolor. Aenean massa. Cum sociis natoque penatibus et magnis dis parturient montes, nascetur ridiculus mus. Donec quam felis, ultricies nec, pellentesque eu, pretium quis, sem. Nulla consequat massa quis enim. Donec pede justo, fringilla vel, aliquet nec, vulputate eget, arcu. In enim justo, rhoncus ut, imperdiet a, venenatis vitae, justo.', 70, 'u10, for kids', 1, '2014-12-29 15:20:03', NULL),
(278, 16, 67, 3, 0, 'U 10 - 3', 'Lorem ipsum dolor sit amet, consectetuer adipiscing elit. Aenean commodo ligula eget dolor. Aenean massa. Cum sociis natoque penatibus et magnis dis parturient montes, nascetur ridiculus mus. Donec quam felis, ultricies nec, pellentesque eu, pretium quis, sem. Nulla consequat massa quis enim. Donec pede justo, fringilla vel, aliquet nec, vulputate eget, arcu. In enim justo, rhoncus ut, imperdiet a, venenatis vitae, justo.', 80, 'u10, for kids', 1, '2014-12-29 15:20:59', NULL),
(279, 16, 67, 3, 0, 'U 10 - 4', 'Lorem ipsum dolor sit amet, consectetuer adipiscing elit. Aenean commodo ligula eget dolor. Aenean massa. Cum sociis natoque penatibus et magnis dis parturient montes, nascetur ridiculus mus. Donec quam felis, ultricies nec, pellentesque eu, pretium quis, sem. Nulla consequat massa quis enim. Donec pede justo, fringilla vel, aliquet nec, vulputate eget, arcu. In enim justo, rhoncus ut, imperdiet a, venenatis vitae, justo.', 70, 'u10, for kids', 1, '2014-12-29 15:21:47', NULL),
(280, 16, 67, 3, 0, 'U 10 - 5', 'Lorem ipsum dolor sit amet, consectetuer adipiscing elit. Aenean commodo ligula eget dolor. Aenean massa. Cum sociis natoque penatibus et magnis dis parturient montes, nascetur ridiculus mus. Donec quam felis, ultricies nec, pellentesque eu, pretium quis, sem. Nulla consequat massa quis enim. Donec pede justo, fringilla vel, aliquet nec, vulputate eget, arcu. In enim justo, rhoncus ut, imperdiet a, venenatis vitae, justo.', 20, 'u10, for kids', 1, '2014-12-29 15:22:32', NULL),
(281, 16, 68, 3, 0, 'U 12 - 1', 'Lorem ipsum dolor sit amet, consectetuer adipiscing elit. Aenean commodo ligula eget dolor. Aenean massa. Cum sociis natoque penatibus et magnis dis parturient montes, nascetur ridiculus mus. Donec quam felis, ultricies nec, pellentesque eu, pretium quis, sem. Nulla consequat massa quis enim. Donec pede justo, fringilla vel, aliquet nec, vulputate eget, arcu. In enim justo, rhoncus ut, imperdiet a, venenatis vitae, justo.', 25, 'u12, for kids', 1, '2014-12-29 15:23:42', NULL),
(282, 16, 68, 3, 0, 'U 12 - 2', 'Lorem ipsum dolor sit amet, consectetuer adipiscing elit. Aenean commodo ligula eget dolor. Aenean massa. Cum sociis natoque penatibus et magnis dis parturient montes, nascetur ridiculus mus. Donec quam felis, ultricies nec, pellentesque eu, pretium quis, sem. Nulla consequat massa quis enim. Donec pede justo, fringilla vel, aliquet nec, vulputate eget, arcu. In enim justo, rhoncus ut, imperdiet a, venenatis vitae, justo.', 25, 'u12, for kids', 1, '2014-12-29 15:24:29', NULL),
(283, 16, 68, 3, 0, 'U 12 - 3', 'Lorem ipsum dolor sit amet, consectetuer adipiscing elit. Aenean commodo ligula eget dolor. Aenean massa. Cum sociis natoque penatibus et magnis dis parturient montes, nascetur ridiculus mus. Donec quam felis, ultricies nec, pellentesque eu, pretium quis, sem. Nulla consequat massa quis enim. Donec pede justo, fringilla vel, aliquet nec, vulputate eget, arcu. In enim justo, rhoncus ut, imperdiet a, venenatis vitae, justo.', 70, 'u12, for kids', 1, '2014-12-29 15:25:13', NULL),
(284, 16, 68, 3, 0, 'U 12 - 4', 'Lorem ipsum dolor sit amet, consectetuer adipiscing elit. Aenean commodo ligula eget dolor. Aenean massa. Cum sociis natoque penatibus et magnis dis parturient montes, nascetur ridiculus mus. Donec quam felis, ultricies nec, pellentesque eu, pretium quis, sem. Nulla consequat massa quis enim. Donec pede justo, fringilla vel, aliquet nec, vulputate eget, arcu. In enim justo, rhoncus ut, imperdiet a, venenatis vitae, justo.', 50, 'u12, for kids', 1, '2014-12-29 15:26:10', NULL),
(285, 16, 68, 3, 0, 'U 12 - 5', 'Lorem ipsum dolor sit amet, consectetuer adipiscing elit. Aenean commodo ligula eget dolor. Aenean massa. Cum sociis natoque penatibus et magnis dis parturient montes, nascetur ridiculus mus. Donec quam felis, ultricies nec, pellentesque eu, pretium quis, sem. Nulla consequat massa quis enim. Donec pede justo, fringilla vel, aliquet nec, vulputate eget, arcu. In enim justo, rhoncus ut, imperdiet a, venenatis vitae, justo.', 15, 'u12, for kids', 1, '2014-12-29 15:27:50', NULL),
(286, 16, 69, 3, 0, 'U 14 - 1', 'Lorem ipsum dolor sit amet, consectetuer adipiscing elit. Aenean commodo ligula eget dolor. Aenean massa. Cum sociis natoque penatibus et magnis dis parturient montes, nascetur ridiculus mus. Donec quam felis, ultricies nec, pellentesque eu, pretium quis, sem. Nulla consequat massa quis enim. Donec pede justo, fringilla vel, aliquet nec, vulputate eget, arcu. In enim justo, rhoncus ut, imperdiet a, venenatis vitae, justo.', 70, 'u14, for kids', 1, '2014-12-29 15:29:14', NULL),
(287, 16, 69, 3, 0, 'U 14 - 2', 'Lorem ipsum dolor sit amet, consectetuer adipiscing elit. Aenean commodo ligula eget dolor. Aenean massa. Cum sociis natoque penatibus et magnis dis parturient montes, nascetur ridiculus mus. Donec quam felis, ultricies nec, pellentesque eu, pretium quis, sem. Nulla consequat massa quis enim. Donec pede justo, fringilla vel, aliquet nec, vulputate eget, arcu. In enim justo, rhoncus ut, imperdiet a, venenatis vitae, justo.', 25, 'u14, for kids', 1, '2014-12-29 15:30:09', NULL),
(288, 16, 69, 3, 0, 'U 14 - 3', 'Lorem ipsum dolor sit amet, consectetuer adipiscing elit. Aenean commodo ligula eget dolor. Aenean massa. Cum sociis natoque penatibus et magnis dis parturient montes, nascetur ridiculus mus. Donec quam felis, ultricies nec, pellentesque eu, pretium quis, sem. Nulla consequat massa quis enim. Donec pede justo, fringilla vel, aliquet nec, vulputate eget, arcu. In enim justo, rhoncus ut, imperdiet a, venenatis vitae, justo.', 25, 'u14, for kids', 1, '2014-12-29 15:30:59', NULL),
(289, 16, 69, 3, 0, 'U 14 - 4', 'Lorem ipsum dolor sit amet, consectetuer adipiscing elit. Aenean commodo ligula eget dolor. Aenean massa. Cum sociis natoque penatibus et magnis dis parturient montes, nascetur ridiculus mus. Donec quam felis, ultricies nec, pellentesque eu, pretium quis, sem. Nulla consequat massa quis enim. Donec pede justo, fringilla vel, aliquet nec, vulputate eget, arcu. In enim justo, rhoncus ut, imperdiet a, venenatis vitae, justo.', 15, 'u14, for kids', 1, '2014-12-29 15:31:50', NULL),
(290, 17, 70, 3, 0, 'Columbia 1', 'Lorem ipsum dolor sit amet, consectetuer adipiscing elit. Aenean commodo ligula eget dolor. Aenean massa. Cum sociis natoque penatibus et magnis dis parturient montes, nascetur ridiculus mus. Donec quam felis, ultricies nec, pellentesque eu, pretium quis, sem. Nulla consequat massa quis enim. Donec pede justo, fringilla vel, aliquet nec, vulputate eget, arcu. In enim justo, rhoncus ut, imperdiet a, venenatis vitae, justo.', 150, 'columbia, shoes', 1, '2014-12-29 15:33:10', NULL),
(291, 17, 70, 3, 0, 'Columbia 2', 'Lorem ipsum dolor sit amet, consectetuer adipiscing elit. Aenean commodo ligula eget dolor. Aenean massa. Cum sociis natoque penatibus et magnis dis parturient montes, nascetur ridiculus mus. Donec quam felis, ultricies nec, pellentesque eu, pretium quis, sem. Nulla consequat massa quis enim. Donec pede justo, fringilla vel, aliquet nec, vulputate eget, arcu. In enim justo, rhoncus ut, imperdiet a, venenatis vitae, justo.', 300, 'columbia, shoes', 1, '2014-12-29 15:34:59', NULL),
(292, 17, 70, 3, 0, 'Columbia 3', 'Lorem ipsum dolor sit amet, consectetuer adipiscing elit. Aenean commodo ligula eget dolor. Aenean massa. Cum sociis natoque penatibus et magnis dis parturient montes, nascetur ridiculus mus. Donec quam felis, ultricies nec, pellentesque eu, pretium quis, sem. Nulla consequat massa quis enim. Donec pede justo, fringilla vel, aliquet nec, vulputate eget, arcu. In enim justo, rhoncus ut, imperdiet a, venenatis vitae, justo.', 400, 'columbia, shoes', 1, '2014-12-29 15:35:44', NULL);
INSERT INTO `mk_items` (`id`, `cat_id`, `sub_cat_id`, `shop_id`, `discount_type_id`, `name`, `description`, `unit_price`, `search_tag`, `is_published`, `added`, `updated`) VALUES
(293, 17, 70, 3, 0, 'Columbia 4', 'Lorem ipsum dolor sit amet, consectetuer adipiscing elit. Aenean commodo ligula eget dolor. Aenean massa. Cum sociis natoque penatibus et magnis dis parturient montes, nascetur ridiculus mus. Donec quam felis, ultricies nec, pellentesque eu, pretium quis, sem. Nulla consequat massa quis enim. Donec pede justo, fringilla vel, aliquet nec, vulputate eget, arcu. In enim justo, rhoncus ut, imperdiet a, venenatis vitae, justo.', 250, 'columbia, shoes', 1, '2014-12-29 16:24:21', NULL),
(294, 17, 70, 3, 0, 'Columbia 5', 'Lorem ipsum dolor sit amet, consectetuer adipiscing elit. Aenean commodo ligula eget dolor. Aenean massa. Cum sociis natoque penatibus et magnis dis parturient montes, nascetur ridiculus mus. Donec quam felis, ultricies nec, pellentesque eu, pretium quis, sem. Nulla consequat massa quis enim. Donec pede justo, fringilla vel, aliquet nec, vulputate eget, arcu. In enim justo, rhoncus ut, imperdiet a, venenatis vitae, justo.', 100, 'columbia, shoes', 1, '2014-12-29 16:25:24', NULL),
(295, 17, 70, 3, 0, 'Columbia 6', 'Lorem ipsum dolor sit amet, consectetuer adipiscing elit. Aenean commodo ligula eget dolor. Aenean massa. Cum sociis natoque penatibus et magnis dis parturient montes, nascetur ridiculus mus. Donec quam felis, ultricies nec, pellentesque eu, pretium quis, sem. Nulla consequat massa quis enim. Donec pede justo, fringilla vel, aliquet nec, vulputate eget, arcu. In enim justo, rhoncus ut, imperdiet a, venenatis vitae, justo.', 70, 'columbia, shoes', 1, '2014-12-29 16:51:17', NULL),
(296, 17, 71, 3, 0, 'Globe 1', 'Lorem ipsum dolor sit amet, consectetuer adipiscing elit. Aenean commodo ligula eget dolor. Aenean massa. Cum sociis natoque penatibus et magnis dis parturient montes, nascetur ridiculus mus. Donec quam felis, ultricies nec, pellentesque eu, pretium quis, sem. Nulla consequat massa quis enim. Donec pede justo, fringilla vel, aliquet nec, vulputate eget, arcu. In enim justo, rhoncus ut, imperdiet a, venenatis vitae, justo.', 700, 'globe, shoes', 1, '2014-12-29 16:52:01', NULL),
(297, 17, 71, 3, 0, 'Globe 2', 'Lorem ipsum dolor sit amet, consectetuer adipiscing elit. Aenean commodo ligula eget dolor. Aenean massa. Cum sociis natoque penatibus et magnis dis parturient montes, nascetur ridiculus mus. Donec quam felis, ultricies nec, pellentesque eu, pretium quis, sem. Nulla consequat massa quis enim. Donec pede justo, fringilla vel, aliquet nec, vulputate eget, arcu. In enim justo, rhoncus ut, imperdiet a, venenatis vitae, justo.', 200, 'globe, shoes', 1, '2014-12-29 16:52:47', NULL),
(298, 17, 71, 3, 0, 'Globe 3', 'Lorem ipsum dolor sit amet, consectetuer adipiscing elit. Aenean commodo ligula eget dolor. Aenean massa. Cum sociis natoque penatibus et magnis dis parturient montes, nascetur ridiculus mus. Donec quam felis, ultricies nec, pellentesque eu, pretium quis, sem. Nulla consequat massa quis enim. Donec pede justo, fringilla vel, aliquet nec, vulputate eget, arcu. In enim justo, rhoncus ut, imperdiet a, venenatis vitae, justo.', 150, 'globe, shoes', 1, '2014-12-29 16:53:34', NULL),
(299, 17, 71, 3, 0, 'Globe 4', 'Lorem ipsum dolor sit amet, consectetuer adipiscing elit. Aenean commodo ligula eget dolor. Aenean massa. Cum sociis natoque penatibus et magnis dis parturient montes, nascetur ridiculus mus. Donec quam felis, ultricies nec, pellentesque eu, pretium quis, sem. Nulla consequat massa quis enim. Donec pede justo, fringilla vel, aliquet nec, vulputate eget, arcu. In enim justo, rhoncus ut, imperdiet a, venenatis vitae, justo.', 200, 'globe, shoes', 1, '2014-12-29 16:54:22', NULL),
(300, 17, 71, 3, 0, 'Globe 5', 'Lorem ipsum dolor sit amet, consectetuer adipiscing elit. Aenean commodo ligula eget dolor. Aenean massa. Cum sociis natoque penatibus et magnis dis parturient montes, nascetur ridiculus mus. Donec quam felis, ultricies nec, pellentesque eu, pretium quis, sem. Nulla consequat massa quis enim. Donec pede justo, fringilla vel, aliquet nec, vulputate eget, arcu. In enim justo, rhoncus ut, imperdiet a, venenatis vitae, justo.', 300, 'globe, shoes', 1, '2014-12-29 16:55:01', NULL),
(301, 17, 71, 3, 0, 'Globe 6', 'Lorem ipsum dolor sit amet, consectetuer adipiscing elit. Aenean commodo ligula eget dolor. Aenean massa. Cum sociis natoque penatibus et magnis dis parturient montes, nascetur ridiculus mus. Donec quam felis, ultricies nec, pellentesque eu, pretium quis, sem. Nulla consequat massa quis enim. Donec pede justo, fringilla vel, aliquet nec, vulputate eget, arcu. In enim justo, rhoncus ut, imperdiet a, venenatis vitae, justo.', 250, 'globe, shoes', 1, '2014-12-29 16:55:43', NULL),
(302, 17, 72, 3, 0, 'Keen 1', 'Lorem ipsum dolor sit amet, consectetuer adipiscing elit. Aenean commodo ligula eget dolor. Aenean massa. Cum sociis natoque penatibus et magnis dis parturient montes, nascetur ridiculus mus. Donec quam felis, ultricies nec, pellentesque eu, pretium quis, sem. Nulla consequat massa quis enim. Donec pede justo, fringilla vel, aliquet nec, vulputate eget, arcu. In enim justo, rhoncus ut, imperdiet a, venenatis vitae, justo.', 100, 'keen, shoes', 1, '2014-12-29 16:57:03', NULL),
(303, 17, 72, 3, 0, 'Keen 2', 'Lorem ipsum dolor sit amet, consectetuer adipiscing elit. Aenean commodo ligula eget dolor. Aenean massa. Cum sociis natoque penatibus et magnis dis parturient montes, nascetur ridiculus mus. Donec quam felis, ultricies nec, pellentesque eu, pretium quis, sem. Nulla consequat massa quis enim. Donec pede justo, fringilla vel, aliquet nec, vulputate eget, arcu. In enim justo, rhoncus ut, imperdiet a, venenatis vitae, justo.', 240, 'keen, shoes', 1, '2014-12-29 16:57:53', NULL),
(304, 17, 72, 3, 0, 'Keen 3', 'Lorem ipsum dolor sit amet, consectetuer adipiscing elit. Aenean commodo ligula eget dolor. Aenean massa. Cum sociis natoque penatibus et magnis dis parturient montes, nascetur ridiculus mus. Donec quam felis, ultricies nec, pellentesque eu, pretium quis, sem. Nulla consequat massa quis enim. Donec pede justo, fringilla vel, aliquet nec, vulputate eget, arcu. In enim justo, rhoncus ut, imperdiet a, venenatis vitae, justo.', 140, 'keen, shoes', 1, '2014-12-29 16:58:40', NULL),
(305, 17, 72, 3, 0, 'Keen 4', 'Lorem ipsum dolor sit amet, consectetuer adipiscing elit. Aenean commodo ligula eget dolor. Aenean massa. Cum sociis natoque penatibus et magnis dis parturient montes, nascetur ridiculus mus. Donec quam felis, ultricies nec, pellentesque eu, pretium quis, sem. Nulla consequat massa quis enim. Donec pede justo, fringilla vel, aliquet nec, vulputate eget, arcu. In enim justo, rhoncus ut, imperdiet a, venenatis vitae, justo.', 120, 'keen, shoes', 1, '2014-12-29 16:59:13', NULL),
(306, 17, 72, 3, 0, 'Keen 5', 'Lorem ipsum dolor sit amet, consectetuer adipiscing elit. Aenean commodo ligula eget dolor. Aenean massa. Cum sociis natoque penatibus et magnis dis parturient montes, nascetur ridiculus mus. Donec quam felis, ultricies nec, pellentesque eu, pretium quis, sem. Nulla consequat massa quis enim. Donec pede justo, fringilla vel, aliquet nec, vulputate eget, arcu. In enim justo, rhoncus ut, imperdiet a, venenatis vitae, justo.', 430, 'keen, shoes', 1, '2014-12-29 16:59:55', NULL),
(307, 17, 73, 3, 0, 'Mizuno 1', 'Lorem ipsum dolor sit amet, consectetuer adipiscing elit. Aenean commodo ligula eget dolor. Aenean massa. Cum sociis natoque penatibus et magnis dis parturient montes, nascetur ridiculus mus. Donec quam felis, ultricies nec, pellentesque eu, pretium quis, sem. Nulla consequat massa quis enim. Donec pede justo, fringilla vel, aliquet nec, vulputate eget, arcu. In enim justo, rhoncus ut, imperdiet a, venenatis vitae, justo.', 220, 'mizuno, shoes', 1, '2014-12-29 17:01:21', NULL),
(308, 17, 73, 3, 0, 'Mizuno 2', 'Lorem ipsum dolor sit amet, consectetuer adipiscing elit. Aenean commodo ligula eget dolor. Aenean massa. Cum sociis natoque penatibus et magnis dis parturient montes, nascetur ridiculus mus. Donec quam felis, ultricies nec, pellentesque eu, pretium quis, sem. Nulla consequat massa quis enim. Donec pede justo, fringilla vel, aliquet nec, vulputate eget, arcu. In enim justo, rhoncus ut, imperdiet a, venenatis vitae, justo.', 300, 'mizuno, shoes', 1, '2014-12-29 17:02:00', NULL),
(309, 17, 73, 3, 0, 'Mizuno 3', 'Lorem ipsum dolor sit amet, consectetuer adipiscing elit. Aenean commodo ligula eget dolor. Aenean massa. Cum sociis natoque penatibus et magnis dis parturient montes, nascetur ridiculus mus. Donec quam felis, ultricies nec, pellentesque eu, pretium quis, sem. Nulla consequat massa quis enim. Donec pede justo, fringilla vel, aliquet nec, vulputate eget, arcu. In enim justo, rhoncus ut, imperdiet a, venenatis vitae, justo.', 205, 'mizuno, shoes', 1, '2014-12-29 17:02:42', NULL),
(310, 17, 73, 3, 0, 'Mizuno 4', 'Lorem ipsum dolor sit amet, consectetuer adipiscing elit. Aenean commodo ligula eget dolor. Aenean massa. Cum sociis natoque penatibus et magnis dis parturient montes, nascetur ridiculus mus. Donec quam felis, ultricies nec, pellentesque eu, pretium quis, sem. Nulla consequat massa quis enim. Donec pede justo, fringilla vel, aliquet nec, vulputate eget, arcu. In enim justo, rhoncus ut, imperdiet a, venenatis vitae, justo.', 120, 'mizuno, shoes', 1, '2014-12-29 17:03:20', NULL),
(311, 17, 73, 3, 0, 'Mizuno 5', 'Lorem ipsum dolor sit amet, consectetuer adipiscing elit. Aenean commodo ligula eget dolor. Aenean massa. Cum sociis natoque penatibus et magnis dis parturient montes, nascetur ridiculus mus. Donec quam felis, ultricies nec, pellentesque eu, pretium quis, sem. Nulla consequat massa quis enim. Donec pede justo, fringilla vel, aliquet nec, vulputate eget, arcu. In enim justo, rhoncus ut, imperdiet a, venenatis vitae, justo.', 140, 'mizuno, shoes', 1, '2014-12-29 17:04:04', NULL),
(312, 17, 74, 3, 0, 'Teva 1', 'Lorem ipsum dolor sit amet, consectetuer adipiscing elit. Aenean commodo ligula eget dolor. Aenean massa. Cum sociis natoque penatibus et magnis dis parturient montes, nascetur ridiculus mus. Donec quam felis, ultricies nec, pellentesque eu, pretium quis, sem. Nulla consequat massa quis enim. Donec pede justo, fringilla vel, aliquet nec, vulputate eget, arcu. In enim justo, rhoncus ut, imperdiet a, venenatis vitae, justo.', 120, 'teva, shoes', 1, '2014-12-29 17:05:15', NULL),
(313, 17, 74, 3, 0, 'Teva 2', 'Lorem ipsum dolor sit amet, consectetuer adipiscing elit. Aenean commodo ligula eget dolor. Aenean massa. Cum sociis natoque penatibus et magnis dis parturient montes, nascetur ridiculus mus. Donec quam felis, ultricies nec, pellentesque eu, pretium quis, sem. Nulla consequat massa quis enim. Donec pede justo, fringilla vel, aliquet nec, vulputate eget, arcu. In enim justo, rhoncus ut, imperdiet a, venenatis vitae, justo.', 140, 'teva, shoes', 1, '2014-12-29 17:05:58', NULL),
(314, 17, 74, 3, 0, 'Teva 3', 'Lorem ipsum dolor sit amet, consectetuer adipiscing elit. Aenean commodo ligula eget dolor. Aenean massa. Cum sociis natoque penatibus et magnis dis parturient montes, nascetur ridiculus mus. Donec quam felis, ultricies nec, pellentesque eu, pretium quis, sem. Nulla consequat massa quis enim. Donec pede justo, fringilla vel, aliquet nec, vulputate eget, arcu. In enim justo, rhoncus ut, imperdiet a, venenatis vitae, justo.', 150, 'teva, shoes', 1, '2014-12-29 17:07:03', NULL),
(315, 17, 74, 3, 0, 'Teva 4', 'Lorem ipsum dolor sit amet, consectetuer adipiscing elit. Aenean commodo ligula eget dolor. Aenean massa. Cum sociis natoque penatibus et magnis dis parturient montes, nascetur ridiculus mus. Donec quam felis, ultricies nec, pellentesque eu, pretium quis, sem. Nulla consequat massa quis enim. Donec pede justo, fringilla vel, aliquet nec, vulputate eget, arcu. In enim justo, rhoncus ut, imperdiet a, venenatis vitae, justo.', 150, 'teva, shoes', 1, '2014-12-29 17:07:38', NULL),
(316, 17, 74, 3, 0, 'Teva 5', 'Lorem ipsum dolor sit amet, consectetuer adipiscing elit. Aenean commodo ligula eget dolor. Aenean massa. Cum sociis natoque penatibus et magnis dis parturient montes, nascetur ridiculus mus. Donec quam felis, ultricies nec, pellentesque eu, pretium quis, sem. Nulla consequat massa quis enim. Donec pede justo, fringilla vel, aliquet nec, vulputate eget, arcu. In enim justo, rhoncus ut, imperdiet a, venenatis vitae, justo.', 320, 'teva, shoes', 1, '2014-12-29 17:08:17', NULL),
(317, 17, 75, 3, 0, 'Splading 1', 'Lorem ipsum dolor sit amet, consectetuer adipiscing elit. Aenean commodo ligula eget dolor. Aenean massa. Cum sociis natoque penatibus et magnis dis parturient montes, nascetur ridiculus mus. Donec quam felis, ultricies nec, pellentesque eu, pretium quis, sem. Nulla consequat massa quis enim. Donec pede justo, fringilla vel, aliquet nec, vulputate eget, arcu. In enim justo, rhoncus ut, imperdiet a, venenatis vitae, justo.', 120, 'splading, shoes', 1, '2014-12-29 17:09:01', NULL),
(318, 17, 75, 3, 0, 'Splading 2', 'Lorem ipsum dolor sit amet, consectetuer adipiscing elit. Aenean commodo ligula eget dolor. Aenean massa. Cum sociis natoque penatibus et magnis dis parturient montes, nascetur ridiculus mus. Donec quam felis, ultricies nec, pellentesque eu, pretium quis, sem. Nulla consequat massa quis enim. Donec pede justo, fringilla vel, aliquet nec, vulputate eget, arcu. In enim justo, rhoncus ut, imperdiet a, venenatis vitae, justo.', 140, 'splading, shoes', 1, '2014-12-29 17:09:45', NULL),
(319, 17, 75, 3, 0, 'Splading 3', 'Lorem ipsum dolor sit amet, consectetuer adipiscing elit. Aenean commodo ligula eget dolor. Aenean massa. Cum sociis natoque penatibus et magnis dis parturient montes, nascetur ridiculus mus. Donec quam felis, ultricies nec, pellentesque eu, pretium quis, sem. Nulla consequat massa quis enim. Donec pede justo, fringilla vel, aliquet nec, vulputate eget, arcu. In enim justo, rhoncus ut, imperdiet a, venenatis vitae, justo.', 150, 'splading, shoes', 1, '2014-12-29 17:10:30', NULL),
(320, 17, 75, 3, 0, 'Splading 4', 'Lorem ipsum dolor sit amet, consectetuer adipiscing elit. Aenean commodo ligula eget dolor. Aenean massa. Cum sociis natoque penatibus et magnis dis parturient montes, nascetur ridiculu mus. Donec quam felis, ultricies nec, pellentesque eu, pretium quis, sem. Nulla consequat massa quis enim. Donec pede justo, fringilla vel, aliquet nec, vulputate eget, arcu. In enim justo, rhoncus ut, imperdiet a, venenatis vitae, justo.', 600, 'splading, shoes', 1, '2014-12-29 17:11:08', NULL),
(321, 17, 75, 3, 0, 'Splading 5', 'Lorem ipsum dolor sit amet, consectetuer adipiscing elit. Aenean commodo ligula eget dolor. Aenean massa. Cum sociis natoque penatibus et magnis dis parturient montes, nascetur ridiculus mus. Donec quam felis, ultricies nec, pellentesque eu, pretium quis, sem. Nulla consequat massa quis enim. Donec pede justo, fringilla vel, aliquet nec, vulputate eget, arcu. In enim justo, rhoncus ut, imperdiet a, venenatis vitae, justo.', 140, 'splading, shoes', 1, '2014-12-29 17:11:45', NULL),
(322, 18, 76, 3, 0, 'Queen 1', 'Lorem ipsum dolor sit amet, consectetuer adipiscing elit. Aenean commodo ligula eget dolor. Aenean massa. Cum sociis natoque penatibus et magnis dis parturient montes, nascetur ridiculus mus. Donec quam felis, ultricies nec, pellentesque eu, pretium quis, sem. Nulla consequat massa quis enim. Donec pede justo, fringilla vel, aliquet nec, vulputate eget, arcu. In enim justo, rhoncus ut, imperdiet a, venenatis vitae, justo.', 150, 'queen, lady bags', 1, '2014-12-29 17:12:46', NULL),
(323, 18, 76, 3, 0, 'Queen 2', 'Lorem ipsum dolor sit amet, consectetuer adipiscing elit. Aenean commodo ligula eget dolor. Aenean massa. Cum sociis natoque penatibus et magnis dis parturient montes, nascetur ridiculus mus. Donec quam felis, ultricies nec, pellentesque eu, pretium quis, sem. Nulla consequat massa quis enim. Donec pede justo, fringilla vel, aliquet nec, vulputate eget, arcu. In enim justo, rhoncus ut, imperdiet a, venenatis vitae, justo.', 140, 'queen, lady bags', 1, '2014-12-29 17:13:34', NULL),
(324, 18, 76, 3, 0, 'Queen 3', 'Lorem ipsum dolor sit amet, consectetuer adipiscing elit. Aenean commodo ligula eget dolor. Aenean massa. Cum sociis natoque penatibus et magnis dis parturient montes, nascetur ridiculus mus. Donec quam felis, ultricies nec, pellentesque eu, pretium quis, sem. Nulla consequat massa quis enim. Donec pede justo, fringilla vel, aliquet nec, vulputate eget, arcu. In enim justo, rhoncus ut, imperdiet a, venenatis vitae, justo.', 150, 'queen, lady bags', 1, '2014-12-29 17:14:19', NULL),
(325, 18, 77, 3, 0, 'Mo 1', 'Lorem ipsum dolor sit amet, consectetuer adipiscing elit. Aenean commodo ligula eget dolor. Aenean massa. Cum sociis natoque penatibus et magnis dis parturient montes, nascetur ridiculus mus. Donec quam felis, ultricies nec, pellentesque eu, pretium quis, sem. Nulla consequat massa quis enim. Donec pede justo, fringilla vel, aliquet nec, vulputate eget, arcu. In enim justo, rhoncus ut, imperdiet a, venenatis vitae, justo.', 120, 'momo, lady bags', 1, '2014-12-29 17:15:07', NULL),
(326, 18, 77, 3, 0, 'Mo 2', 'Lorem ipsum dolor sit amet, consectetuer adipiscing elit. Aenean commodo ligula eget dolor. Aenean massa. Cum sociis natoque penatibus et magnis dis parturient montes, nascetur ridiculus mus. Donec quam felis, ultricies nec, pellentesque eu, pretium quis, sem. Nulla consequat massa quis enim. Donec pede justo, fringilla vel, aliquet nec, vulputate eget, arcu. In enim justo, rhoncus ut, imperdiet a, venenatis vitae, justo.', 140, 'momo, lady bags', 1, '2014-12-29 17:15:38', NULL),
(327, 18, 77, 3, 0, 'Mo 3', 'Lorem ipsum dolor sit amet, consectetuer adipiscing elit. Aenean commodo ligula eget dolor. Aenean massa. Cum sociis natoque penatibus et magnis dis parturient montes, nascetur ridiculus mus. Donec quam felis, ultricies nec, pellentesque eu, pretium quis, sem. Nulla consequat massa quis enim. Donec pede justo, fringilla vel, aliquet nec, vulputate eget, arcu. In enim justo, rhoncus ut, imperdiet a, venenatis vitae, justo.', 150, 'momo, lady bags', 1, '2014-12-29 17:16:15', NULL),
(328, 18, 78, 3, 0, 'Essco 1', 'Lorem ipsum dolor sit amet, consectetuer adipiscing elit. Aenean commodo ligula eget dolor. Aenean massa. Cum sociis natoque penatibus et magnis dis parturient montes, nascetur ridiculus mus. Donec quam felis, ultricies nec, pellentesque eu, pretium quis, sem. Nulla consequat massa quis enim. Donec pede justo, fringilla vel, aliquet nec, vulputate eget, arcu. In enim justo, rhoncus ut, imperdiet a, venenatis vitae, justo.', 140, 'essco, lady bags', 1, '2014-12-29 17:17:04', NULL),
(329, 18, 78, 3, 0, 'Essco 2', 'Lorem ipsum dolor sit amet, consectetuer adipiscing elit. Aenean commodo ligula eget dolor. Aenean massa. Cum sociis natoque penatibus et magnis dis parturient montes, nascetur ridiculus mus. Donec quam felis, ultricies nec, pellentesque eu, pretium quis, sem. Nulla consequat massa quis enim. Donec pede justo, fringilla vel, aliquet nec, vulputate eget, arcu. In enim justo, rhoncus ut, imperdiet a, venenatis vitae, justo.', 140, 'essco, lady bags', 1, '2014-12-29 17:17:44', NULL),
(330, 18, 78, 3, 0, 'Essco 3', 'Lorem ipsum dolor sit amet, consectetuer adipiscing elit. Aenean commodo ligula eget dolor. Aenean massa. Cum sociis natoque penatibus et magnis dis parturient montes, nascetur ridiculus mus. Donec quam felis, ultricies nec, pellentesque eu, pretium quis, sem. Nulla consequat massa quis enim. Donec pede justo, fringilla vel, aliquet nec, vulputate eget, arcu. In enim justo, rhoncus ut, imperdiet a, venenatis vitae, justo.', 150, 'essco, lady bags', 1, '2014-12-29 17:18:23', NULL),
(331, 19, 79, 3, 0, 'Bag 1', 'Lorem ipsum dolor sit amet, consectetuer adipiscing elit. Aenean commodo ligula eget dolor. Aenean massa. Cum sociis natoque penatibus et magnis dis parturient montes, nascetur ridiculus mus. Donec quam felis, ultricies nec, pellentesque eu, pretium quis, sem. Nulla consequat massa quis enim. Donec pede justo, fringilla vel, aliquet nec, vulputate eget, arcu. In enim justo, rhoncus ut, imperdiet a, venenatis vitae, justo.', 150, 'bags, travel', 1, '2014-12-29 17:19:21', NULL),
(332, 19, 79, 3, 0, 'Bag 2', 'Lorem ipsum dolor sit amet, consectetuer adipiscing elit. Aenean commodo ligula eget dolor. Aenean massa. Cum sociis natoque penatibus et magnis dis parturient montes, nascetur ridiculus mus. Donec quam felis, ultricies nec, pellentesque eu, pretium quis, sem. Nulla consequat massa quis enim. Donec pede justo, fringilla vel, aliquet nec, vulputate eget, arcu. In enim justo, rhoncus ut, imperdiet a, venenatis vitae, justo.', 150, 'bags, travel', 1, '2014-12-29 17:20:21', NULL),
(333, 19, 79, 3, 0, 'Bag 3', 'Lorem ipsum dolor sit amet, consectetuer adipiscing elit. Aenean commodo ligula eget dolor. Aenean massa. Cum sociis natoque penatibus et magnis dis parturient montes, nascetur ridiculus mus. Donec quam felis, ultricies nec, pellentesque eu, pretium quis, sem. Nulla consequat massa quis enim. Donec pede justo, fringilla vel, aliquet nec, vulputate eget, arcu. In enim justo, rhoncus ut, imperdiet a, venenatis vitae, justo.', 10, 'bags, travel', 1, '2014-12-29 17:21:08', NULL),
(334, 19, 80, 3, 0, 'Pharmarcy 1', 'Lorem ipsum dolor sit amet, consectetuer adipiscing elit. Aenean commodo ligula eget dolor. Aenean massa. Cum sociis natoque penatibus et magnis dis parturient montes, nascetur ridiculus mus. Donec quam felis, ultricies nec, pellentesque eu, pretium quis, sem. Nulla consequat massa quis enim. Donec pede justo, fringilla vel, aliquet nec, vulputate eget, arcu. In enim justo, rhoncus ut, imperdiet a, venenatis vitae, justo.', 25, 'Pharmarcy, travel', 1, '2014-12-29 17:22:06', NULL),
(335, 19, 80, 3, 0, 'Pharmarcy 2', 'Lorem ipsum dolor sit amet, consectetuer adipiscing elit. Aenean commodo ligula eget dolor. Aenean massa. Cum sociis natoque penatibus et magnis dis parturient montes, nascetur ridiculus mus. Donec quam felis, ultricies nec, pellentesque eu, pretium quis, sem. Nulla consequat massa quis enim. Donec pede justo, fringilla vel, aliquet nec, vulputate eget, arcu. In enim justo, rhoncus ut, imperdiet a, venenatis vitae, justo.', 140, 'Pharmarcy, travel', 1, '2014-12-29 17:22:59', NULL),
(336, 19, 80, 3, 0, 'Pharmarcy 3', 'Lorem ipsum dolor sit amet, consectetuer adipiscing elit. Aenean commodo ligula eget dolor. Aenean massa. Cum sociis natoque penatibus et magnis dis parturient montes, nascetur ridiculus mus. Donec quam felis, ultricies nec, pellentesque eu, pretium quis, sem. Nulla consequat massa quis enim. Donec pede justo, fringilla vel, aliquet nec, vulputate eget, arcu. In enim justo, rhoncus ut, imperdiet a, venenatis vitae, justo.', 140, 'Pharmarcy, travel', 1, '2014-12-29 17:23:36', NULL),
(337, 19, 80, 3, 0, 'Pharmarcy 4', 'Lorem ipsum dolor sit amet, consectetuer adipiscing elit. Aenean commodo ligula eget dolor. Aenean massa. Cum sociis natoque penatibus et magnis dis parturient montes, nascetur ridiculus mus. Donec quam felis, ultricies nec, pellentesque eu, pretium quis, sem. Nulla consequat massa quis enim. Donec pede justo, fringilla vel, aliquet nec, vulputate eget, arcu. In enim justo, rhoncus ut, imperdiet a, venenatis vitae, justo.', 120, 'Pharmarcy, travel', 1, '2014-12-29 17:24:22', NULL),
(338, 19, 80, 3, 0, 'Pharmarcy 5', 'Lorem ipsum dolor sit amet, consectetuer adipiscing elit. Aenean commodo ligula eget dolor. Aenean massa. Cum sociis natoque penatibus et magnis dis parturient montes, nascetur ridiculus mus. Donec quam felis, ultricies nec, pellentesque eu, pretium quis, sem. Nulla consequat massa quis enim. Donec pede justo, fringilla vel, aliquet nec, vulputate eget, arcu. In enim justo, rhoncus ut, imperdiet a, venenatis vitae, justo.', 140, 'Pharmarcy, travel', 1, '2014-12-29 17:25:10', NULL),
(339, 19, 81, 3, 0, 'Other 1', 'Lorem ipsum dolor sit amet, consectetuer adipiscing elit. Aenean commodo ligula eget dolor. Aenean massa. Cum sociis natoque penatibus et magnis dis parturient montes, nascetur ridiculus mus. Donec quam felis, ultricies nec, pellentesque eu, pretium quis, sem. Nulla consequat massa quis enim. Donec pede justo, fringilla vel, aliquet nec, vulputate eget, arcu. In enim justo, rhoncus ut, imperdiet a, venenatis vitae, justo.', 15, 'other, travel', 1, '2014-12-29 17:25:49', NULL),
(340, 19, 81, 3, 0, 'Other 2', 'Lorem ipsum dolor sit amet, consectetuer adipiscing elit. Aenean commodo ligula eget dolor. Aenean massa. Cum sociis natoque penatibus et magnis dis parturient montes, nascetur ridiculus mus. Donec quam felis, ultricies nec, pellentesque eu, pretium quis, sem. Nulla consequat massa quis enim. Donec pede justo, fringilla vel, aliquet nec, vulputate eget, arcu. In enim justo, rhoncus ut, imperdiet a, venenatis vitae, justo.', 10, 'other, travel', 1, '2014-12-29 17:26:27', NULL),
(341, 19, 81, 3, 0, 'Other 3', 'Lorem ipsum dolor sit amet, consectetuer adipiscing elit. Aenean commodo ligula eget dolor. Aenean massa. Cum sociis natoque penatibus et magnis dis parturient montes, nascetur ridiculus mus. Donec quam felis, ultricies nec, pellentesque eu, pretium quis, sem. Nulla consequat massa quis enim. Donec pede justo, fringilla vel, aliquet nec, vulputate eget, arcu. In enim justo, rhoncus ut, imperdiet a, venenatis vitae, justo.', 15, 'other, travel', 1, '2014-12-29 17:27:09', NULL),
(342, 19, 81, 3, 0, 'Other 4', 'Lorem ipsum dolor sit amet, consectetuer adipiscing elit. Aenean commodo ligula eget dolor. Aenean massa. Cum sociis natoque penatibus et magnis dis parturient montes, nascetur ridiculus mus. Donec quam felis, ultricies nec, pellentesque eu, pretium quis, sem. Nulla consequat massa quis enim. Donec pede justo, fringilla vel, aliquet nec, vulputate eget, arcu. In enim justo, rhoncus ut, imperdiet a, venenatis vitae, justo.', 10, 'other, travel', 1, '2014-12-29 17:27:51', NULL),
(343, 20, 82, 4, 0, '   Bath Form 1', 'Lorem ipsum dolor sit amet, consectetuer adipiscing elit. Aenean commodo ligula eget dolor. Aenean massa. Cum sociis natoque penatibus et magnis dis parturient montes, nascetur ridiculus mus. Donec quam felis, ultricies nec, pellentesque eu, pretium quis, sem. Nulla consequat massa quis enim. Donec pede justo, fringilla vel, aliquet nec, vulputate eget, arcu. In enim justo, rhoncus ut, imperdiet a, venenatis vitae, justo.', 20, 'bath form, beauty care', 1, '2014-12-29 19:13:45', NULL),
(344, 20, 82, 4, 0, 'Bath Form 2  ', 'Lorem ipsum dolor sit amet, consectetuer adipiscing elit. Aenean commodo ligula eget dolor. Aenean massa. Cum sociis natoque penatibus et magnis dis parturient montes, nascetur ridiculus mus. Donec quam felis, ultricies nec, pellentesque eu, pretium quis, sem. Nulla consequat massa quis enim. Donec pede justo, fringilla vel, aliquet nec, vulputate eget, arcu. In enim justo, rhoncus ut, imperdiet a, venenatis vitae, justo.', 20, 'bath form, beauty care', 1, '2014-12-29 19:14:40', NULL),
(345, 20, 82, 4, 0, 'Bath  Form 3', 'Lorem ipsum dolor sit amet, consectetuer adipiscing elit. Aenean commodo ligula eget dolor. Aenean massa. Cum sociis natoque penatibus et magnis dis parturient montes, nascetur ridiculus mus. Donec quam felis, ultricies nec, pellentesque eu, pretium quis, sem. Nulla consequat massa quis enim. Donec pede justo, fringilla vel, aliquet nec, vulputate eget, arcu. In enim justo, rhoncus ut, imperdiet a, venenatis vitae, justo.', 15, 'bath form, beauty care', 1, '2014-12-29 19:15:25', NULL),
(346, 20, 82, 4, 0, 'Bath Form 4  ', 'Lorem ipsum dolor sit amet, consectetuer adipiscing elit. Aenean commodo ligula eget dolor. Aenean massa. Cum sociis natoque penatibus et magnis dis parturient montes, nascetur ridiculus mus. Donec quam felis, ultricies nec, pellentesque eu, pretium quis, sem. Nulla consequat massa quis enim. Donec pede justo, fringilla vel, aliquet nec, vulputate eget, arcu. In enim justo, rhoncus ut, imperdiet a, venenatis vitae, justo.', 25, 'bath form, beauty care', 1, '2014-12-29 19:16:15', NULL),
(347, 20, 82, 4, 0, 'Bath Form 5  ', 'Lorem ipsum dolor sit amet, consectetuer adipiscing elit. Aenean commodo ligula eget dolor. Aenean massa. Cum sociis natoque penatibus et magnis dis parturient montes, nascetur ridiculus mus. Donec quam felis, ultricies nec, pellentesque eu, pretium quis, sem. Nulla consequat massa quis enim. Donec pede justo, fringilla vel, aliquet nec, vulputate eget, arcu. In enim justo, rhoncus ut, imperdiet a, venenatis vitae, justo.', 20, 'bath form, beauty care', 1, '2014-12-29 19:16:55', NULL),
(348, 20, 83, 4, 0, '  Skin Care 1', 'Lorem ipsum dolor sit amet, consectetuer adipiscing elit. Aenean commodo ligula eget dolor. Aenean massa. Cum sociis natoque penatibus et magnis dis parturient montes, nascetur ridiculus mus. Donec quam felis, ultricies nec, pellentesque eu, pretium quis, sem. Nulla consequat massa quis enim. Donec pede justo, fringilla vel, aliquet nec, vulputate eget, arcu. In enim justo, rhoncus ut, imperdiet a, venenatis vitae, justo.', 15, 'skin care, beauty', 1, '2014-12-29 19:17:58', NULL),
(349, 20, 83, 4, 0, '  Skin Care 2', 'Lorem ipsum dolor sit amet, consectetuer adipiscing elit. Aenean commodo ligula eget dolor. Aenean massa. Cum sociis natoque penatibus et magnis dis parturient montes, nascetur ridiculus mus. Donec quam felis, ultricies nec, pellentesque eu, pretium quis, sem. Nulla consequat massa quis enim. Donec pede justo, fringilla vel, aliquet nec, vulputate eget, arcu. In enim justo, rhoncus ut, imperdiet a, venenatis vitae, justo.', 20, 'skin care, beauty', 1, '2014-12-29 19:20:43', NULL),
(350, 20, 83, 4, 0, 'Skin Care 3  ', 'Lorem ipsum dolor sit amet, consectetuer adipiscing elit. Aenean commodo ligula eget dolor. Aenean massa. Cum sociis natoque penatibus et magnis dis parturient montes, nascetur ridiculus mus. Donec quam felis, ultricies nec, pellentesque eu, pretium quis, sem. Nulla consequat massa quis enim. Donec pede justo, fringilla vel, aliquet nec, vulputate eget, arcu. In enim justo, rhoncus ut, imperdiet a, venenatis vitae, justo.', 25, 'skin care, beauty', 1, '2014-12-29 19:22:04', NULL),
(351, 20, 83, 4, 0, 'Skin Care 4  ', 'Lorem ipsum dolor sit amet, consectetuer adipiscing elit. Aenean commodo ligula eget dolor. Aenean massa. Cum sociis natoque penatibus et magnis dis parturient montes, nascetur ridiculus\nmus. Donec quam felis, ultricies nec, pellentesque eu, pretium quis, sem. Nulla consequat massa quis enim. Donec pede justo, fringilla vel, aliquet nec, vulputate eget, arcu. In enim justo, rhoncus ut, imperdiet a, venenatis vitae, justo.', 15, 'skin care, beauty', 1, '2014-12-29 19:22:46', NULL),
(352, 20, 84, 4, 0, '  Face Care 1', 'Lorem ipsum dolor sit amet, consectetuer adipiscing elit. Aenean commodo ligula eget dolor. Aenean massa. Cum sociis natoque penatibus et magnis dis parturient montes, nascetur ridiculus mus. Donec quam felis, ultricies nec, pellentesque eu, pretium quis, sem. Nulla consequat massa quis enim. Donec pede justo, fringilla vel, aliquet nec, vulputate eget, arcu. In enim justo, rhoncus ut, imperdiet a, venenatis vitae, justo.', 70, 'face care, beauty', 1, '2014-12-29 19:23:45', NULL),
(353, 20, 84, 4, 0, 'Face Care 2  ', 'Lorem ipsum dolor sit amet, consectetuer adipiscing elit. Aenean commodo ligula eget dolor. Aenean massa. Cum sociis natoque penatibus et magnis dis parturient montes, nascetur ridiculus mus. Donec quam felis, ultricies nec, pellentesque eu, pretium quis, sem. Nulla consequat massa quis enim. Donec pede justo, fringilla vel, aliquet nec, vulputate eget, arcu. In enim justo, rhoncus ut, imperdiet a, venenatis vitae, justo.', 70, 'face care, beauty', 1, '2014-12-29 19:24:28', NULL),
(354, 20, 84, 4, 0, 'Face Care 3  ', 'Lorem ipsum dolor sit amet, consectetuer adipiscing elit. Aenean commodo ligula eget dolor. Aenean massa. Cum sociis natoque penatibus et magnis dis parturient montes, nascetur ridiculus mus. Donec quam felis, ultricies nec, pellentesque eu, pretium quis, sem. Nulla consequat massa quis enim. Donec pede justo, fringilla vel, aliquet nec, vulputate eget, arcu. In enim justo, rhoncus ut, imperdiet a, venenatis vitae, justo.', 25, 'face care, beauty', 1, '2014-12-29 19:25:19', NULL),
(355, 20, 84, 4, 0, 'Face Care 4  ', 'Lorem ipsum dolor sit amet, consectetuer adipiscing elit. Aenean commodo ligula eget dolor. Aenean massa. Cum sociis natoque penatibus et magnis dis parturient montes, nascetur ridiculus mus. Donec quam felis, ultricies nec, pellentesque eu, pretium quis, sem. Nulla consequat massa quis enim. Donec pede justo, fringilla vel, aliquet nec, vulputate eget, arcu. In enim justo, rhoncus ut, imperdiet a, venenatis vitae, justo.', 20, 'face care, beauty', 1, '2014-12-29 19:26:03', NULL),
(356, 20, 85, 4, 0, 'Hair Care 1', 'Lorem ipsum dolor sit amet, consectetuer adipiscing elit. Aenean commodo ligula eget dolor. Aenean massa. Cum sociis natoque penatibus et magnis dis parturient montes, nascetur ridiculus mus. Donec quam felis, ultricies nec, pellentesque eu, pretium quis, sem. Nulla consequat massa quis enim. Donec pede justo, fringilla vel, aliquet nec, vulputate eget, arcu. In enim justo, rhoncus ut, imperdiet a, venenatis vitae, justo.', 15, 'hair care, beauty', 1, '2014-12-29 19:32:08', NULL),
(357, 20, 85, 4, 0, 'Hair Care 2  ', 'Lorem ipsum dolor sit amet, consectetuer adipiscing elit. Aenean commodo ligula eget dolor. Aenean massa. Cum sociis natoque penatibus et magnis dis parturient montes, nascetur ridiculus mus. Donec quam felis, ultricies nec, pellentesque eu, pretium quis, sem. Nulla consequat massa quis enim. Donec pede justo, fringilla vel, aliquet nec, vulputate eget, arcu. In enim justo, rhoncus ut, imperdiet a, venenatis vitae, justo.', 20, 'hair care, beauty', 1, '2014-12-29 19:32:52', NULL),
(358, 20, 85, 4, 0, 'Hair Care 3  ', 'Lorem ipsum dolor sit amet, consectetuer adipiscing elit. Aenean commodo ligula eget dolor. Aenean massa. Cum sociis natoque penatibus et magnis dis parturient montes, nascetur ridiculus mus. Donec quam felis, ultricies nec, pellentesque eu, pretium quis, sem. Nulla consequat massa quis enim. Donec pede justo, fringilla vel, aliquet nec, vulputate eget, arcu. In enim justo, rhoncus ut, imperdiet a, venenatis vitae, justo.', 70, 'hair care, beauty', 1, '2014-12-29 19:33:29', NULL),
(359, 20, 85, 4, 0, 'Hair Care 4  ', 'Lorem ipsum dolor sit amet, consectetuer adipiscing elit. Aenean commodo ligula eget dolor. Aenean massa. Cum sociis natoque penatibus et magnis dis parturient montes, nascetur ridiculus mus. Donec quam felis, ultricies nec, pellentesque eu, pretium quis, sem. Nulla consequat massa quis enim. Donec pede justo, fringilla vel, aliquet nec, vulputate eget, arcu. In enim justo, rhoncus ut, imperdiet a, venenatis vitae, justo.', 70, 'hair care, beauty', 1, '2014-12-29 19:34:08', NULL),
(360, 20, 85, 4, 0, 'Hair Care 5   ', 'Lorem ipsum dolor sit amet, consectetuer adipiscing elit. Aenean commodo ligula eget dolor. Aenean massa. Cum sociis natoque penatibus et magnis dis parturient montes, nascetur ridiculus mus. Donec quam felis, ultricies nec, pellentesque eu, pretium quis, sem. Nulla consequat massa quis enim. Donec pede justo, fringilla vel, aliquet nec, vulputate eget, arcu. In enim justo, rhoncus ut, imperdiet a, venenatis vitae, justo.', 25, 'hair care, beauty', 1, '2014-12-29 19:34:53', NULL),
(361, 20, 86, 4, 0, '  Lip Care 1', 'Lorem ipsum dolor sit amet, consectetuer adipiscing elit. Aenean commodo ligula eget dolor. Aenean massa. Cum sociis natoque penatibus et magnis dis parturient montes, nascetur ridiculus mus. Donec quam felis, ultricies nec, pellentesque eu, pretium quis, sem. Nulla consequat massa quis enim. Donec pede justo, fringilla vel, aliquet nec, vulputate eget, arcu. In enim justo, rhoncus ut, imperdiet a, venenatis vitae, justo.', 25, 'lip care, beauty', 1, '2014-12-29 19:35:38', NULL),
(362, 20, 86, 4, 0, 'Lip Care 2  ', 'Lorem ipsum dolor sit amet, consectetuer adipiscing elit. Aenean commodo ligula eget dolor. Aenean massa. Cum sociis natoque penatibus et magnis dis parturient montes, nascetur ridiculus mus. Donec quam felis, ultricies nec, pellentesque eu, pretium quis, sem. Nulla consequat massa quis enim. Donec pede justo, fringilla vel, aliquet nec, vulputate eget, arcu. In enim justo, rhoncus ut, imperdiet a, venenatis vitae, justo.', 10, 'lip care, beauty', 1, '2014-12-29 19:36:19', NULL),
(363, 20, 86, 4, 0, 'Lip Care 3  ', 'Lorem ipsum dolor sit amet, consectetuer adipiscing elit. Aenean commodo ligula eget dolor. Aenean massa. Cum sociis natoque penatibus et magnis dis parturient montes, nascetur ridiculus mus. Donec quam felis, ultricies nec, pellentesque eu, pretium quis, sem. Nulla consequat massa quis enim. Donec pede justo, fringilla vel, aliquet nec, vulputate eget, arcu. In enim justo, rhoncus ut, imperdiet a, venenatis vitae, justo.', 25, 'lip care, beauty', 1, '2014-12-29 19:37:02', NULL),
(364, 20, 86, 4, 0, 'Lip Care 4  ', 'Lorem ipsum dolor sit amet, consectetuer adipiscing elit. Aenean commodo ligula eget dolor. Aenean massa. Cum sociis natoque penatibus et magnis dis parturient montes, nascetur ridiculus mus. Donec quam felis, ultricies nec, pellentesque eu, pretium quis, sem. Nulla consequat massa quis enim. Donec pede justo, fringilla vel, aliquet nec, vulputate eget, arcu. In enim justo, rhoncus ut, imperdiet a, venenatis vitae, justo.', 70, 'lip care, beauty', 1, '2014-12-29 19:37:37', NULL),
(365, 20, 87, 4, 0, ' Makeup 1', 'Lorem ipsum dolor sit amet, consectetuer adipiscing elit. Aenean commodo ligula eget dolor. Aenean massa. Cum sociis natoque penatibus et magnis dis parturient montes, nascetur ridiculus mus. Donec quam felis, ultricies nec, pellentesque eu, pretium quis, sem. Nulla consequat massa quis enim. Donec pede justo, fringilla vel, aliquet nec, vulputate eget, arcu. In enim justo, rhoncus ut, imperdiet a, venenatis vitae, justo.', 25, 'makeup, beauty', 1, '2014-12-29 19:38:15', NULL),
(366, 20, 87, 4, 0, 'Makeup 2', 'Lorem ipsum dolor sit amet, consectetuer adipiscing elit. Aenean commodo ligula eget dolor. Aenean massa. Cum sociis natoque penatibus et magnis dis parturient montes, nascetur ridiculus mus. Donec quam felis, ultricies nec, pellentesque eu, pretium quis, sem. Nulla consequat massa quis enim. Donec pede justo, fringilla vel, aliquet nec, vulputate eget, arcu. In enim justo, rhoncus ut, imperdiet a, venenatis vitae, justo.', 25, 'makeup, beauty', 1, '2014-12-29 19:38:56', NULL),
(367, 20, 87, 4, 0, 'Makeup 3 ', 'Lorem ipsum dolor sit amet, consectetuer adipiscing elit. Aenean commodo ligula eget dolor. Aenean massa. Cum sociis natoque penatibus et magnis dis parturient montes, nascetur ridiculus mus. Donec quam felis, ultricies nec, pellentesque eu, pretium quis, sem. Nulla consequat massa quis enim. Donec pede justo, fringilla vel, aliquet nec, vulputate eget, arcu. In enim justo, rhoncus ut, imperdiet a, venenatis vitae, justo.', 70, 'makeup, beauty', 1, '2014-12-29 19:39:34', NULL),
(368, 20, 87, 4, 0, 'Makeup 4', 'Lorem ipsum dolor sit amet, consectetuer adipiscing elit. Aenean commodo ligula eget dolor. Aenean massa. Cum sociis natoque penatibus et magnis dis parturient montes, nascetur ridiculus mus. Donec quam felis, ultricies nec, pellentesque eu, pretium quis, sem. Nulla consequat massa quis enim. Donec pede justo, fringilla vel, aliquet nec, vulputate eget, arcu. In enim justo, rhoncus ut, imperdiet a, venenatis vitae, justo.', 25, 'makeup, beauty', 1, '2014-12-29 19:40:14', NULL),
(369, 20, 87, 4, 0, 'Makeup 5 ', 'Lorem ipsum dolor sit amet, consectetuer adipiscing elit. Aenean commodo ligula eget dolor. Aenean massa. Cum sociis natoque penatibus et magnis dis parturient montes, nascetur ridiculus mus. Donec quam felis, ultricies nec, pellentesque eu, pretium quis, sem. Nulla consequat massa quis enim. Donec pede justo, fringilla vel, aliquet nec, vulputate eget, arcu. In enim justo, rhoncus ut, imperdiet a, venenatis vitae, justo.', 10, 'makeup, beauty', 1, '2014-12-29 19:40:59', NULL),
(370, 21, 88, 4, 0, 'Nutrition 1', 'Lorem ipsum dolor sit amet, consectetuer adipiscing elit. Aenean commodo ligula eget dolor. Aenean massa. Cum sociis natoque penatibus et magnis dis parturient montes, nascetur ridiculus mus. Donec quam felis, ultricies nec, pellentesque eu, pretium quis, sem. Nulla consequat massa quis enim. Donec pede justo, fringilla vel, aliquet nec, vulputate eget, arcu. In enim justo, rhoncus ut, imperdiet a, venenatis vitae, justo.', 70, 'nutrition, general', 1, '2014-12-29 19:41:52', NULL),
(371, 21, 88, 4, 0, 'Nutrition 2  ', 'Lorem ipsum dolor sit amet, consectetuer adipiscing elit. Aenean commodo ligula eget dolor. Aenean massa. Cum sociis natoque penatibus et magnis dis parturient montes, nascetur ridiculus mus. Donec quam felis, ultricies nec, pellentesque eu, pretium quis, sem. Nulla consequat massa quis enim. Donec pede justo, fringilla vel, aliquet nec, vulputate eget, arcu. In enim justo, rhoncus ut, imperdiet a, venenatis vitae, justo.', 70, 'nutrition, general', 1, '2014-12-29 19:42:37', NULL),
(372, 21, 88, 4, 0, 'Nutrition 3  ', 'Lorem ipsum dolor sit amet, consectetuer adipiscing elit. Aenean commodo ligula eget dolor. Aenean massa. Cum sociis natoque penatibus et magnis dis parturient montes, nascetur ridiculus mus. Donec quam felis, ultricies nec, pellentesque eu, pretium quis, sem. Nulla consequat massa quis enim. Donec pede justo, fringilla vel, aliquet nec, vulputate eget, arcu. In enim justo, rhoncus ut, imperdiet a, venenatis vitae, justo.', 25, 'nutrition, general', 1, '2014-12-29 19:43:13', NULL),
(373, 21, 88, 4, 0, 'Nutrition 4  ', 'Lorem ipsum dolor sit amet, consectetuer adipiscing elit. Aenean commodo ligula eget dolor. Aenean massa. Cum sociis natoque penatibus et magnis dis parturient montes, nascetur ridiculus mus. Donec quam felis, ultricies nec, pellentesque eu, pretium quis, sem. Nulla consequat massa quis enim. Donec pede justo, fringilla vel, aliquet nec, vulputate eget, arcu. In enim justo, rhoncus ut, imperdiet a, venenatis vitae, justo.', 25, 'nutrition, general', 1, '2014-12-29 19:43:44', NULL),
(374, 21, 89, 4, 0, 'First Aid 1', 'Lorem ipsum dolor sit amet, consectetuer adipiscing elit. Aenean commodo ligula eget dolor. Aenean massa. Cum sociis natoque penatibus et magnis dis parturient montes, nascetur ridiculus mus. Donec quam felis, ultricies nec, pellentesque eu, pretium quis, sem. Nulla consequat massa quis enim. Donec pede justo, fringilla vel, aliquet nec, vulputate eget, arcu. In enim justo, rhoncus ut, imperdiet a, venenatis vitae, justo.', 70, 'first aid, general', 1, '2014-12-29 19:44:39', NULL),
(375, 21, 89, 4, 0, 'First Aid 2  ', 'Lorem ipsum dolor sit amet, consectetuer adipiscing elit. Aenean commodo ligula eget dolor. Aenean massa. Cum sociis natoque penatibus et magnis dis parturient montes, nascetur ridiculus mus. Donec quam felis, ultricies nec, pellentesque eu, pretium quis, sem. Nulla consequat massa quis enim. Donec pede justo, fringilla vel, aliquet nec, vulputate eget, arcu. In enim justo, rhoncus ut, imperdiet a, venenatis vitae, justo.', 70, 'first aid, general', 1, '2014-12-29 19:45:20', NULL),
(376, 21, 89, 4, 0, 'First Aid 3  ', 'Lorem ipsum dolor sit amet, consectetuer adipiscing elit. Aenean commodo ligula eget dolor. Aenean massa. Cum sociis natoque penatibus et magnis dis parturient montes, nascetur ridiculus mus. Donec quam felis, ultricies nec, pellentesque eu, pretium quis, sem. Nulla consequat massa quis enim. Donec pede justo, fringilla vel, aliquet nec, vulputate eget, arcu. In enim justo, rhoncus ut, imperdiet a, venenatis vitae, justo.', 25, 'first aid, general', 1, '2014-12-29 19:45:56', NULL),
(377, 21, 89, 4, 0, 'First Aid 4  ', 'Lorem ipsum dolor sit amet, consectetuer adipiscing elit. Aenean commodo ligula eget dolor. Aenean massa. Cum sociis natoque penatibus et magnis dis parturient montes, nascetur ridiculus mus. Donec quam felis, ultricies nec, pellentesque eu, pretium quis, sem. Nulla consequat massa quis enim. Donec pede justo, fringilla vel, aliquet nec, vulputate eget, arcu. In enim justo, rhoncus ut, imperdiet a, venenatis vitae, justo.', 25, 'first aid, general', 1, '2014-12-29 19:46:31', NULL),
(378, 21, 90, 4, 0, 'Fitness 1', 'Lorem ipsum dolor sit amet, consectetuer adipiscing elit. Aenean commodo ligula eget dolor. Aenean massa. Cum sociis natoque penatibus et magnis dis parturient montes, nascetur ridiculus mus. Donec quam felis, ultricies nec, pellentesque eu, pretium quis, sem. Nulla consequat massa quis enim. Donec pede justo, fringilla vel, aliquet nec, vulputate eget, arcu. In enim justo, rhoncus ut, imperdiet a, venenatis vitae, justo.', 140, 'fitness, general', 1, '2014-12-29 19:47:18', NULL),
(379, 21, 90, 4, 0, 'Fitness 2', 'Lorem ipsum dolor sit amet, consectetuer adipiscing elit. Aenean commodo ligula eget dolor. Aenean massa. Cum sociis natoque penatibus et magnis dis parturient montes, nascetur ridiculus mus. Donec quam felis, ultricies nec, pellentesque eu, pretium quis, sem. Nulla consequat massa quis enim. Donec pede justo, fringilla vel, aliquet nec, vulputate eget, arcu. In enim justo, rhoncus ut, imperdiet a, venenatis vitae, justo.', 2000, 'fitness, general', 1, '2014-12-29 19:48:07', NULL),
(380, 21, 90, 4, 0, 'Fitness 3   ', 'Lorem ipsum dolor sit amet, consectetuer adipiscing elit. Aenean commodo ligula eget dolor. Aenean massa. Cum sociis natoque penatibus et magnis dis parturient montes, nascetur ridiculus mus. Donec quam felis, ultricies nec, pellentesque eu, pretium quis, sem. Nulla consequat massa quis enim. Donec pede justo, fringilla vel, aliquet nec, vulputate eget, arcu. In enim justo, rhoncus ut, imperdiet a, venenatis vitae, justo.', 600, 'fitness, general', 1, '2014-12-29 19:48:46', NULL),
(381, 21, 90, 4, 0, 'Fitness 4  ', 'Lorem ipsum dolor sit amet, consectetuer adipiscing elit. Aenean commodo ligula eget dolor. Aenean massa. Cum sociis natoque penatibus et magnis dis parturient montes, nascetur ridiculus mus. Donec quam felis, ultricies nec, pellentesque eu, pretium quis, sem. Nulla consequat massa quis enim. Donec pede justo, fringilla vel, aliquet nec, vulputate eget, arcu. In enim justo, rhoncus ut, imperdiet a, venenatis vitae, justo.', 700, 'fitness, general', 1, '2014-12-29 19:49:24', NULL),
(382, 21, 91, 4, 0, ' Gromming 1', 'Lorem ipsum dolor sit amet, consectetuer adipiscing elit. Aenean commodo ligula eget dolor. Aenean massa. Cum sociis natoque penatibus et magnis dis parturient montes, nascetur ridiculus mus. Donec quam felis, ultricies nec, pellentesque eu, pretium quis, sem. Nulla consequat massa quis enim. Donec pede justo, fringilla vel, aliquet nec, vulputate eget, arcu. In enim justo, rhoncus ut, imperdiet a, venenatis vitae, justo.', 140, 'gromming, general', 1, '2014-12-29 19:50:15', NULL),
(383, 21, 91, 4, 0, 'Gromming 2', 'Lorem ipsum dolor sit amet, consectetuer adipiscing elit. Aenean commodo ligula eget dolor. Aenean massa. Cum sociis natoque penatibus et magnis dis parturient montes, nascetur ridiculus mus. Donec quam felis, ultricies nec, pellentesque eu, pretium quis, sem. Nulla consequat massa quis enim. Donec pede justo, fringilla vel, aliquet nec, vulputate eget, arcu. In enim justo, rhoncus ut, imperdiet a, venenatis vitae, justo.', 25, 'gromming, general', 1, '2014-12-29 19:51:13', NULL),
(384, 21, 91, 4, 0, 'Gromming 3 ', 'Lorem ipsum dolor sit amet, consectetuer adipiscing elit. Aenean commodo ligula eget dolor. Aenean massa. Cum sociis natoque penatibus et magnis dis parturient montes, nascetur ridiculus mus. Donec quam felis, ultricies nec, pellentesque eu, pretium quis, sem. Nulla consequat massa quis enim. Donec pede justo, fringilla vel, aliquet nec, vulputate eget, arcu. In enim justo, rhoncus ut, imperdiet a, venenatis vitae, justo.', 120, 'gromming, general', 1, '2014-12-29 19:51:51', NULL),
(385, 22, 92, 4, 0, 'Ear Care 1', 'Lorem ipsum dolor sit amet, consectetuer adipiscing elit. Aenean commodo ligula eget dolor. Aenean massa. Cum sociis natoque penatibus et magnis dis parturient montes, nascetur ridiculus mus. Donec quam felis, ultricies nec, pellentesque eu, pretium quis, sem. Nulla consequat massa quis enim. Donec pede justo, fringilla vel, aliquet nec, vulputate eget, arcu. In enim justo, rhoncus ut, imperdiet a, venenatis vitae, justo.', 25, 'ear care, health', 1, '2014-12-29 19:53:18', NULL),
(386, 22, 92, 4, 0, 'Ear Care 2', 'Lorem ipsum dolor sit amet, consectetuer adipiscing elit. Aenean commodo ligula eget dolor. Aenean massa. Cum sociis natoque penatibus et magnis dis parturient montes, nascetur ridiculus mus. Donec quam felis, ultricies nec, pellentesque eu, pretium quis, sem. Nulla consequat massa quis enim. Donec pede justo, fringilla vel, aliquet nec, vulputate eget, arcu. In enim justo, rhoncus ut, imperdiet a, venenatis vitae, justo.', 15, 'ear care, health', 1, '2014-12-29 19:54:57', NULL),
(387, 22, 92, 4, 0, 'Ear Care 3', 'Lorem ipsum dolor sit amet, consectetuer adipiscing elit. Aenean commodo ligula eget dolor. Aenean massa. Cum sociis natoque penatibus et magnis dis parturient montes, nascetur ridiculus mus. Donec quam felis, ultricies nec, pellentesque eu, pretium quis, sem. Nulla consequat massa quis enim. Donec pede justo, fringilla vel, aliquet nec, vulputate eget, arcu. In enim justo, rhoncus ut, imperdiet a, venenatis vitae, justo.', 25, 'ear care, health', 1, '2014-12-29 19:55:51', NULL),
(388, 22, 93, 4, 0, 'Wellbeing 1', 'Lorem ipsum dolor sit amet, consectetuer adipiscing elit. Aenean commodo ligula eget dolor. Aenean massa. Cum sociis natoque penatibus et magnis dis parturient montes, nascetur ridiculus mus. Donec quam felis, ultricies nec, pellentesque eu, pretium quis, sem. Nulla consequat massa quis enim. Donec pede justo, fringilla vel, aliquet nec, vulputate eget, arcu. In enim justo, rhoncus ut, imperdiet a, venenatis vitae, justo.', 70, 'wellbeing, health', 1, '2014-12-29 19:56:50', NULL);
INSERT INTO `mk_items` (`id`, `cat_id`, `sub_cat_id`, `shop_id`, `discount_type_id`, `name`, `description`, `unit_price`, `search_tag`, `is_published`, `added`, `updated`) VALUES
(389, 22, 93, 4, 0, 'Wellbeing 2  ', 'Lorem ipsum dolor sit amet, consectetuer adipiscing elit. Aenean commodo ligula eget dolor. Aenean massa. Cum sociis natoque penatibus et magnis dis parturient montes, nascetur ridiculus mus. Donec quam felis, ultricies nec, pellentesque eu, pretium quis, sem. Nulla consequat massa quis enim. Donec pede justo, fringilla vel, aliquet nec, vulputate eget, arcu. In enim justo, rhoncus ut, imperdiet a, venenatis vitae, justo.', 15, 'wellbeing, health', 1, '2014-12-29 19:57:38', NULL),
(390, 22, 93, 4, 0, 'Wellbeing 3   ', 'Lorem ipsum dolor sit amet, consectetuer adipiscing elit. Aenean commodo ligula eget dolor. Aenean massa. Cum sociis natoque penatibus et magnis dis parturient montes, nascetur ridiculus mus. Donec quam felis, ultricies nec, pellentesque eu, pretium quis, sem. Nulla consequat massa quis enim. Donec pede justo, fringilla vel, aliquet nec, vulputate eget, arcu. In enim justo, rhoncus ut, imperdiet a, venenatis vitae, justo.', 25, 'wellbeing, health', 1, '2014-12-29 19:58:18', NULL),
(391, 22, 93, 4, 0, 'Wellbeing 4  ', 'Lorem ipsum dolor sit amet, consectetuer adipiscing elit. Aenean commodo ligula eget dolor. Aenean massa. Cum sociis natoque penatibus et magnis dis parturient montes, nascetur ridiculus mus. Donec quam felis, ultricies nec, pellentesque eu, pretium quis, sem. Nulla consequat massa quis enim. Donec pede justo, fringilla vel, aliquet nec, vulputate eget, arcu. In enim justo, rhoncus ut, imperdiet a, venenatis vitae, justo.', 25, 'wellbeing, health', 1, '2014-12-29 19:59:12', NULL),
(392, 22, 94, 4, 0, 'Skin Supplement 1', 'Lorem ipsum dolor sit amet, consectetuer adipiscing elit. Aenean commodo ligula eget dolor. Aenean massa. Cum sociis natoque penatibus et magnis dis parturient montes, nascetur ridiculus mus. Donec quam felis, ultricies nec, pellentesque eu, pretium quis, sem. Nulla consequat massa quis enim. Donec pede justo, fringilla vel, aliquet nec, vulputate eget, arcu. In enim justo, rhoncus ut, imperdiet a, venenatis vitae, justo.', 25, 'skin supplement, health', 1, '2014-12-29 20:00:18', NULL),
(393, 22, 94, 4, 0, 'Skin Supplement 2    ', 'Lorem ipsum dolor sit amet, consectetuer adipiscing elit. Aenean commodo ligula eget dolor. Aenean massa. Cum sociis natoque penatibus et magnis dis parturient montes, nascetur ridiculus mus. Donec quam felis, ultricies nec, pellentesque eu, pretium quis, sem. Nulla consequat massa quis enim. Donec pede justo, fringilla vel, aliquet nec, vulputate eget, arcu. In enim justo, rhoncus ut, imperdiet a, venenatis vitae, justo.', 70, 'skin supplement, health', 1, '2014-12-29 20:01:17', NULL),
(394, 22, 94, 4, 0, 'Skin Supplement 3', 'Lorem ipsum dolor sit amet, consectetuer adipiscing elit. Aenean commodo ligula eget dolor. Aenean massa. Cum sociis natoque penatibus et magnis dis parturient montes, nascetur ridiculus mus. Donec quam felis, ultricies nec, pellentesque eu, pretium quis, sem. Nulla consequat massa quis enim. Donec pede justo, fringilla vel, aliquet nec, vulputate eget, arcu. In enim justo, rhoncus ut, imperdiet a, venenatis vitae, justo.', 20, 'skin supplement, health', 1, '2014-12-29 20:02:07', NULL),
(395, 22, 94, 4, 0, 'Skin Supplement 4  ', 'Lorem ipsum dolor sit amet, consectetuer adipiscing elit. Aenean commodo ligula eget dolor. Aenean massa. Cum sociis natoque penatibus et magnis dis parturient montes, nascetur ridiculus mus. Donec quam felis, ultricies nec, pellentesque eu, pretium quis, sem. Nulla consequat massa quis enim. Donec pede justo, fringilla vel, aliquet nec, vulputate eget, arcu. In enim justo, rhoncus ut, imperdiet a, venenatis vitae, justo.', 10, 'skin supplement, health', 1, '2014-12-29 20:03:13', NULL),
(396, 22, 95, 4, 0, 'Vitamins 1', 'Lorem ipsum dolor sit amet, consectetuer adipiscing elit. Aenean commodo ligula eget dolor. Aenean massa. Cum sociis natoque penatibus et magnis dis parturient montes, nascetur ridiculus mus. Donec quam felis, ultricies nec, pellentesque eu, pretium quis, sem. Nulla consequat massa quis enim. Donec pede justo, fringilla vel, aliquet nec, vulputate eget, arcu. In enim justo, rhoncus ut, imperdiet a, venenatis vitae, justo.', 25, 'vitamins, health', 1, '2014-12-29 20:04:14', NULL),
(397, 22, 95, 4, 0, 'Vitamins 2 ', 'Lorem ipsum dolor sit amet, consectetuer adipiscing elit. Aenean commodo ligula eget dolor. Aenean massa. Cum sociis natoque penatibus et magnis dis parturient montes, nascetur ridiculus mus. Donec quam felis, ultricies nec, pellentesque eu, pretium quis, sem. Nulla consequat massa quis enim. Donec pede justo, fringilla vel, aliquet nec, vulputate eget, arcu. In enim justo, rhoncus ut, imperdiet a, venenatis vitae, justo.', 25, 'vitamins, health', 1, '2014-12-29 20:05:11', NULL),
(398, 22, 95, 4, 0, 'Vitamins 3 ', 'Lorem ipsum dolor sit amet, consectetuer adipiscing elit. Aenean commodo ligula eget dolor. Aenean massa. Cum sociis natoque penatibus et magnis dis parturient montes, nascetur ridiculus mus. Donec quam felis, ultricies nec, pellentesque eu, pretium quis, sem. Nulla consequat massa quis enim. Donec pede justo, fringilla vel, aliquet nec, vulputate eget, arcu. In enim justo, rhoncus ut, imperdiet a, venenatis vitae, justo.', 20, 'vitamins, health', 1, '2014-12-29 20:05:56', NULL),
(399, 22, 95, 4, 0, 'Vitamins 4 ', 'Lorem ipsum dolor sit amet, consectetuer adipiscing elit. Aenean commodo ligula eget dolor. Aenean massa. Cum sociis natoque penatibus et magnis dis parturient montes, nascetur ridiculus mus. Donec quam felis, ultricies nec, pellentesque eu, pretium quis, sem. Nulla consequat massa quis enim. Donec pede justo, fringilla vel, aliquet nec, vulputate eget, arcu. In enim justo, rhoncus ut, imperdiet a, venenatis vitae, justo.', 40, 'vitamins, health', 1, '2014-12-29 20:06:35', NULL),
(400, 23, 96, 4, 0, '  Baby Food 1', 'Lorem ipsum dolor sit amet, consectetuer adipiscing elit. Aenean commodo ligula eget dolor. Aenean massa. Cum sociis natoque penatibus et magnis dis parturient montes, nascetur ridiculus mus. Donec quam felis, ultricies nec, pellentesque eu, pretium quis, sem. Nulla consequat massa quis enim. Donec pede justo, fringilla vel, aliquet nec, vulputate eget, arcu. In enim justo, rhoncus ut, imperdiet a, venenatis vitae, justo.', 25, 'baby food, mother, baby ', 1, '2014-12-29 20:07:37', NULL),
(401, 23, 96, 4, 0, 'Baby Food 2  ', 'Lorem ipsum dolor sit amet, consectetuer adipiscing elit. Aenean commodo ligula eget dolor. Aenean massa. Cum sociis natoque penatibus et magnis dis parturient montes, nascetur ridiculus mus. Donec quam felis, ultricies nec, pellentesque eu, pretium quis, sem. Nulla consequat massa quis enim. Donec pede justo, fringilla vel, aliquet nec, vulputate eget, arcu. In enim justo, rhoncus ut, imperdiet a, venenatis vitae, justo.', 140, 'baby food, mother, baby', 1, '2014-12-29 20:08:19', NULL),
(402, 23, 96, 4, 0, 'Baby Food 3', 'Lorem ipsum dolor sit amet, consectetuer adipiscing elit. Aenean commodo ligula eget dolor. Aenean massa. Cum sociis natoque penatibus et magnis dis parturient montes, nascetur ridiculus mus. Donec quam felis, ultricies nec, pellentesque eu, pretium quis, sem. Nulla consequat massa quis enim. Donec pede justo, fringilla vel, aliquet nec, vulputate eget, arcu. In enim justo, rhoncus ut, imperdiet a, venenatis vitae, justo.', 25, 'baby food, mother, baby', 1, '2014-12-29 20:09:04', NULL),
(403, 23, 96, 4, 0, 'Baby Food 4  ', 'Lorem ipsum dolor sit amet, consectetuer adipiscing elit. Aenean commodo ligula eget dolor. Aenean massa. Cum sociis natoque penatibus et magnis dis parturient montes, nascetur ridiculus mus. Donec quam felis, ultricies nec, pellentesque eu, pretium quis, sem. Nulla consequat massa quis enim. Donec pede justo, fringilla vel, aliquet nec, vulputate eget, arcu. In enim justo, rhoncus ut, imperdiet a, venenatis vitae, justo.', 25, 'baby food, mother, baby', 1, '2014-12-29 20:09:42', NULL),
(404, 23, 97, 4, 0, 'Kids Bath Form 1', 'Lorem ipsum dolor sit amet, consectetuer adipiscing elit. Aenean commodo ligula eget dolor. Aenean massa. Cum sociis natoque penatibus et magnis dis parturient montes, nascetur ridiculus mus. Donec quam felis, ultricies nec, pellentesque eu, pretium quis, sem. Nulla consequat massa quis enim. Donec pede justo, fringilla vel, aliquet nec, vulputate eget, arcu. In enim justo, rhoncus ut, imperdiet a, venenatis vitae, justo.', 25, 'kid bath form, mother', 1, '2014-12-29 20:10:57', NULL),
(405, 23, 97, 4, 0, 'Kids Bath Form 2', 'Lorem ipsum dolor sit amet, consectetuer adipiscing elit. Aenean commodo ligula eget dolor. Aenean massa. Cum sociis natoque penatibus et magnis dis parturient montes, nascetur ridiculus mus. Donec quam felis, ultricies nec, pellentesque eu, pretium quis, sem. Nulla consequat massa quis enim. Donec pede justo, fringilla vel, aliquet nec, vulputate eget, arcu. In enim justo, rhoncus ut, imperdiet a, venenatis vitae, justo.', 25, 'kid bath form, mother', 1, '2014-12-29 20:11:44', NULL),
(406, 23, 97, 4, 0, 'Kids Bath Form 3  ', 'Lorem ipsum dolor sit amet, consectetuer adipiscing elit. Aenean commodo ligula eget dolor. Aenean massa. Cum sociis natoque penatibus et magnis dis parturient montes, nascetur ridiculus mus. Donec quam felis, ultricies nec, pellentesque eu, pretium quis, sem. Nulla consequat massa quis enim. Donec pede justo, fringilla vel, aliquet nec, vulputate eget, arcu. In enim justo, rhoncus ut, imperdiet a, venenatis vitae, justo.', 25, 'kid bath form, mother', 1, '2014-12-29 20:12:17', NULL),
(407, 23, 98, 4, 0, ' Wipes 1', 'Lorem ipsum dolor sit amet, consectetuer adipiscing elit. Aenean commodo ligula eget dolor. Aenean massa. Cum sociis natoque penatibus et magnis dis parturient montes, nascetur ridiculus mus. Donec quam felis, ultricies nec, pellentesque eu, pretium quis, sem. Nulla consequat massa quis enim. Donec pede justo, fringilla vel, aliquet nec, vulputate eget, arcu. In enim justo, rhoncus ut, imperdiet a, venenatis vitae, justo.', 70, 'wipe, baby, mother', 1, '2014-12-29 20:13:18', NULL),
(408, 23, 98, 4, 0, 'Wipes 2  ', 'Lorem ipsum dolor sit amet, consectetuer adipiscing elit. Aenean commodo ligula eget dolor. Aenean massa. Cum sociis natoque penatibus et magnis dis parturient montes, nascetur ridiculus mus. Donec quam felis, ultricies nec, pellentesque eu, pretium quis, sem. Nulla consequat massa quis enim. Donec pede justo, fringilla vel, aliquet nec, vulputate eget, arcu. In enim justo, rhoncus ut, imperdiet a, venenatis vitae, justo.', 25, 'wipe, baby, mother', 1, '2014-12-29 20:13:59', NULL),
(409, 23, 98, 4, 0, 'Wipes 3  ', 'Lorem ipsum dolor sit amet, consectetuer adipiscing elit. Aenean commodo ligula eget dolor. Aenean massa. Cum sociis natoque penatibus et magnis dis parturient montes, nascetur ridiculus mus. Donec quam felis, ultricies nec, pellentesque eu, pretium quis, sem. Nulla consequat massa quis enim. Donec pede justo, fringilla vel, aliquet nec, vulputate eget, arcu. In enim justo, rhoncus ut, imperdiet a, venenatis vitae, justo.', 150, 'wipe, baby, mother', 1, '2014-12-29 20:14:32', NULL),
(410, 23, 98, 4, 0, 'Wipes 4  ', 'Lorem ipsum dolor sit amet, consectetuer adipiscing elit. Aenean commodo ligula eget dolor. Aenean massa. Cum sociis natoque penatibus et magnis dis parturient montes, nascetur ridiculus mus. Donec quam felis, ultricies nec, pellentesque eu, pretium quis, sem. Nulla consequat massa quis enim. Donec pede justo, fringilla vel, aliquet nec, vulputate eget, arcu. In enim justo, rhoncus ut, imperdiet a, venenatis vitae, justo.', 140, 'wipe, baby, mother', 1, '2014-12-29 20:15:17', NULL),
(411, 23, 98, 4, 0, 'Wipes 5  ', 'Lorem ipsum dolor sit amet, consectetuer adipiscing elit. Aenean commodo ligula eget dolor. Aenean massa. Cum sociis natoque penatibus et magnis dis parturient montes, nascetur ridiculus mus. Donec quam felis, ultricies nec, pellentesque eu, pretium quis, sem. Nulla consequat massa quis enim. Donec pede justo, fringilla vel, aliquet nec, vulputate eget, arcu. In enim justo, rhoncus ut, imperdiet a, venenatis vitae, justo.', 140, 'wipe, baby, mother', 1, '2014-12-29 20:16:21', NULL),
(412, 23, 99, 4, 0, 'Kids Vitamin 1', 'Lorem ipsum dolor sit amet, consectetuer adipiscing elit. Aenean commodo ligula eget dolor. Aenean massa. Cum sociis natoque penatibus et magnis dis parturient montes, nascetur ridiculus mus. Donec quam felis, ultricies nec, pellentesque eu, pretium quis, sem. Nulla consequat massa quis enim. Donec pede justo, fringilla vel, aliquet nec, vulputate eget, arcu. In enim justo, rhoncus ut, imperdiet a, venenatis vitae, justo.', 15, 'kids, vitamin, mother, baby', 1, '2014-12-29 20:17:18', NULL),
(413, 23, 99, 4, 0, 'Kids Vitamin 2 ', 'Lorem ipsum dolor sit amet, consectetuer adipiscing elit. Aenean commodo ligula eget dolor. Aenean massa. Cum sociis natoque penatibus et magnis dis parturient montes, nascetur ridiculus mus. Donec quam felis, ultricies nec, pellentesque eu, pretium quis, sem. Nulla consequat massa quis enim. Donec pede justo, fringilla vel, aliquet nec, vulputate eget, arcu. In enim justo, rhoncus ut, imperdiet a, venenatis vitae, justo.', 70, 'kids, vitamin, mother, baby', 1, '2014-12-29 20:18:05', NULL),
(414, 23, 99, 4, 0, 'Kids Vitamin 3 ', 'Lorem ipsum dolor sit amet, consectetuer adipiscing elit. Aenean commodo ligula eget dolor. Aenean massa. Cum sociis natoque penatibus et magnis dis parturient montes, nascetur ridiculus mus. Donec quam felis, ultricies nec, pellentesque eu, pretium quis, sem. Nulla consequat massa quis enim. Donec pede justo, fringilla vel, aliquet nec, vulputate eget, arcu. In enim justo, rhoncus ut, imperdiet a, venenatis vitae, justo.', 25, 'kids, vitamin, mother, baby', 1, '2014-12-29 20:18:39', NULL),
(415, 23, 99, 4, 0, 'Kids Vitamin 4', 'Lorem ipsum dolor sit amet, consectetuer adipiscing elit. Aenean commodo ligula eget dolor. Aenean massa. Cum sociis natoque penatibus et magnis dis parturient montes, nascetur ridiculus mus. Donec quam felis, ultricies nec, pellentesque eu, pretium quis, sem. Nulla consequat massa quis enim. Donec pede justo, fringilla vel, aliquet nec, vulputate eget, arcu. In enim justo, rhoncus ut, imperdiet a, venenatis vitae, justo.', 10, 'kids, vitamin, mother, baby', 1, '2014-12-29 20:19:12', NULL),
(416, 14, 61, 3, 0, ' Pants 1', 'Lorem ipsum dolor sit amet, consectetuer adipiscing elit. Aenean commodo ligula eget dolor. Aenean massa. Cum sociis natoque penatibus et magnis dis parturient montes, nascetur ridiculus mus. Donec quam felis, ultricies nec, pellentesque eu, pretium quis, sem. Nulla consequat massa quis enim. Donec pede justo, fringilla vel, aliquet nec, vulputate eget, arcu. In enim justo, rhoncus ut, imperdiet a, venenatis vitae, justo.', 50, 'pants, for him', 1, '2015-01-02 16:14:01', NULL),
(417, 14, 61, 3, 0, 'Pants 2', 'Lorem ipsum dolor sit amet, consectetuer adipiscing elit. Aenean commodo ligula eget dolor. Aenean massa. Cum sociis natoque penatibus et magnis dis parturient montes, nascetur ridiculus mus. Donec quam felis, ultricies nec, pellentesque eu, pretium quis, sem. Nulla consequat massa quis enim. Donec pede justo, fringilla vel, aliquet nec, vulputate eget, arcu. In enim justo, rhoncus ut, imperdiet a, venenatis vitae, justo. ', 60, 'pants, for him', 1, '2015-01-02 16:15:09', NULL),
(418, 14, 61, 3, 0, 'Pants 3 ', 'Lorem ipsum dolor sit amet, consectetuer adipiscing elit. Aenean commodo ligula eget dolor. Aenean massa. Cum sociis natoque penatibus et magnis dis parturient montes, nascetur ridiculus mus. Donec quam felis, ultricies nec, pellentesque eu, pretium quis, sem. Nulla consequat massa quis enim. Donec pede justo, fringilla vel, aliquet nec, vulputate eget, arcu. In enim justo, rhoncus ut, imperdiet a, venenatis vitae, justo. ', 70, 'pants, for him', 1, '2015-01-02 16:15:53', NULL),
(419, 14, 60, 3, 0, '  Adidas 1', 'Lorem ipsum dolor sit amet, consectetuer adipiscing elit. Aenean commodo ligula eget dolor. Aenean massa. Cum sociis natoque penatibus et magnis dis parturient montes, nascetur ridiculus mus. Donec quam felis, ultricies nec, pellentesque eu, pretium quis, sem. Nulla consequat massa quis enim. Donec pede justo, fringilla vel, aliquet nec, vulputate eget, arcu. In enim justo, rhoncus ut, imperdiet a, venenatis vitae, justo. ', 20, 'adidas, for him', 1, '2015-01-02 16:17:36', NULL),
(420, 14, 60, 3, 0, 'Adidas 2', 'Lorem ipsum dolor sit amet, consectetuer adipiscing elit. Aenean commodo ligula eget dolor. Aenean massa. Cum sociis natoque penatibus et magnis dis parturient montes, nascetur ridiculus mus. Donec quam felis, ultricies nec, pellentesque eu, pretium quis, sem. Nulla consequat massa quis enim. Donec pede justo, fringilla vel, aliquet nec, vulputate eget, arcu. In enim justo, rhoncus ut, imperdiet a, venenatis vitae, justo. ', 15, 'adidas, for him', 1, '2015-01-02 16:18:18', NULL),
(421, 14, 60, 3, 0, 'Adidas 3', 'Lorem ipsum dolor sit amet, consectetuer adipiscing elit. Aenean commodo ligula eget dolor. Aenean massa. Cum sociis natoque penatibus et magnis dis parturient montes, nascetur ridiculus mus. Donec quam felis, ultricies nec, pellentesque eu, pretium quis, sem. Nulla consequat massa quis enim. Donec pede justo, fringilla vel, aliquet nec, vulputate eget, arcu. In enim justo, rhoncus ut, imperdiet a, venenatis vitae, justo. ', 15, 'adidas, for him', 1, '2015-01-02 16:19:02', NULL),
(422, 14, 59, 3, 0, 'Jacket 1  ', 'Lorem ipsum dolor sit amet, consectetuer adipiscing elit. Aenean commodo ligula eget dolor. Aenean massa. Cum sociis natoque penatibus et magnis dis parturient montes, nascetur ridiculus mus. Donec quam felis, ultricies nec, pellentesque eu, pretium quis, sem. Nulla consequat massa quis enim. Donec pede justo, fringilla vel, aliquet nec, vulputate eget, arcu. In enim justo, rhoncus ut, imperdiet a, venenatis vitae, justo. ', 20, 'jacket, for him', 1, '2015-01-02 16:20:09', NULL),
(423, 14, 59, 3, 0, 'Jacket 2  ', 'Lorem ipsum dolor sit amet, consectetuer adipiscing elit. Aenean commodo ligula eget dolor. Aenean massa. Cum sociis natoque penatibus et magnis dis parturient montes, nascetur ridiculus mus. Donec quam felis, ultricies nec, pellentesque eu, pretium quis, sem. Nulla consequat massa quis enim. Donec pede justo, fringilla vel, aliquet nec, vulputate eget, arcu. In enim justo, rhoncus ut, imperdiet a, venenatis vitae, justo. ', 140, 'jacket, for him', 1, '2015-01-02 16:21:07', NULL),
(424, 14, 59, 3, 0, 'Jacket 3  ', 'Lorem ipsum dolor sit amet, consectetuer adipiscing elit. Aenean commodo ligula eget dolor. Aenean massa. Cum sociis natoque penatibus et magnis dis parturient montes, nascetur ridiculus mus. Donec quam felis, ultricies nec, pellentesque eu, pretium quis, sem. Nulla consequat massa quis enim. Donec pede justo, fringilla vel, aliquet nec, vulputate eget, arcu. In enim justo, rhoncus ut, imperdiet a, venenatis vitae, justo. ', 70, 'jacket, for him', 1, '2015-01-02 16:21:49', NULL),
(425, 1, 1, 1, 0, 'Cable 8', 'Lorem ipsum dolor sit amet, consectetuer adipiscing elit. Aenean commodo ligula eget dolor. Aenean massa. Cum sociis natoque penatibus et magnis dis parturient montes, nascetur ridiculus mus. Donec quam felis, ultricies nec, pellentesque eu, pretium quis, sem.', 10, 'Cable,Accessories', 1, '2015-03-26 18:04:47', NULL),
(426, 1, 1, 1, 0, 'Cable 9  ', 'Lorem ipsum dolor sit amet, consectetuer adipiscing elit. Aenean commodo ligula eget dolor. Aenean massa. Cum sociis natoque penatibus et magnis dis parturient montes, nascetur ridiculus mus. Donec quam felis, ultricies nec, pellentesque eu, pretium quis, sem.', 50, 'Cable,Accessories', 1, '2015-03-26 18:06:14', NULL),
(427, 1, 1, 1, 0, 'Cable 10  ', 'Lorem ipsum dolor sit amet, consectetuer adipiscing elit. Aenean commodo ligula eget dolor. Aenean massa. Cum sociis natoque penatibus et magnis dis parturient montes, nascetur ridiculus mus. Donec quam felis, ultricies nec, pellentesque eu, pretium quis, sem.', 40, 'Cable,Accessories', 1, '2015-03-26 18:07:02', NULL),
(428, 1, 1, 1, 0, 'Cable 11  ', 'Lorem ipsum dolor sit amet, consectetuer adipiscing elit. Aenean commodo ligula eget dolor. Aenean massa. Cum sociis natoque penatibus et magnis dis parturient montes, nascetur ridiculus mus. Donec quam felis, ultricies nec, pellentesque eu, pretium quis, sem.', 30, 'Cable,Accessories', 1, '2015-03-26 18:08:04', NULL),
(429, 1, 1, 1, 0, 'Cable 12  ', 'Lorem ipsum dolor sit amet, consectetuer adipiscing elit. Aenean commodo ligula eget dolor. Aenean massa. Cum sociis natoque penatibus et magnis dis parturient montes, nascetur ridiculus mus. Donec quam felis, ultricies nec, pellentesque eu, pretium quis, sem.', 80, 'Cable,Accessories', 1, '2015-03-26 18:08:42', NULL),
(430, 1, 1, 1, 0, 'Cable 13  ', 'Lorem ipsum dolor sit amet, consectetuer adipiscing elit. Aenean commodo ligula eget dolor. Aenean massa. Cum sociis natoque penatibus et magnis dis parturient montes, nascetur ridiculus mus. Donec quam felis, ultricies nec, pellentesque eu, pretium quis, sem.', 20, 'Cable,Accessories', 1, '2015-03-26 18:09:25', NULL),
(431, 1, 1, 1, 0, 'Cable 14  ', 'Lorem ipsum dolor sit amet, consectetuer adipiscing elit. Aenean commodo ligula eget dolor. Aenean massa. Cum sociis natoque penatibus et magnis dis parturient montes, nascetur ridiculus mus. Donec quam felis, ultricies nec, pellentesque eu, pretium quis, sem.', 20, 'Cable,Accessories', 1, '2015-03-26 18:10:06', NULL),
(432, 1, 1, 1, 0, 'Cable 15  ', 'Lorem ipsum dolor sit amet, consectetuer adipiscing elit. Aenean commodo ligula eget dolor. Aenean massa. Cum sociis natoque penatibus et magnis dis parturient montes, nascetur ridiculus mus. Donec quam felis, ultricies nec, pellentesque eu, pretium quis, sem.', 10, 'Cable,Accessories', 1, '2015-03-26 18:10:47', NULL),
(433, 1, 1, 1, 0, 'Cable 16  ', 'Lorem ipsum dolor sit amet, consectetuer adipiscing elit. Aenean commodo ligula eget dolor. Aenean massa. Cum sociis natoque penatibus et magnis dis parturient montes, nascetur ridiculus mus. Donec quam felis, ultricies nec, pellentesque eu, pretium quis, sem.', 10, 'Cable,Accessories', 1, '2015-03-26 18:11:24', NULL),
(434, 1, 1, 1, 0, 'Cable 17  ', 'Lorem ipsum dolor sit amet, consectetuer adipiscing elit. Aenean commodo ligula eget dolor. Aenean massa. Cum sociis natoque penatibus et magnis dis parturient montes, nascetur ridiculus mus. Donec quam felis, ultricies nec, pellentesque eu, pretium quis, sem.', 10, 'Cable,Accessories', 1, '2015-03-26 18:11:58', NULL),
(435, 1, 1, 1, 0, 'Cable 18  ', 'Lorem ipsum dolor sit amet, consectetuer adipiscing elit. Aenean commodo ligula eget dolor. Aenean massa. Cum sociis natoque penatibus et magnis dis parturient montes, nascetur ridiculus mus. Donec quam felis, ultricies nec, pellentesque eu, pretium quis, sem.', 25, 'Cable,Accessories', 1, '2015-03-26 18:12:39', NULL),
(436, 1, 1, 1, 0, 'Cable 19  ', 'Lorem ipsum dolor sit amet, consectetuer adipiscing elit. Aenean commodo ligula eget dolor. Aenean massa. Cum sociis natoque penatibus et magnis dis parturient montes, nascetur ridiculus mus. Donec quam felis, ultricies nec, pellentesque eu, pretium quis, sem.', 15, 'Cable,Accessories', 1, '2015-03-26 18:13:23', NULL),
(437, 1, 1, 1, 0, 'Cable 20  ', 'Lorem ipsum dolor sit amet, consectetuer adipiscing elit. Aenean commodo ligula eget dolor. Aenean massa. Cum sociis natoque penatibus et magnis dis parturient montes, nascetur ridiculus mus. Donec quam felis, ultricies nec, pellentesque eu, pretium quis, sem.', 70, 'Cable,Accessories', 1, '2015-03-26 18:14:27', NULL),
(438, 1, 1, 1, 0, 'Cable 21  ', 'Lorem ipsum dolor sit amet, consectetuer adipiscing elit. Aenean commodo ligula eget dolor. Aenean massa. Cum sociis natoque penatibus et magnis dis parturient montes, nascetur ridiculus mus. Donec quam felis, ultricies nec, pellentesque eu, pretium quis, sem.', 25, 'Cable,Accessories', 1, '2015-03-26 18:15:07', NULL),
(439, 1, 1, 1, 0, 'Cable 22  ', 'Lorem ipsum dolor sit amet, consectetuer adipiscing elit. Aenean commodo ligula eget dolor. Aenean massa. Cum sociis natoque penatibus et magnis dis parturient montes, nascetur ridiculus mus. Donec quam felis, ultricies nec, pellentesque eu, pretium quis, sem.', 150, 'Cable,Accessories', 1, '2015-03-26 18:16:30', NULL),
(440, 1, 1, 1, 0, 'Cable 23  ', 'Lorem ipsum dolor sit amet, consectetuer adipiscing elit. Aenean commodo ligula eget dolor. Aenean massa. Cum sociis natoque penatibus et magnis dis parturient montes, nascetur ridiculus mus. Donec quam felis, ultricies nec, pellentesque eu, pretium quis, sem.', 25, 'Cable,Accessories', 1, '2015-03-26 18:16:57', NULL),
(441, 1, 1, 1, 0, 'Cable 24  ', 'Lorem ipsum dolor sit amet, consectetuer adipiscing elit. Aenean commodo ligula eget dolor. Aenean massa. Cum sociis natoque penatibus et magnis dis parturient montes, nascetur ridiculus mus. Donec quam felis, ultricies nec, pellentesque eu, pretium quis, sem.', 70, 'Cable,Accessories', 1, '2015-03-26 18:17:26', NULL),
(442, 1, 1, 1, 0, 'Cable 25  ', 'Lorem ipsum dolor sit amet, consectetuer adipiscing elit. Aenean commodo ligula eget dolor. Aenean massa. Cum sociis natoque penatibus et magnis dis parturient montes, nascetur ridiculus mus. Donec quam felis, ultricies nec, pellentesque eu, pretium quis, sem.', 15, 'Cable,Accessories', 1, '2015-03-26 18:17:53', NULL),
(443, 1, 1, 1, 0, 'Cable 26  ', 'Lorem ipsum dolor sit amet, consectetuer adipiscing elit. Aenean commodo ligula eget dolor. Aenean massa. Cum sociis natoque penatibus et magnis dis parturient montes, nascetur ridiculus mus. Donec quam felis, ultricies nec, pellentesque eu, pretium quis, sem.', 20, 'Cable,Accessories', 1, '2015-03-26 18:18:29', NULL),
(444, 1, 1, 1, 0, 'Cable 27  ', 'Lorem ipsum dolor sit amet, consectetuer adipiscing elit. Aenean commodo ligula eget dolor. Aenean massa. Cum sociis natoque penatibus et magnis dis parturient montes, nascetur ridiculus mus. Donec quam felis, ultricies nec, pellentesque eu, pretium quis, sem.', 15, 'Cable,Accessories', 1, '2015-03-26 18:19:02', NULL),
(445, 1, 1, 1, 0, 'Cable 28  ', 'Lorem ipsum dolor sit amet, consectetuer adipiscing elit. Aenean commodo ligula eget dolor. Aenean massa. Cum sociis natoque penatibus et magnis dis parturient montes, nascetur ridiculus mus. Donec quam felis, ultricies nec, pellentesque eu, pretium quis, sem.', 140, 'Cable,Accessories', 1, '2015-03-26 18:19:31', NULL),
(446, 1, 1, 1, 0, 'Cable 29  ', 'Lorem ipsum dolor sit amet, consectetuer adipiscing elit. Aenean commodo ligula eget dolor. Aenean massa. Cum sociis natoque penatibus et magnis dis parturient montes, nascetur ridiculus mus. Donec quam felis, ultricies nec, pellentesque eu, pretium quis, sem.', 25, 'Cable,Accessories', 1, '2015-03-26 18:19:59', NULL),
(447, 1, 1, 1, 0, 'Cable 30  ', 'Lorem ipsum dolor sit amet, consectetuer adipiscing elit. Aenean commodo ligula eget dolor. Aenean massa. Cum sociis natoque penatibus et magnis dis parturient montes, nascetur ridiculus mus. Donec quam felis, ultricies nec, pellentesque eu, pretium quis, sem.', 120, 'Cable,Accessories', 1, '2015-03-26 18:20:30', NULL),
(448, 1, 1, 1, 0, 'Cable 31  ', 'Lorem ipsum dolor sit amet, consectetuer adipiscing elit. Aenean commodo ligula eget dolor. Aenean massa. Cum sociis natoque penatibus et magnis dis parturient montes, nascetur ridiculus mus. Donec quam felis, ultricies nec, pellentesque eu, pretium quis, sem.', 20, 'Cable,Accessories', 1, '2015-03-26 18:22:13', NULL),
(449, 1, 1, 1, 0, 'Cable 32  ', 'Lorem ipsum dolor sit amet, consectetuer adipiscing elit. Aenean commodo ligula eget dolor. Aenean massa. Cum sociis natoque penatibus et magnis dis parturient montes, nascetur ridiculus mus. Donec quam felis, ultricies nec, pellentesque eu, pretium quis, sem.', 25, 'Cable,Accessories', 1, '2015-03-26 18:22:39', NULL),
(450, 1, 1, 1, 0, 'Cable 33  ', 'Lorem ipsum dolor sit amet, consectetuer adipiscing elit. Aenean commodo ligula eget dolor. Aenean massa. Cum sociis natoque penatibus et magnis dis parturient montes, nascetur ridiculus mus. Donec quam felis, ultricies nec, pellentesque eu, pretium quis, sem.', 20, 'Cable,Accessories', 1, '2015-03-26 18:23:29', NULL),
(451, 1, 1, 1, 0, 'Cable 34  ', 'Lorem ipsum dolor sit amet, consectetuer adipiscing elit. Aenean commodo ligula eget dolor. Aenean massa. Cum sociis natoque penatibus et magnis dis parturient montes, nascetur ridiculus mus. Donec quam felis, ultricies nec, pellentesque eu, pretium quis, sem.', 15, 'Cable,Accessories', 1, '2015-03-26 18:23:57', NULL),
(452, 1, 1, 1, 0, 'Cable 35  ', 'Lorem ipsum dolor sit amet, consectetuer adipiscing elit. Aenean commodo ligula eget dolor. Aenean massa. Cum sociis natoque penatibus et magnis dis parturient montes, nascetur ridiculus mus. Donec quam felis, ultricies nec, pellentesque eu, pretium quis, sem.', 25, 'Cable,Accessories', 1, '2015-03-26 18:24:31', NULL),
(453, 1, 1, 1, 0, 'Cable 36  ', 'Lorem ipsum dolor sit amet, consectetuer adipiscing elit. Aenean commodo ligula eget dolor. Aenean massa. Cum sociis natoque penatibus et magnis dis parturient montes, nascetur ridiculus mus. Donec quam felis, ultricies nec, pellentesque eu, pretium quis, sem.', 25, 'Cable,Accessories', 1, '2015-03-26 18:25:02', NULL),
(454, 1, 1, 1, 0, 'Cable 37  ', 'Lorem ipsum dolor sit amet, consectetuer adipiscing elit. Aenean commodo ligula eget dolor. Aenean massa. Cum sociis natoque penatibus et magnis dis parturient montes, nascetur ridiculus mus. Donec quam felis, ultricies nec, pellentesque eu, pretium quis, sem.', 15, 'Cable,Accessories', 1, '2015-03-26 18:25:40', NULL),
(455, 1, 1, 1, 0, 'Cable 38   ', 'Lorem ipsum dolor sit amet, consectetuer adipiscing elit. Aenean commodo ligula eget dolor. Aenean massa. Cum sociis natoque penatibus et magnis dis parturient montes, nascetur ridiculus mus. Donec quam felis, ultricies nec, pellentesque eu, pretium quis, sem.', 15, 'Cable,Accessories', 1, '2015-03-26 18:26:21', NULL),
(456, 1, 1, 1, 0, 'Cable 39  ', 'Lorem ipsum dolor sit amet, consectetuer adipiscing elit. Aenean commodo ligula eget dolor. Aenean massa. Cum sociis natoque penatibus et magnis dis parturient montes, nascetur ridiculus mus. Donec quam felis, ultricies nec, pellentesque eu, pretium quis, sem.', 25, 'Cable,Accessories', 1, '2015-03-26 18:26:47', NULL),
(457, 1, 4, 1, 0, 'Cable 40 ', 'Lorem ipsum dolor sit amet, consectetuer adipiscing elit. Aenean commodo ligula eget dolor. Aenean massa. Cum sociis natoque penatibus et magnis dis parturient montes, nascetur ridiculus mus. Donec quam felis, ultricies nec, pellentesque eu, pretium quis, sem.', 20, 'Cable,Accessories', 1, '2015-03-26 18:27:17', NULL),
(458, 1, 1, 1, 0, 'Cable 41  ', 'Lorem ipsum dolor sit amet, consectetuer adipiscing elit. Aenean commodo ligula eget dolor. Aenean massa. Cum sociis natoque penatibus et magnis dis parturient montes, nascetur ridiculus mus. Donec quam felis, ultricies nec, pellentesque eu, pretium quis, sem.', 15, 'Cable,Accessories', 1, '2015-03-26 18:27:52', NULL),
(459, 1, 1, 1, 0, 'Cable 42  ', 'Lorem ipsum dolor sit amet, consectetuer adipiscing elit. Aenean commodo ligula eget dolor. Aenean massa. Cum sociis natoque penatibus et magnis dis parturient montes, nascetur ridiculus mus. Donec quam felis, ultricies nec, pellentesque eu, pretium quis, sem.', 25, 'Cable,Accessories', 1, '2015-03-26 18:28:20', NULL),
(460, 1, 1, 1, 0, 'Cable 43  ', 'Lorem ipsum dolor sit amet, consectetuer adipiscing elit. Aenean commodo ligula eget dolor. Aenean massa. Cum sociis natoque penatibus et magnis dis parturient montes, nascetur ridiculus mus. Donec quam felis, ultricies nec, pellentesque eu, pretium quis, sem.', 15, 'Cable,Accessories', 1, '2015-03-26 18:28:49', NULL),
(461, 1, 1, 1, 0, 'Cable 44  ', 'Lorem ipsum dolor sit amet, consectetuer adipiscing elit. Aenean commodo ligula eget dolor. Aenean massa. Cum sociis natoque penatibus et magnis dis parturient montes, nascetur ridiculus mus. Donec quam felis, ultricies nec, pellentesque eu, pretium quis, sem.', 25, 'Cable,Accessories', 1, '2015-03-26 18:29:30', NULL),
(462, 1, 1, 1, 0, 'Cable 45  ', 'Lorem ipsum dolor sit amet, consectetuer adipiscing elit. Aenean commodo ligula eget dolor. Aenean massa. Cum sociis natoque penatibus et magnis dis parturient montes, nascetur ridiculus mus. Donec quam felis, ultricies nec, pellentesque eu, pretium quis, sem.', 15, 'Cable,Accessories', 1, '2015-03-26 18:30:15', NULL),
(463, 17, 100, 3, 0, 'Adidas', 'Lorem ipsum dolor sit amet, consectetuer adipiscing elit. Aenean commodo ligula eget dolor. Aenean massa. Cum sociis natoque penatibus et magnis dis parturient montes, nascetur ridiculus mus. Donec quam felis, ultricies nec, pellentesque eu, pretium quis, sem. Nulla consequat massa quis enim. Donec pede justo, fringilla vel, aliquet nec, vulputate eget, arcu. In enim justo, rhoncus ut, imperdiet a, venenatis vitae, justo. ', 50, 'soccer, shoes', 1, '2016-08-13 22:37:59', NULL),
(464, 24, 101, 1, 3, 'LG 1', 'Lorem ipsum dolor sit amet, consectetuer adipiscing elit. Aenean commodo ligula eget dolor. Aenean massa. Cum sociis natoque penatibus et magnis dis parturient montes, nascetur ridiculus mus. Donec quam felis, ultricies nec, pellentesque eu, pretium quis, sem.', 200, 'LG, Phones', 1, '2016-08-15 18:33:55', NULL),
(465, 24, 102, 1, 2, 'Samsung 1', 'Lorem ipsum dolor sit amet, consectetuer adipiscing elit. Aenean commodo ligula eget dolor. Aenean massa. Cum sociis natoque penatibus et magnis dis parturient montes, nascetur ridiculus mus. Donec quam felis, ultricies nec, pellentesque eu, pretium quis, sem.', 300, 'samsung, phones', 1, '2016-08-15 18:35:08', NULL);

-- --------------------------------------------------------

--
-- Struktur dari tabel `mk_items_attributes_detail`
--

CREATE TABLE `mk_items_attributes_detail` (
  `id` int(11) NOT NULL,
  `shop_id` int(11) NOT NULL,
  `header_id` int(11) NOT NULL,
  `item_id` int(11) NOT NULL,
  `name` varchar(255) NOT NULL,
  `additional_price` float NOT NULL,
  `added` timestamp NOT NULL DEFAULT CURRENT_TIMESTAMP
) ENGINE=InnoDB DEFAULT CHARSET=utf8;

--
-- Dumping data untuk tabel `mk_items_attributes_detail`
--

INSERT INTO `mk_items_attributes_detail` (`id`, `shop_id`, `header_id`, `item_id`, `name`, `additional_price`, `added`) VALUES
(1, 1, 1, 1, 'White', 0, '2015-01-25 19:14:12'),
(2, 1, 1, 1, 'Black', 0, '2015-01-25 19:16:31'),
(3, 1, 2, 28, 'Red', 0, '2015-01-25 19:16:37'),
(4, 1, 2, 28, 'Green', 0, '2015-01-25 19:16:43'),
(5, 1, 2, 28, 'Yellow', 0, '2015-01-25 19:16:50'),
(6, 1, 3, 123, 'White', 0, '2015-01-25 19:17:15'),
(7, 1, 3, 123, 'Black', 0, '2015-01-25 19:17:20'),
(8, 1, 4, 120, '4 MB', 0, '2015-01-25 19:17:29'),
(9, 1, 4, 120, '8 MB', 0, '2015-01-25 19:17:34'),
(10, 1, 5, 120, 'White', 0, '2015-01-25 19:17:41'),
(11, 1, 5, 120, 'Black', 0, '2015-01-25 19:17:46'),
(12, 1, 6, 108, 'Red', 0, '2015-01-25 19:17:53'),
(13, 1, 6, 108, 'Black', 0, '2015-01-25 19:17:59'),
(14, 1, 6, 108, 'White', 0, '2015-01-25 19:18:05'),
(15, 1, 7, 1, '1 M', 10, '2016-05-30 09:43:27'),
(16, 1, 7, 1, '2 M', 15, '2016-05-30 09:43:32'),
(17, 1, 7, 1, '3 M', 20, '2016-05-30 09:43:39'),
(19, 1, 7, 1, '4 M', 30, '2016-07-25 20:45:55'),
(20, 2, 8, 164, 'Large', 5, '2016-08-13 22:47:08'),
(21, 2, 8, 164, 'X Large', 10, '2016-08-13 22:47:29'),
(22, 2, 8, 164, 'Family', 15, '2016-08-13 22:47:40'),
(23, 2, 9, 156, 'Medium', 5, '2016-08-13 22:56:12'),
(24, 2, 9, 156, 'Large', 10, '2016-08-13 22:56:24'),
(25, 2, 9, 156, 'Family', 15, '2016-08-13 22:56:34'),
(26, 1, 10, 464, 'Gray', 0, '2016-08-15 19:14:28'),
(27, 1, 10, 464, 'Black', 0, '2016-08-15 19:14:38'),
(28, 1, 10, 464, 'White', 0, '2016-08-15 19:14:46'),
(29, 1, 11, 465, '8GB', 100, '2016-08-15 19:15:59'),
(30, 1, 11, 465, '16GB', 200, '2016-08-15 19:16:11'),
(31, 1, 11, 465, '32GB', 300, '2016-08-15 19:16:22');

-- --------------------------------------------------------

--
-- Struktur dari tabel `mk_items_attributes_header`
--

CREATE TABLE `mk_items_attributes_header` (
  `id` int(11) NOT NULL,
  `item_id` int(11) NOT NULL,
  `shop_id` int(11) NOT NULL,
  `name` varchar(255) NOT NULL,
  `added` timestamp NOT NULL DEFAULT CURRENT_TIMESTAMP
) ENGINE=InnoDB DEFAULT CHARSET=utf8;

--
-- Dumping data untuk tabel `mk_items_attributes_header`
--

INSERT INTO `mk_items_attributes_header` (`id`, `item_id`, `shop_id`, `name`, `added`) VALUES
(1, 1, 1, 'Colors', '2015-01-25 18:29:23'),
(2, 28, 1, 'Colors', '2015-01-25 19:09:43'),
(3, 123, 1, 'Colors', '2015-01-25 19:10:05'),
(4, 120, 1, 'Sizes', '2015-01-25 19:10:22'),
(5, 120, 1, 'Colors', '2015-01-25 19:13:10'),
(6, 108, 1, 'Colors', '2015-01-25 19:13:44'),
(7, 1, 1, 'Length', '2016-05-30 09:43:16'),
(8, 164, 2, 'Sizes', '2016-08-13 22:46:42'),
(9, 156, 2, 'Sizes', '2016-08-13 22:56:00'),
(10, 464, 1, 'Colors', '2016-08-15 19:14:15'),
(11, 465, 1, 'Memory', '2016-08-15 19:15:42');

-- --------------------------------------------------------

--
-- Struktur dari tabel `mk_likes`
--

CREATE TABLE `mk_likes` (
  `id` int(11) NOT NULL,
  `item_id` int(11) NOT NULL,
  `appuser_id` int(11) NOT NULL,
  `shop_id` int(11) NOT NULL,
  `added` timestamp NOT NULL DEFAULT CURRENT_TIMESTAMP
) ENGINE=InnoDB DEFAULT CHARSET=utf8;

--
-- Dumping data untuk tabel `mk_likes`
--

INSERT INTO `mk_likes` (`id`, `item_id`, `appuser_id`, `shop_id`, `added`) VALUES
(1, 1, 1, 1, '2014-12-18 16:05:24'),
(2, 128, 1, 2, '2014-12-24 15:28:02'),
(3, 18, 1, 1, '2014-12-24 21:38:09'),
(4, 37, 1, 1, '2014-12-24 22:50:47'),
(5, 215, 1, 2, '2014-12-26 07:13:48'),
(6, 153, 1, 2, '2014-12-26 09:24:06'),
(7, 27, 1, 1, '2014-12-26 22:07:03'),
(8, 229, 1, 3, '2014-12-30 14:46:21'),
(9, 379, 1, 4, '2015-01-01 21:06:55'),
(10, 380, 1, 4, '2015-01-01 21:07:00'),
(11, 366, 1, 4, '2015-01-01 21:07:15'),
(12, 324, 1, 3, '2015-01-01 21:10:51'),
(13, 8, 1, 1, '2015-01-02 00:02:13'),
(14, 173, 1, 2, '2015-01-02 14:44:56'),
(15, 204, 1, 2, '2015-01-02 15:35:44'),
(16, 194, 1, 2, '2015-01-02 15:37:03'),
(17, 175, 1, 2, '2015-01-02 15:41:39'),
(18, 117, 1, 1, '2015-01-02 15:55:16'),
(19, 91, 1, 1, '2015-01-02 15:56:29'),
(20, 297, 1, 3, '2015-01-02 16:31:25'),
(21, 290, 1, 3, '2015-01-02 16:35:39'),
(22, 303, 1, 3, '2015-01-02 16:42:35'),
(23, 370, 1, 4, '2015-01-02 16:52:53'),
(24, 400, 1, 4, '2015-01-02 16:58:11'),
(25, 356, 1, 4, '2015-01-02 17:10:41'),
(26, 385, 1, 4, '2015-01-02 17:15:17'),
(27, 387, 1, 4, '2015-01-02 17:15:51'),
(28, 392, 1, 4, '2015-01-02 17:21:36'),
(29, 359, 1, 4, '2015-01-02 17:28:03'),
(30, 348, 1, 4, '2015-01-02 17:31:46'),
(31, 373, 1, 4, '2015-01-02 17:36:37'),
(32, 376, 1, 4, '2015-01-02 17:47:17'),
(33, 357, 1, 4, '2015-01-02 19:25:17'),
(34, 371, 1, 4, '2015-01-02 19:33:43'),
(35, 386, 1, 4, '2015-01-02 19:35:57'),
(36, 389, 1, 4, '2015-01-02 19:39:26'),
(37, 372, 1, 4, '2015-01-02 19:40:12'),
(38, 423, 1, 3, '2015-01-02 19:59:34'),
(39, 240, 1, 3, '2015-01-02 20:07:27'),
(40, 419, 1, 3, '2015-01-02 20:22:20'),
(41, 2, 1, 1, '2016-07-25 06:58:32'),
(42, 6, 1, 1, '2016-08-12 21:17:24'),
(43, 28, 1, 1, '2016-08-13 18:41:53'),
(44, 9, 1, 1, '2016-08-13 21:16:49'),
(45, 463, 1, 3, '2016-08-13 22:38:54'),
(46, 4, 1, 1, '2016-08-15 17:21:26'),
(47, 464, 1, 1, '2016-08-15 18:36:49'),
(48, 125, 1, 2, '2016-10-22 22:20:14'),
(49, 75, 1, 1, '2016-10-23 19:44:41');

-- --------------------------------------------------------

--
-- Struktur dari tabel `mk_ratings`
--

CREATE TABLE `mk_ratings` (
  `id` int(11) NOT NULL,
  `shop_id` int(11) NOT NULL,
  `appuser_id` int(11) NOT NULL,
  `item_id` int(11) NOT NULL,
  `rating` float NOT NULL,
  `added` timestamp NOT NULL DEFAULT CURRENT_TIMESTAMP
) ENGINE=InnoDB DEFAULT CHARSET=utf8;

--
-- Dumping data untuk tabel `mk_ratings`
--

INSERT INTO `mk_ratings` (`id`, `shop_id`, `appuser_id`, `item_id`, `rating`, `added`) VALUES
(1, 1, 1, 1, 2, '2014-12-17 14:09:41'),
(2, 1, 1, 25, 3, '2014-12-24 21:42:39'),
(3, 1, 1, 66, 5, '2014-12-24 22:11:25'),
(4, 2, 1, 215, 4, '2014-12-26 07:13:52'),
(5, 2, 1, 153, 5, '2014-12-26 09:24:11'),
(6, 1, 1, 36, 3, '2014-12-26 18:45:18'),
(7, 3, 1, 229, 4, '2014-12-30 14:46:22'),
(8, 1, 2, 1, 5, '2015-01-01 21:53:13'),
(9, 1, 1, 8, 4, '2015-01-02 00:02:08'),
(10, 2, 1, 173, 3, '2015-01-02 14:44:49'),
(11, 2, 1, 204, 4, '2015-01-02 15:35:54'),
(12, 2, 1, 194, 4, '2015-01-02 15:37:11'),
(13, 2, 1, 175, 4, '2015-01-02 15:41:51'),
(14, 1, 1, 91, 4, '2015-01-02 15:56:27'),
(15, 3, 1, 297, 5, '2015-01-02 16:31:56'),
(16, 3, 1, 290, 5, '2015-01-02 16:35:35'),
(17, 3, 1, 303, 4, '2015-01-02 16:42:37'),
(18, 4, 1, 370, 4, '2015-01-02 16:53:00'),
(19, 4, 1, 400, 4, '2015-01-02 16:58:08'),
(20, 4, 1, 356, 5, '2015-01-02 17:10:43'),
(21, 4, 1, 385, 4, '2015-01-02 17:15:19'),
(22, 4, 1, 392, 5, '2015-01-02 17:21:47'),
(23, 4, 1, 359, 4, '2015-01-02 17:28:24'),
(24, 4, 1, 348, 4, '2015-01-02 17:32:02'),
(25, 4, 1, 373, 5, '2015-01-02 17:36:51'),
(26, 4, 1, 376, 5, '2015-01-02 17:47:41'),
(27, 4, 1, 357, 4, '2015-01-02 19:25:19'),
(28, 4, 1, 371, 4, '2015-01-02 19:34:45'),
(29, 4, 1, 386, 4, '2015-01-02 19:35:55'),
(30, 4, 1, 389, 4, '2015-01-02 19:39:28'),
(31, 4, 1, 384, 4, '2015-01-02 19:40:57'),
(32, 3, 1, 423, 5, '2015-01-02 20:00:09'),
(33, 3, 1, 240, 4, '2015-01-02 20:07:34'),
(34, 3, 1, 419, 5, '2015-01-02 20:22:57'),
(35, 1, 1, 2, 3, '2016-06-10 17:55:35'),
(36, 1, 1, 3, 1, '2016-06-10 17:59:50'),
(37, 1, 1, 4, 2, '2016-06-10 18:42:37'),
(38, 1, 1, 5, 3, '2016-06-10 18:46:24'),
(39, 1, 1, 1, 4, '2016-08-05 19:03:22'),
(40, 1, 1, 1, 2, '2016-08-05 19:12:45'),
(41, 1, 1, 1, 5, '2016-08-05 19:13:00'),
(42, 1, 1, 1, 2, '2016-08-05 19:23:47'),
(43, 1, 1, 1, 2, '2016-08-05 19:40:54'),
(44, 1, 1, 1, 5, '2016-08-05 19:41:12'),
(45, 1, 1, 1, 3, '2016-08-05 19:45:55'),
(46, 1, 1, 1, 5, '2016-08-05 19:46:39'),
(47, 1, 1, 1, 5, '2016-08-05 19:46:52'),
(48, 1, 1, 1, 5, '2016-08-05 19:49:43'),
(49, 1, 1, 1, 3, '2016-08-05 19:51:20'),
(50, 1, 1, 1, 4, '2016-08-05 19:52:42'),
(51, 1, 1, 1, 4, '2016-08-05 20:09:03'),
(52, 1, 1, 35, 4, '2016-08-12 21:38:59'),
(53, 1, 1, 28, 4, '2016-08-13 18:42:40'),
(54, 1, 1, 9, 4, '2016-08-13 21:17:20'),
(55, 3, 1, 463, 3, '2016-08-13 22:40:44'),
(56, 1, 1, 4, 3, '2016-08-15 17:22:47'),
(57, 1, 1, 464, 4, '2016-08-15 18:37:32');

-- --------------------------------------------------------

--
-- Struktur dari tabel `mk_reviews`
--

CREATE TABLE `mk_reviews` (
  `id` int(11) NOT NULL,
  `item_id` int(11) NOT NULL,
  `appuser_id` int(11) NOT NULL,
  `shop_id` int(11) NOT NULL,
  `review` text NOT NULL,
  `status` tinyint(1) NOT NULL DEFAULT '1',
  `added` timestamp NOT NULL DEFAULT CURRENT_TIMESTAMP
) ENGINE=InnoDB DEFAULT CHARSET=utf8;

--
-- Dumping data untuk tabel `mk_reviews`
--

INSERT INTO `mk_reviews` (`id`, `item_id`, `appuser_id`, `shop_id`, `review`, `status`, `added`) VALUES
(1, 124, 1, 2, 'This item is look very nice.', 1, '2014-12-16 20:58:28'),
(2, 124, 1, 2, 'Lorem ipsum dolor sit amet, consectetuer adipiscing elit. Aenean commodo ligula eget dolor.', 1, '2014-12-16 21:02:46'),
(3, 128, 1, 2, 'Lorem ipsum dolor sit amet,consectetuer adipiscing elit. Aenean commodo ligula eget dolor. ', 1, '2014-12-24 15:31:04'),
(4, 18, 1, 1, 'volutpat nibh, nec pellentesque velit pede quis nunc. volutpat nibh, nec pellentesque velit pede quis nunc. ', 1, '2014-12-24 21:40:14'),
(5, 37, 1, 1, 'review submit from android tablet testing. It is very cool.', 1, '2014-12-24 22:52:32'),
(6, 215, 1, 2, 'item review submit from android phone.', 1, '2014-12-26 07:16:35'),
(7, 153, 1, 2, 'item review submit testing from android tablet ', 1, '2014-12-26 09:42:53'),
(8, 27, 1, 1, 'item review submit.', 1, '2014-12-26 22:07:27'),
(9, 116, 1, 1, 'Lorem ipsum dolor sit amet, consectetuer adipiscing elit. Aenean commodo ligula eget dolor. Aenean massa. Cum sociis natoque penatibus et magnis dis parturient montes, nascetur ridiculus mus. Donec quam felis, ultricies nec, pellentesque eu, pretium quis, sem.', 1, '2015-01-01 14:46:25'),
(10, 119, 1, 1, 'Lorem ipsum dolor sit amet, consectetuer adipiscing elit. Aenean commodo ligula eget dolor. Aenean massa. Cum sociis natoque penatibus et magnis dis parturient montes, nascetur ridiculus mus. Donec quam felis, ultricies nec, pellentesque eu, pretium quis, sem.', 1, '2015-01-01 14:46:37'),
(11, 118, 1, 1, 'Lorem ipsum dolor sit amet, consectetuer adipiscing elit. Aenean commodo ligula eget dolor. Aenean massa. Cum sociis natoque penatibus et magnis dis parturient montes, nascetur ridiculus mus. Donec quam felis, ultricies nec, pellentesque eu, pretium quis, sem.', 1, '2015-01-01 14:46:49'),
(12, 366, 1, 4, 'Aenean posuere, tortor sed cursus feugiat, nunc augue blandit nunc, eu sollicitudin urna dolor\rsagittis lacus. ', 1, '2015-01-01 21:07:25'),
(13, 380, 1, 4, 'Lorem ipsum dolor sit amet, consectetuer adipiscing elit. Aenean commodo ligula eget dolor. Aenean massa. Cum sociis natoque penatibus et magnis dis parturient montes, nascetur ridiculus mus. Donec quam felis, ultricies nec, pellentesque eu, pretium quis, sem.', 1, '2015-01-01 21:07:36'),
(14, 324, 1, 3, 'Lorem ipsum dolor sit amet, consectetuer adipiscing elit. Aenean commodo ligula eget dolor. Aenean massa. Cum sociis natoque penatibus et magnis dis parturient montes, nascetur ridiculus mus. Donec quam felis, ultricies nec, pellentesque eu, pretium quis, sem.', 1, '2015-01-01 21:10:58'),
(15, 8, 1, 1, 'Lorem ipsum dolor sit amet,consectetuer adipiscing elit. Aenean commodo ligula eget dolor.', 1, '2015-01-02 00:03:00'),
(16, 194, 1, 2, 'Lorem ipsum dolor sit amet, consectetuer adipiscing elit. Aenean commodo ligula eget dolor. Aenean massa. Cum sociis natoque penatibus et magnis dis parturient montes, nascetur ridiculus mus. Donec quam felis, ultricies nec, pellentesque eu, pretium quis, sem.', 1, '2015-01-02 15:36:49'),
(17, 175, 1, 2, 'Lorem ipsum dolor sit amet, consectetuer adipiscing elit. Aenean commodo ligula eget dolor. Aenean massa. Cum sociis natoque penatibus et magnis dis parturient montes, nascetur ridiculus mus. Donec quam felis, ultricies nec, pellentesque eu, pretium quis, sem.', 1, '2015-01-02 15:42:08'),
(18, 117, 1, 1, 'Lorem ipsum dolor sit amet, consectetuer adipiscing elit. Aenean commodo ligula eget dolor.', 1, '2015-01-02 15:55:30'),
(19, 297, 1, 3, 'Lorem ipsum dolor sit amet, consectetuer adipiscing elit.', 1, '2015-01-02 16:31:44'),
(20, 290, 1, 3, 'Lorem ipsum dolor sit amet, consectetuer adipiscing elit.', 1, '2015-01-02 16:35:46'),
(21, 303, 1, 3, 'Lorem ipsum dolor sit amet, consectetuer adipiscing elit.', 1, '2015-01-02 16:42:47'),
(22, 370, 1, 4, 'Lorem ipsum dolor sit amet, consectetuer adipiscing elit.', 1, '2015-01-02 16:53:07'),
(23, 400, 1, 4, 'Lorem ipsum dolor sit amet, consectetuer adipiscing elit.', 1, '2015-01-02 16:58:24'),
(24, 385, 1, 4, 'Aenean posuere, tortor sed cursus feugiat, nunc augue blandit nunc, eu sollicitudin urna dolor\rsagittis lacus. ', 1, '2015-01-02 17:15:28'),
(25, 392, 1, 4, 'Aenean posuere, tortor sed cursus feugiat, nunc augue blandit nunc, eu sollicitudin urna dolor\rsagittis lacus. ', 1, '2015-01-02 17:21:44'),
(26, 359, 1, 4, 'Aenean posuere, tortor sed cursus feugiat, nunc augue blandit nunc, eu sollicitudin urna dolor\rsagittis lacus. ', 1, '2015-01-02 17:28:11'),
(27, 348, 1, 4, 'Aenean posuere, tortor sed cursus feugiat, nunc augue blandit nunc, eu sollicitudin urna dolor\rsagittis lacus. ', 1, '2015-01-02 17:31:53'),
(28, 373, 1, 4, 'Aenean posuere, tortor sed cursus feugiat, nunc augue blandit nunc, eu sollicitudin urna dolor\rsagittis lacus. ', 1, '2015-01-02 17:36:45'),
(29, 376, 1, 4, 'review submit from tablet', 1, '2015-01-02 17:47:34'),
(30, 357, 1, 4, 'Aenean posuere, tortor sed cursus feugiat, nunc augue blandit nunc, eu sollicitudin urna dolor\rsagittis lacus. ', 1, '2015-01-02 19:25:28'),
(31, 371, 1, 4, 'Review testing from android tablet', 1, '2015-01-02 19:34:04'),
(32, 386, 1, 4, 'Aenean posuere, tortor sed cursus feugiat, nunc augue blandit nunc, eu sollicitudin urna dolor\rsagittis lacus. ', 1, '2015-01-02 19:36:13'),
(33, 389, 1, 4, 'Aenean posuere, tortor sed cursus feugiat, nunc augue blandit nunc, eu sollicitudin urna dolor\rsagittis lacus. ', 1, '2015-01-02 19:39:37'),
(34, 372, 1, 4, 'Aenean posuere, tortor sed cursus feugiat, nunc augue blandit nunc, eu sollicitudin urna dolor\rsagittis lacus. ', 1, '2015-01-02 19:40:21'),
(35, 423, 1, 3, 'Lorem ipsum dolor sit amet, consectetuer adipiscing elit. Aenean commodo ligula eget dolor.', 1, '2015-01-02 19:59:52'),
(36, 419, 1, 3, 'Lorem ipsum dolor sit amet, consectetuer adipiscing elit. Aenean commodo ligula eget dolor.', 1, '2015-01-02 20:22:36'),
(37, 1, 1, 1, 'how about delivery service?', 1, '2016-07-24 09:36:06'),
(47, 1, 1, 1, 'how about office hour?', 1, '2016-07-24 10:22:41'),
(48, 1, 1, 1, 'price is really cheap.', 1, '2016-07-24 10:26:10'),
(49, 2, 1, 1, 'How about office hour?', 1, '2016-08-12 21:16:59'),
(50, 28, 1, 1, 'How is office address?', 1, '2016-08-13 18:42:28'),
(51, 9, 1, 1, 'How is delivery?', 1, '2016-08-13 21:17:12'),
(52, 463, 1, 3, 'Nice shoes', 1, '2016-08-13 22:39:29'),
(53, 4, 1, 1, 'how about delivery service?', 1, '2016-08-15 17:21:54'),
(54, 464, 1, 1, 'can get discount?', 1, '2016-08-15 18:37:02'),
(55, 75, 1, 1, 'it is really nice', 1, '2016-10-23 19:44:58');

-- --------------------------------------------------------

--
-- Struktur dari tabel `mk_shops`
--

CREATE TABLE `mk_shops` (
  `id` int(11) NOT NULL,
  `name` varchar(255) NOT NULL,
  `description` text NOT NULL,
  `phone` text NOT NULL,
  `email` varchar(255) NOT NULL,
  `address` text NOT NULL,
  `coordinate` text NOT NULL,
  `lat` float(10,6) NOT NULL,
  `lng` float(10,6) NOT NULL,
  `paypal_email` varchar(255) NOT NULL,
  `paypal_environment` varchar(255) NOT NULL,
  `paypal_appid_live` varchar(255) NOT NULL,
  `paypal_merchantname` varchar(255) NOT NULL,
  `paypal_customerid` varchar(255) NOT NULL,
  `paypal_ipnurl` varchar(255) NOT NULL,
  `paypal_memo` varchar(255) NOT NULL,
  `bank_account` varchar(255) NOT NULL,
  `bank_name` varchar(255) NOT NULL,
  `bank_code` varchar(50) NOT NULL,
  `branch_code` varchar(50) NOT NULL,
  `swift_code` varchar(50) NOT NULL,
  `cod_email` varchar(50) NOT NULL,
  `stripe_publishable_key` varchar(255) NOT NULL,
  `stripe_secret_key` varchar(255) NOT NULL,
  `currency_symbol` varchar(255) NOT NULL,
  `currency_short_form` varchar(255) NOT NULL,
  `sender_email` varchar(50) NOT NULL,
  `added` timestamp NOT NULL DEFAULT CURRENT_TIMESTAMP,
  `status` tinyint(1) NOT NULL DEFAULT '1',
  `paypal_enabled` tinyint(1) NOT NULL,
  `stripe_enabled` tinyint(1) NOT NULL,
  `cod_enabled` tinyint(1) NOT NULL,
  `banktransfer_enabled` tinyint(1) NOT NULL
) ENGINE=InnoDB DEFAULT CHARSET=utf8;

--
-- Dumping data untuk tabel `mk_shops`
--

INSERT INTO `mk_shops` (`id`, `name`, `description`, `phone`, `email`, `address`, `coordinate`, `lat`, `lng`, `paypal_email`, `paypal_environment`, `paypal_appid_live`, `paypal_merchantname`, `paypal_customerid`, `paypal_ipnurl`, `paypal_memo`, `bank_account`, `bank_name`, `bank_code`, `branch_code`, `swift_code`, `cod_email`, `stripe_publishable_key`, `stripe_secret_key`, `currency_symbol`, `currency_short_form`, `sender_email`, `added`, `status`, `paypal_enabled`, `stripe_enabled`, `cod_enabled`, `banktransfer_enabled`) VALUES
(1, 'PS Electronic', 'Lorem ipsum dolor sit amet, consectetuer adipiscing elit. Aenean commodo ligula eget dolor. Aenean massa. Cum sociis natoque penatibus et magnis dis parturient montes, nascetur ridiculus mus.  Cum sociis natoque penatibus et magnis dis parturient montes, nascetur ridiculus mus addad. ', '+62-838-9145-6741', 'rafeldo29@gmail.com', 'Ruko Blitz Blok C No. 20, Jalan Raya Kelapa Dua - Gading Serpong, Kelapa Dua, Tangerang, Banten 15810', '', -6.250127, 106.573395, 'pphmit@gmail.com', 'Paypal.PAYPAL_ENV_NONE', 'APP-9WE41553SD3116512', 'Mokets', 'MoketsCustomer', 'http://www.panacea-soft.com', 'Payment for items order from Mokets Shop', '0123456', 'ASD', '001', '002', '003', 'rafeldo29@gmail.com', 'pk_test_RjJFXdLkbesQpjm6T2xPddmp', 'sk_test_lxHim6W6aJAjb4jjAtfviY0t', 'Rp', 'IDR', 'rafeldo299@gmail.com', '2014-12-10 09:23:31', 1, 1, 1, 1, 1),
(2, 'PS Food Junction', 'Lorem ipsum dolor sit amet, consectetuer adipiscing elit. Aenean commodo ligula eget dolor. Aenean massa. Cum sociis natoque penatibus et magnis dis parturient montes, nascetur ridiculus mus. Donec quam felis, ultricies nec, pellentesque eu, pretium quis, sem. Nulla consequat massa quis enim. Donec pede justo, fringilla vel, aliquet nec, vulputate eget, arcu. In enim justo, rhoncus ut, imperdiet a, venenatis vitae, justo. ', '+62-838-9145-6741', 'rafeldo29@gmail.com', 'Ruko Blitz Blok C No. 20, Jalan Raya Kelapa Dua - Gading Serpong, Kelapa Dua, Tangerang, Banten 15810', '', -6.250127, 106.573395, 'pphmit@gmail.com', 'Paypal.PAYPAL_ENV_NONE', 'APP-9WE41553SD3116512', 'Mokets', 'MoketsCustomer', 'http://www.panacea-soft.com', 'Payment for items order from Mokets Shop', '901239818908', 'XZY', '002', '003', '004', 'rafeldo29@gmail.com', 'pk_test_v7yBQi8bImVkVAusTBpZ09wc', 'sk_test_hWxwGSMT4bGyJFTMhjwzHsSZ', 'Rp', 'IDR', 'rafeldo29@gmail.com', '2014-12-11 12:59:42', 1, 1, 1, 1, 1),
(3, 'PS Fashion Shop', 'Lorem ipsum dolor sit amet, erat aliquando duo ei, no usu audiam appareat. Ne sed prima mundi erroribus, ea eos illum audire utamur. Est no solet recteque. Fabellas suscipiantur at vel. Qui aeterno appetere tincidunt ex, suscipit volutpat deterruisset quo no.', '+62-838-9145-6741', 'rafeldo29@gmail.com', 'Ruko Blitz Blok C No. 20, Jalan Raya Kelapa Dua - Gading Serpong, Kelapa Dua, Tangerang, Banten 15810', '', -6.250127, 106.573395, 'pphmit@gmail.com', 'Paypal.PAYPAL_ENV_NONE', 'APP-9WE41553SD3116512', 'Mokets', 'MoketsCustomer', 'http://www.panacea-soft.com', 'Payment for items order from Mokets Shop', '7248429898', 'QPR', '005', '006', '007', 'rafeldo29@gmail.com', 'pk_test_v7yBQi8bImVkVAusTBpZ09wc', 'sk_test_hWxwGSMT4bGyJFTMhjwzHsSZ', 'Rp', 'IDR', 'rafeldo29@gmail.com', '2014-12-29 02:37:52', 1, 1, 1, 1, 1),
(4, 'PS Health Care Store', 'Lorem ipsum dolor sit amet, erat aliquando duo ei, no usu audiam appareat. Ne sed prima mundi erroribus, ea eos illum audire utamur. Est no solet recteque. Fabellas suscipiantur at vel. Qui aeterno appetere tincidunt ex, suscipit volutpat deterruisset quo no.', '+62-838-9145-6741', 'rafeldo29@gmail.com', 'Ruko Blitz Blok C No. 20, Jalan Raya Kelapa Dua - Gading Serpong, Kelapa Dua, Tangerang, Banten 15810', '', -6.250127, 106.573395, 'pphmit@gmail.com', 'Paypal.PAYPAL_ENV_NONE', 'APP-9WE41553SD3116512', 'Mokets', 'MoketsCustomer', 'http://www.panacea-soft.com', 'Payment for items order from Mokets Shop', '36247864892', 'BOB', '005', '003', '007', 'rafeldo29@gmail.com', 'pk_test_RjJFXdLkbesQpjm6T2xPddmp', 'sk_test_lxHim6W6aJAjb4jjAtfviY0t', 'Rp', 'IDR', 'rafeldo29@gmail.com', '2014-12-29 11:11:11', 1, 1, 1, 1, 1);

-- --------------------------------------------------------

--
-- Struktur dari tabel `mk_shop_followers`
--

CREATE TABLE `mk_shop_followers` (
  `id` int(11) NOT NULL,
  `appuser_id` int(11) NOT NULL,
  `shop_id` int(11) NOT NULL,
  `added` timestamp NOT NULL DEFAULT CURRENT_TIMESTAMP
) ENGINE=InnoDB DEFAULT CHARSET=utf8;

-- --------------------------------------------------------

--
-- Struktur dari tabel `mk_sub_categories`
--

CREATE TABLE `mk_sub_categories` (
  `id` int(11) NOT NULL,
  `cat_id` int(11) NOT NULL,
  `shop_id` int(11) NOT NULL,
  `name` varchar(255) NOT NULL,
  `is_published` int(11) NOT NULL DEFAULT '0',
  `ordering` int(5) NOT NULL,
  `added` timestamp NOT NULL DEFAULT CURRENT_TIMESTAMP,
  `updated` timestamp NULL DEFAULT NULL
) ENGINE=InnoDB DEFAULT CHARSET=utf8;

--
-- Dumping data untuk tabel `mk_sub_categories`
--

INSERT INTO `mk_sub_categories` (`id`, `cat_id`, `shop_id`, `name`, `is_published`, `ordering`, `added`, `updated`) VALUES
(1, 1, 1, 'Cabels', 1, 1, '2014-12-10 16:02:58', NULL),
(2, 1, 1, 'Keyboard & Mouse', 1, 2, '2014-12-10 16:06:01', NULL),
(3, 1, 1, 'LED Phones', 1, 3, '2014-12-10 16:06:29', NULL),
(4, 1, 1, 'LifeStyle', 1, 4, '2014-12-10 16:06:58', NULL),
(5, 2, 1, 'Earphones', 1, 1, '2014-12-10 16:10:13', NULL),
(6, 2, 1, 'Earpieces', 1, 2, '2014-12-10 16:19:21', NULL),
(7, 2, 1, 'Headset', 1, 3, '2014-12-10 16:19:57', NULL),
(8, 2, 1, 'Speakers', 1, 4, '2014-12-10 16:20:28', NULL),
(9, 3, 1, 'Action Camera', 1, 1, '2014-12-10 16:21:13', NULL),
(10, 3, 1, 'Car DVR Camera', 1, 2, '2014-12-10 16:22:01', NULL),
(11, 3, 1, 'Compact Camera', 1, 3, '2014-12-10 16:22:32', NULL),
(12, 3, 1, 'DSLR Camera', 1, 4, '2014-12-10 16:22:54', NULL),
(13, 4, 1, 'Gaming PC', 1, 1, '2014-12-10 16:23:44', NULL),
(14, 4, 1, 'NoteBook', 1, 2, '2014-12-10 16:24:23', NULL),
(15, 4, 1, 'Software', 1, 3, '2014-12-10 16:24:46', NULL),
(16, 4, 1, 'UltraBook', 1, 4, '2014-12-10 16:25:27', NULL),
(17, 5, 1, 'Ink', 1, 1, '2014-12-10 16:26:44', NULL),
(18, 5, 1, 'Inkjet', 1, 2, '2014-12-10 16:27:25', NULL),
(19, 5, 1, 'Laser', 1, 3, '2014-12-10 16:27:58', NULL),
(20, 5, 1, 'Portable', 1, 4, '2014-12-10 16:28:41', NULL),
(21, 6, 1, 'PC Hard Disk', 1, 1, '2014-12-10 16:29:19', NULL),
(22, 6, 1, 'SD Card', 1, 2, '2014-12-10 16:30:16', NULL),
(23, 6, 1, 'Portable HD', 1, 3, '2014-12-10 16:42:54', NULL),
(24, 6, 1, 'USB Drive', 1, 4, '2014-12-10 16:43:29', NULL),
(25, 7, 1, 'LTE/3G', 1, 1, '2014-12-10 16:44:49', NULL),
(26, 7, 1, 'WiFi', 1, 2, '2014-12-10 16:51:52', NULL),
(27, 8, 2, 'Dim Sum', 1, 1, '2014-12-11 19:32:48', NULL),
(28, 8, 2, 'Hong Kong Fried', 1, 1, '2014-12-11 19:33:24', NULL),
(29, 8, 2, 'Kitchen Special', 1, 3, '2014-12-11 19:34:04', NULL),
(30, 8, 2, 'la Mian', 1, 4, '2014-12-11 19:34:22', NULL),
(31, 8, 2, 'Noddle & Rice', 1, 5, '2014-12-11 19:34:42', NULL),
(32, 8, 2, 'Appetizer', 1, 7, '2014-12-11 19:35:12', NULL),
(33, 8, 2, 'Soup', 1, 7, '2014-12-11 19:36:02', NULL),
(34, 9, 2, 'Indian Appetizer', 1, 1, '2014-12-11 19:36:48', NULL),
(35, 9, 2, 'Briyani', 1, 2, '2014-12-11 19:37:16', NULL),
(36, 9, 2, 'Curry', 1, 3, '2014-12-11 19:37:37', NULL),
(37, 9, 2, 'Paratha', 1, 4, '2014-12-11 19:37:59', NULL),
(38, 9, 2, 'Vegetarian', 1, 5, '2014-12-11 19:38:41', NULL),
(39, 10, 2, 'Thai Appetizer', 1, 1, '2014-12-11 19:39:10', NULL),
(40, 10, 2, 'Beer & Wine', 1, 2, '2014-12-11 19:40:09', NULL),
(41, 10, 2, 'Desserts ', 1, 3, '2014-12-11 19:40:51', NULL),
(42, 10, 2, 'Salads', 1, 1, '2014-12-11 19:41:16', NULL),
(43, 10, 2, 'Soups', 1, 5, '2014-12-11 19:41:46', NULL),
(44, 11, 2, 'Westren Appetizers', 1, 1, '2014-12-11 19:42:39', NULL),
(45, 11, 2, 'Western Desserts', 1, 2, '2014-12-11 19:43:17', NULL),
(46, 11, 2, 'Western Drinks', 1, 3, '2014-12-11 19:43:54', NULL),
(47, 11, 2, 'Western Main Dish', 1, 4, '2014-12-11 19:44:44', NULL),
(48, 11, 2, 'Western Soup & Salads', 1, 5, '2014-12-11 19:45:32', NULL),
(49, 12, 2, 'European Appetizers', 1, 1, '2014-12-11 19:46:00', NULL),
(50, 12, 2, 'European Desserts', 1, 2, '2014-12-11 19:46:38', NULL),
(51, 12, 2, 'European Drinks', 1, 3, '2014-12-11 19:47:37', NULL),
(52, 12, 2, 'European Main Food', 1, 4, '2014-12-11 19:48:01', NULL),
(53, 12, 2, 'European Soup & Salads', 1, 5, '2014-12-11 19:48:28', NULL),
(54, 13, 3, 'Face Care', 1, 1, '2014-12-29 12:31:51', NULL),
(55, 13, 3, 'Skin  Care', 1, 2, '2014-12-29 12:33:49', NULL),
(56, 13, 3, 'Bath Form', 1, 3, '2014-12-29 12:34:26', NULL),
(57, 13, 3, 'Fancy', 1, 4, '2014-12-29 12:35:41', NULL),
(58, 14, 3, 'Watch', 1, 1, '2014-12-29 12:36:22', NULL),
(59, 14, 3, 'Jacket', 1, 2, '2014-12-29 13:52:36', NULL),
(60, 14, 3, 'Sport Shirt', 1, 3, '2014-12-29 13:53:01', NULL),
(61, 14, 3, 'Pants', 1, 4, '2014-12-29 13:53:27', NULL),
(62, 15, 3, 'Furniture', 1, 1, '2014-12-29 13:54:51', NULL),
(63, 15, 3, 'Kitchen', 1, 2, '2014-12-29 13:55:22', NULL),
(64, 15, 3, 'Bed Room', 1, 3, '2014-12-29 13:55:43', NULL),
(65, 15, 3, 'Living Room', 1, 3, '2014-12-29 13:56:31', NULL),
(66, 15, 3, 'Dinning Room', 1, 4, '2014-12-29 13:57:32', NULL),
(67, 16, 3, 'U-10', 1, 1, '2014-12-29 13:59:05', NULL),
(68, 16, 3, 'U-12', 1, 2, '2014-12-29 13:59:31', NULL),
(69, 16, 3, 'U-14', 1, 3, '2014-12-29 13:59:59', NULL),
(70, 17, 3, 'Columbia', 1, 1, '2014-12-29 14:02:46', NULL),
(71, 17, 3, 'Globe', 1, 2, '2014-12-29 14:03:15', NULL),
(72, 17, 3, 'Keen', 1, 3, '2014-12-29 14:03:36', NULL),
(73, 17, 3, 'Mizuno', 1, 4, '2014-12-29 14:04:07', NULL),
(74, 17, 3, 'Teva', 1, 5, '2014-12-29 14:04:24', NULL),
(75, 17, 3, 'Splading', 1, 5, '2014-12-29 14:04:55', NULL),
(76, 18, 3, 'Queen', 1, 1, '2014-12-29 14:05:54', NULL),
(77, 18, 3, 'MoMo', 1, 2, '2014-12-29 14:07:02', NULL),
(78, 18, 3, 'Essco', 1, 3, '2014-12-29 14:07:20', NULL),
(79, 19, 3, 'Bags', 1, 1, '2014-12-29 14:08:45', NULL),
(80, 19, 3, 'Pharmarcy', 1, 1, '2014-12-29 14:09:37', NULL),
(81, 19, 3, 'Others', 1, 3, '2014-12-29 14:10:27', NULL),
(82, 20, 4, 'Bath & Body', 1, 1, '2014-12-29 17:47:21', NULL),
(83, 20, 4, 'Skin Care', 1, 2, '2014-12-29 17:47:40', NULL),
(84, 20, 4, 'Face Care', 1, 3, '2014-12-29 17:48:04', NULL),
(85, 20, 4, 'Hair Care', 1, 4, '2014-12-29 17:48:25', NULL),
(86, 20, 4, 'Lip Care', 1, 5, '2014-12-29 17:48:53', NULL),
(87, 20, 4, 'Makeup', 1, 6, '2014-12-29 17:49:16', NULL),
(88, 21, 4, 'Nutrition', 1, 1, '2014-12-29 17:49:43', NULL),
(89, 21, 4, 'First Aid', 1, 2, '2014-12-29 17:50:21', NULL),
(90, 21, 4, 'Fitness', 1, 3, '2014-12-29 17:50:44', NULL),
(91, 21, 4, 'Gromming', 1, 4, '2014-12-29 17:51:13', NULL),
(92, 22, 4, 'Ear Care', 1, 1, '2014-12-29 17:51:49', NULL),
(93, 22, 4, 'Wellbeing', 1, 2, '2014-12-29 17:52:25', NULL),
(94, 22, 4, 'Skin Supplements', 1, 3, '2014-12-29 17:53:14', NULL),
(95, 22, 4, 'Vitamins', 1, 4, '2014-12-29 17:53:56', NULL),
(96, 23, 4, 'Baby Food', 1, 1, '2014-12-29 17:56:12', NULL),
(97, 23, 4, 'Kids Bath Form', 1, 2, '2014-12-29 17:56:45', NULL),
(98, 23, 4, 'Diapers & Wipes', 1, 1, '2014-12-29 17:57:26', NULL),
(99, 23, 4, 'Kids Vitamins', 1, 3, '2014-12-29 17:58:34', NULL),
(100, 17, 3, 'Soccers', 1, 8, '2016-08-13 22:37:04', NULL),
(101, 24, 1, 'LG Phones', 1, 1, '2016-08-15 18:32:51', NULL),
(102, 24, 1, 'Samsung Phones', 1, 1, '2016-08-15 18:33:15', NULL);

-- --------------------------------------------------------

--
-- Struktur dari tabel `mk_touches`
--

CREATE TABLE `mk_touches` (
  `id` int(11) NOT NULL,
  `item_id` int(11) NOT NULL,
  `appuser_id` int(11) NOT NULL,
  `shop_id` int(11) NOT NULL,
  `added` timestamp NOT NULL DEFAULT CURRENT_TIMESTAMP
) ENGINE=InnoDB DEFAULT CHARSET=utf8;

--
-- Dumping data untuk tabel `mk_touches`
--

INSERT INTO `mk_touches` (`id`, `item_id`, `appuser_id`, `shop_id`, `added`) VALUES
(1, 1, 0, 1, '2014-12-19 16:19:42'),
(2, 1, 0, 1, '2014-12-19 16:21:23'),
(3, 1, 0, 1, '2014-12-19 16:22:04'),
(4, 1, 0, 1, '2014-12-19 16:22:38'),
(5, 1, 0, 1, '2014-12-19 16:23:45'),
(6, 8, 1, 1, '2014-12-19 16:25:05'),
(7, 21, 1, 1, '2014-12-19 16:25:18'),
(8, 124, 1, 2, '2014-12-19 17:19:07'),
(9, 128, 1, 2, '2014-12-19 17:19:21'),
(10, 132, 1, 2, '2014-12-19 17:19:32'),
(11, 28, 1, 1, '2014-12-19 17:27:08'),
(12, 29, 1, 1, '2014-12-19 17:27:19'),
(13, 31, 1, 1, '2014-12-19 17:27:24'),
(14, 127, 1, 2, '2014-12-20 13:04:30'),
(15, 124, 1, 2, '2014-12-20 13:20:03'),
(16, 125, 1, 2, '2014-12-20 13:20:10'),
(17, 156, 1, 2, '2014-12-20 13:20:26'),
(18, 156, 1, 2, '2014-12-20 13:30:17'),
(19, 197, 4, 2, '2014-12-21 08:49:29'),
(20, 133, 4, 2, '2014-12-21 09:03:31'),
(21, 141, 4, 2, '2014-12-21 09:07:16'),
(22, 149, 4, 2, '2014-12-21 09:15:39'),
(23, 148, 4, 2, '2014-12-21 09:17:03'),
(24, 148, 4, 2, '2014-12-21 09:17:58'),
(25, 151, 4, 2, '2014-12-21 09:19:31'),
(26, 141, 4, 2, '2014-12-21 09:20:07'),
(27, 18, 4, 1, '2014-12-21 09:37:40'),
(28, 22, 0, 1, '2014-12-21 12:15:10'),
(29, 21, 1, 1, '2014-12-21 12:15:41'),
(30, 129, 0, 2, '2014-12-21 12:18:52'),
(31, 130, 1, 2, '2014-12-21 12:19:28'),
(32, 9, 0, 1, '2014-12-21 12:20:04'),
(33, 25, 0, 1, '2014-12-21 12:20:21'),
(34, 124, 1, 2, '2014-12-21 19:24:22'),
(35, 124, 1, 2, '2014-12-21 20:56:13'),
(36, 8, 1, 1, '2014-12-21 20:56:27'),
(37, 128, 1, 2, '2014-12-21 20:58:24'),
(38, 9, 1, 1, '2014-12-21 20:58:44'),
(39, 15, 1, 1, '2014-12-21 21:30:41'),
(40, 22, 1, 1, '2014-12-21 21:31:08'),
(41, 23, 1, 1, '2014-12-21 21:31:16'),
(42, 21, 1, 1, '2014-12-21 21:31:22'),
(43, 25, 1, 1, '2014-12-21 21:31:25'),
(44, 24, 1, 1, '2014-12-21 21:31:28'),
(45, 25, 1, 1, '2014-12-21 21:31:31'),
(46, 24, 1, 1, '2014-12-21 21:31:35'),
(47, 145, 4, 2, '2014-12-21 23:10:49'),
(48, 143, 0, 2, '2014-12-21 23:15:25'),
(49, 141, 0, 2, '2014-12-21 23:16:21'),
(50, 129, 0, 2, '2014-12-21 23:25:13'),
(51, 1, 0, 1, '2014-12-22 10:41:42'),
(52, 1, 1, 1, '2014-12-22 12:50:06'),
(53, 1, 0, 1, '2014-12-22 14:03:56'),
(54, 1, 0, 1, '2014-12-22 14:21:13'),
(55, 1, 0, 1, '2014-12-22 14:32:50'),
(56, 1, 0, 1, '2014-12-22 14:37:09'),
(57, 1, 0, 1, '2014-12-22 14:41:20'),
(58, 1, 0, 1, '2014-12-22 14:43:03'),
(59, 1, 1, 1, '2014-12-22 14:44:23'),
(60, 1, 1, 1, '2014-12-22 14:49:04'),
(61, 1, 0, 1, '2014-12-22 14:56:36'),
(62, 1, 0, 1, '2014-12-22 14:59:57'),
(63, 1, 0, 1, '2014-12-22 15:03:46'),
(64, 1, 0, 1, '2014-12-22 15:05:58'),
(65, 1, 0, 1, '2014-12-22 15:07:59'),
(66, 1, 0, 1, '2014-12-22 15:11:25'),
(67, 1, 0, 1, '2014-12-22 15:13:09'),
(68, 1, 0, 1, '2014-12-22 15:15:22'),
(69, 1, 0, 1, '2014-12-22 15:17:35'),
(70, 1, 0, 1, '2014-12-22 15:19:58'),
(71, 1, 0, 1, '2014-12-22 15:24:21'),
(72, 1, 0, 1, '2014-12-22 15:28:58'),
(73, 1, 0, 1, '2014-12-22 15:30:41'),
(74, 1, 0, 1, '2014-12-22 15:32:32'),
(75, 1, 0, 1, '2014-12-22 15:34:23'),
(76, 1, 0, 1, '2014-12-22 15:36:03'),
(77, 1, 0, 1, '2014-12-22 15:38:02'),
(78, 1, 0, 1, '2014-12-22 15:43:16'),
(79, 1, 0, 1, '2014-12-22 15:46:04'),
(80, 1, 0, 1, '2014-12-22 15:48:31'),
(81, 1, 0, 1, '2014-12-22 15:52:06'),
(82, 1, 0, 1, '2014-12-22 15:53:46'),
(83, 1, 0, 1, '2014-12-22 15:55:24'),
(84, 1, 0, 1, '2014-12-22 15:58:06'),
(85, 1, 0, 1, '2014-12-22 16:27:55'),
(86, 1, 0, 1, '2014-12-22 16:31:08'),
(87, 1, 0, 1, '2014-12-22 16:40:43'),
(88, 1, 1, 1, '2014-12-22 19:37:48'),
(89, 124, 0, 2, '2014-12-22 19:40:07'),
(90, 125, 0, 2, '2014-12-22 19:44:28'),
(91, 1, 0, 1, '2014-12-22 22:14:33'),
(92, 1, 0, 1, '2014-12-22 22:18:31'),
(93, 1, 0, 1, '2014-12-22 22:22:26'),
(94, 1, 1, 1, '2014-12-23 10:13:13'),
(95, 1, 1, 1, '2014-12-23 10:14:14'),
(96, 1, 1, 1, '2014-12-23 10:15:23'),
(97, 1, 1, 1, '2014-12-23 10:17:33'),
(98, 1, 0, 1, '2014-12-23 10:22:14'),
(99, 2, 1, 1, '2014-12-23 10:22:32'),
(100, 5, 1, 1, '2014-12-23 10:22:36'),
(101, 9, 1, 1, '2014-12-23 10:23:12'),
(102, 124, 0, 2, '2014-12-23 14:57:35'),
(103, 1, 0, 1, '2014-12-23 16:35:45'),
(104, 1, 0, 1, '2014-12-23 16:38:12'),
(105, 1, 0, 1, '2014-12-23 16:42:40'),
(106, 1, 0, 1, '2014-12-23 16:47:06'),
(107, 1, 0, 1, '2014-12-23 16:50:04'),
(108, 1, 0, 1, '2014-12-23 16:52:30'),
(109, 1, 0, 1, '2014-12-23 17:16:03'),
(110, 124, 1, 2, '2014-12-23 18:49:59'),
(111, 1, 1, 1, '2014-12-23 18:56:45'),
(112, 9, 1, 1, '2014-12-23 18:57:07'),
(113, 1, 1, 1, '2014-12-23 19:25:03'),
(114, 8, 1, 1, '2014-12-23 19:25:17'),
(115, 2, 1, 1, '2014-12-23 19:31:00'),
(116, 8, 1, 1, '2014-12-23 19:32:30'),
(117, 3, 1, 1, '2014-12-23 19:34:08'),
(118, 21, 1, 1, '2014-12-23 19:52:25'),
(119, 23, 1, 1, '2014-12-23 19:52:41'),
(120, 28, 0, 1, '2014-12-23 20:03:59'),
(121, 28, 0, 1, '2014-12-23 20:05:43'),
(122, 29, 1, 1, '2014-12-23 20:06:05'),
(123, 35, 1, 1, '2014-12-23 20:06:15'),
(124, 2, 1, 1, '2014-12-23 21:58:07'),
(125, 2, 0, 1, '2014-12-23 22:09:56'),
(126, 3, 0, 1, '2014-12-23 22:36:39'),
(127, 4, 0, 1, '2014-12-23 22:45:12'),
(128, 25, 0, 1, '2014-12-23 22:51:42'),
(129, 79, 0, 1, '2014-12-23 22:54:20'),
(130, 2, 0, 1, '2014-12-23 23:03:32'),
(131, 129, 0, 2, '2014-12-23 23:16:13'),
(132, 129, 0, 2, '2014-12-23 23:18:58'),
(133, 100, 0, 1, '2014-12-23 23:33:02'),
(134, 1, 1, 1, '2014-12-24 09:41:35'),
(135, 136, 0, 2, '2014-12-24 15:09:20'),
(136, 1, 0, 1, '2014-12-24 15:12:07'),
(137, 9, 0, 1, '2014-12-24 15:12:15'),
(138, 28, 0, 1, '2014-12-24 15:14:02'),
(139, 128, 0, 2, '2014-12-24 15:20:29'),
(140, 128, 0, 2, '2014-12-24 15:21:32'),
(141, 129, 0, 2, '2014-12-24 15:21:37'),
(142, 128, 0, 2, '2014-12-24 15:21:58'),
(143, 128, 0, 2, '2014-12-24 15:24:16'),
(144, 128, 0, 2, '2014-12-24 15:26:58'),
(145, 128, 1, 2, '2014-12-24 15:28:20'),
(146, 176, 1, 2, '2014-12-24 15:57:44'),
(147, 176, 1, 2, '2014-12-24 16:02:09'),
(148, 177, 0, 2, '2014-12-24 16:05:46'),
(149, 176, 0, 2, '2014-12-24 16:06:03'),
(150, 197, 1, 2, '2014-12-24 16:06:47'),
(151, 1, 1, 1, '2014-12-24 16:08:22'),
(152, 28, 1, 1, '2014-12-24 16:15:27'),
(153, 9, 1, 1, '2014-12-24 16:24:25'),
(154, 24, 1, 1, '2014-12-24 16:24:41'),
(155, 25, 1, 1, '2014-12-24 16:24:46'),
(156, 24, 1, 1, '2014-12-24 16:24:50'),
(157, 25, 1, 1, '2014-12-24 16:24:55'),
(158, 164, 1, 2, '2014-12-24 16:25:42'),
(159, 18, 0, 1, '2014-12-24 21:36:54'),
(160, 18, 1, 1, '2014-12-24 21:38:28'),
(161, 25, 1, 1, '2014-12-24 21:41:34'),
(162, 91, 1, 1, '2014-12-24 21:45:03'),
(163, 92, 1, 1, '2014-12-24 21:45:35'),
(164, 91, 1, 1, '2014-12-24 21:45:41'),
(165, 92, 1, 1, '2014-12-24 21:48:23'),
(166, 92, 1, 1, '2014-12-24 21:48:29'),
(167, 91, 1, 1, '2014-12-24 21:48:41'),
(168, 99, 1, 1, '2014-12-24 21:49:11'),
(169, 212, 1, 2, '2014-12-24 21:52:52'),
(170, 177, 1, 2, '2014-12-24 21:54:27'),
(171, 79, 1, 1, '2014-12-24 22:04:58'),
(172, 61, 1, 1, '2014-12-24 22:09:37'),
(173, 69, 1, 1, '2014-12-24 22:11:03'),
(174, 66, 1, 1, '2014-12-24 22:11:19'),
(175, 160, 1, 2, '2014-12-24 22:11:41'),
(176, 223, 1, 2, '2014-12-24 22:16:25'),
(177, 194, 1, 2, '2014-12-24 22:29:07'),
(178, 194, 1, 2, '2014-12-24 22:29:25'),
(179, 37, 0, 1, '2014-12-24 22:49:12'),
(180, 37, 1, 1, '2014-12-24 22:51:17'),
(181, 37, 1, 1, '2014-12-24 22:53:07'),
(182, 121, 1, 1, '2014-12-24 22:53:21'),
(183, 129, 1, 2, '2014-12-24 22:59:35'),
(184, 27, 0, 1, '2014-12-26 07:00:29'),
(185, 76, 0, 1, '2014-12-26 07:03:31'),
(186, 100, 0, 1, '2014-12-26 07:05:13'),
(187, 215, 0, 2, '2014-12-26 07:13:07'),
(188, 216, 1, 2, '2014-12-26 07:17:37'),
(189, 153, 1, 2, '2014-12-26 07:18:21'),
(190, 192, 1, 2, '2014-12-26 07:19:06'),
(191, 198, 1, 2, '2014-12-26 07:22:52'),
(192, 215, 1, 2, '2014-12-26 07:23:24'),
(193, 22, 1, 1, '2014-12-26 07:24:29'),
(194, 23, 1, 1, '2014-12-26 07:24:35'),
(195, 56, 0, 1, '2014-12-26 07:56:23'),
(196, 57, 1, 1, '2014-12-26 07:56:43'),
(197, 57, 1, 1, '2014-12-26 07:56:52'),
(198, 58, 1, 1, '2014-12-26 07:56:56'),
(199, 28, 1, 1, '2014-12-26 08:05:19'),
(200, 29, 1, 1, '2014-12-26 08:05:29'),
(201, 42, 1, 1, '2014-12-26 08:05:43'),
(202, 42, 1, 1, '2014-12-26 08:06:04'),
(203, 105, 0, 1, '2014-12-26 09:16:18'),
(204, 107, 1, 1, '2014-12-26 09:22:02'),
(205, 109, 1, 1, '2014-12-26 09:22:09'),
(206, 88, 1, 1, '2014-12-26 09:22:48'),
(207, 92, 1, 1, '2014-12-26 09:22:59'),
(208, 76, 1, 1, '2014-12-26 09:23:13'),
(209, 79, 1, 1, '2014-12-26 09:23:20'),
(210, 153, 1, 2, '2014-12-26 09:23:42'),
(211, 153, 1, 2, '2014-12-26 09:39:50'),
(212, 154, 1, 2, '2014-12-26 09:43:29'),
(213, 212, 1, 2, '2014-12-26 09:59:52'),
(214, 1, 1, 1, '2014-12-26 12:32:16'),
(215, 2, 1, 1, '2014-12-26 12:32:26'),
(216, 8, 1, 1, '2014-12-26 12:32:35'),
(217, 153, 1, 2, '2014-12-26 12:34:14'),
(218, 29, 0, 1, '2014-12-26 12:35:23'),
(219, 30, 1, 1, '2014-12-26 12:35:40'),
(220, 36, 1, 1, '2014-12-26 18:42:34'),
(221, 35, 1, 1, '2014-12-26 18:45:21'),
(222, 42, 1, 1, '2014-12-26 19:01:28'),
(223, 27, 1, 1, '2014-12-26 22:06:49'),
(224, 28, 1, 1, '2014-12-27 11:57:35'),
(225, 29, 1, 1, '2014-12-27 11:58:22'),
(226, 193, 1, 2, '2014-12-27 12:43:17'),
(227, 192, 1, 2, '2014-12-27 12:43:21'),
(228, 124, 1, 2, '2014-12-27 13:27:15'),
(229, 239, 0, 3, '2014-12-30 14:41:31'),
(230, 239, 0, 3, '2014-12-30 14:44:58'),
(231, 229, 0, 3, '2014-12-30 14:45:38'),
(232, 233, 1, 3, '2014-12-30 14:46:44'),
(233, 29, 1, 1, '2014-12-30 15:04:18'),
(234, 2, 1, 1, '2014-12-30 15:10:31'),
(235, 116, 1, 1, '2015-01-01 14:45:00'),
(236, 119, 1, 1, '2015-01-01 14:46:29'),
(237, 118, 1, 1, '2015-01-01 14:46:41'),
(238, 212, 1, 2, '2015-01-01 20:48:45'),
(239, 213, 1, 2, '2015-01-01 20:50:12'),
(240, 173, 1, 2, '2015-01-01 20:50:39'),
(241, 228, 1, 3, '2015-01-01 20:55:04'),
(242, 229, 1, 3, '2015-01-01 20:55:38'),
(243, 233, 1, 3, '2015-01-01 20:56:17'),
(244, 239, 1, 3, '2015-01-01 20:56:57'),
(245, 244, 1, 3, '2015-01-01 20:57:26'),
(246, 243, 1, 3, '2015-01-01 20:58:34'),
(247, 272, 1, 3, '2015-01-01 20:59:25'),
(248, 356, 1, 4, '2015-01-01 21:00:58'),
(249, 357, 1, 4, '2015-01-01 21:01:31'),
(250, 362, 1, 4, '2015-01-01 21:02:11'),
(251, 365, 1, 4, '2015-01-01 21:02:52'),
(252, 366, 1, 4, '2015-01-01 21:03:44'),
(253, 371, 1, 4, '2015-01-01 21:04:54'),
(254, 372, 1, 4, '2015-01-01 21:04:58'),
(255, 379, 1, 4, '2015-01-01 21:05:26'),
(256, 379, 1, 4, '2015-01-01 21:06:54'),
(257, 380, 1, 4, '2015-01-01 21:06:58'),
(258, 228, 1, 3, '2015-01-01 21:08:36'),
(259, 323, 1, 3, '2015-01-01 21:09:53'),
(260, 325, 1, 3, '2015-01-01 21:10:07'),
(261, 324, 1, 3, '2015-01-01 21:10:13'),
(262, 322, 1, 3, '2015-01-01 21:10:32'),
(263, 322, 1, 3, '2015-01-01 21:10:36'),
(264, 323, 1, 3, '2015-01-01 21:10:39'),
(265, 324, 1, 3, '2015-01-01 21:10:47'),
(266, 291, 1, 3, '2015-01-01 21:12:47'),
(267, 292, 1, 3, '2015-01-01 21:12:51'),
(268, 293, 1, 3, '2015-01-01 21:12:54'),
(269, 294, 1, 3, '2015-01-01 21:12:57'),
(270, 290, 1, 3, '2015-01-01 21:13:01'),
(271, 296, 1, 3, '2015-01-01 21:13:08'),
(272, 297, 1, 3, '2015-01-01 21:13:10'),
(273, 296, 1, 3, '2015-01-01 21:13:13'),
(274, 298, 1, 3, '2015-01-01 21:13:17'),
(275, 1, 1, 1, '2015-01-01 21:51:48'),
(276, 1, 0, 1, '2015-01-01 21:52:40'),
(277, 8, 0, 1, '2015-01-02 00:01:26'),
(278, 8, 1, 1, '2015-01-02 00:02:21'),
(279, 87, 1, 1, '2015-01-02 00:03:20'),
(280, 88, 1, 1, '2015-01-02 00:03:32'),
(281, 173, 0, 2, '2015-01-02 14:43:21'),
(282, 201, 0, 2, '2015-01-02 14:48:47'),
(283, 202, 1, 2, '2015-01-02 14:50:19'),
(284, 29, 1, 1, '2015-01-02 14:51:08'),
(285, 76, 1, 1, '2015-01-02 14:55:39'),
(286, 204, 0, 2, '2015-01-02 15:34:59'),
(287, 204, 1, 2, '2015-01-02 15:35:51'),
(288, 194, 1, 2, '2015-01-02 15:36:38'),
(289, 194, 1, 2, '2015-01-02 15:37:01'),
(290, 194, 1, 2, '2015-01-02 15:37:08'),
(291, 192, 1, 2, '2015-01-02 15:37:23'),
(292, 197, 1, 2, '2015-01-02 15:37:39'),
(293, 175, 0, 2, '2015-01-02 15:41:04'),
(294, 175, 1, 2, '2015-01-02 15:41:45'),
(295, 214, 1, 2, '2015-01-02 15:42:41'),
(296, 212, 1, 2, '2015-01-02 15:42:59'),
(297, 117, 0, 1, '2015-01-02 15:54:09'),
(298, 117, 1, 1, '2015-01-02 15:55:20'),
(299, 117, 1, 1, '2015-01-02 15:55:37'),
(300, 121, 1, 1, '2015-01-02 15:55:55'),
(301, 91, 1, 1, '2015-01-02 15:56:23'),
(302, 29, 1, 1, '2015-01-02 15:59:13'),
(303, 297, 0, 3, '2015-01-02 16:30:33'),
(304, 297, 1, 3, '2015-01-02 16:31:31'),
(305, 297, 1, 3, '2015-01-02 16:31:53'),
(306, 299, 1, 3, '2015-01-02 16:32:15'),
(307, 290, 0, 3, '2015-01-02 16:35:12'),
(308, 291, 1, 3, '2015-01-02 16:35:59'),
(309, 303, 1, 3, '2015-01-02 16:42:18'),
(310, 302, 1, 3, '2015-01-02 16:42:55'),
(311, 343, 0, 4, '2015-01-02 16:49:35'),
(312, 345, 0, 4, '2015-01-02 16:49:44'),
(313, 370, 0, 4, '2015-01-02 16:52:31'),
(314, 371, 1, 4, '2015-01-02 16:53:16'),
(315, 380, 1, 4, '2015-01-02 16:53:38'),
(316, 400, 0, 4, '2015-01-02 16:57:43'),
(317, 401, 1, 4, '2015-01-02 16:58:33'),
(318, 370, 1, 4, '2015-01-02 17:08:43'),
(319, 371, 1, 4, '2015-01-02 17:08:50'),
(320, 356, 0, 4, '2015-01-02 17:10:12'),
(321, 385, 0, 4, '2015-01-02 17:14:48'),
(322, 387, 1, 4, '2015-01-02 17:15:40'),
(323, 386, 1, 4, '2015-01-02 17:15:57'),
(324, 392, 0, 4, '2015-01-02 17:21:13'),
(325, 394, 1, 4, '2015-01-02 17:21:56'),
(326, 395, 1, 4, '2015-01-02 17:22:23'),
(327, 385, 0, 4, '2015-01-02 17:24:15'),
(328, 357, 0, 4, '2015-01-02 17:27:35'),
(329, 356, 0, 4, '2015-01-02 17:27:38'),
(330, 359, 0, 4, '2015-01-02 17:27:43'),
(331, 359, 1, 4, '2015-01-02 17:28:21'),
(332, 362, 1, 4, '2015-01-02 17:28:36'),
(333, 348, 0, 4, '2015-01-02 17:31:17'),
(334, 348, 1, 4, '2015-01-02 17:31:58'),
(335, 350, 1, 4, '2015-01-02 17:32:32'),
(336, 353, 1, 4, '2015-01-02 17:32:52'),
(337, 373, 0, 4, '2015-01-02 17:36:10'),
(338, 372, 1, 4, '2015-01-02 17:36:58'),
(339, 380, 1, 4, '2015-01-02 17:37:16'),
(340, 212, 0, 2, '2015-01-02 17:40:31'),
(341, 213, 1, 2, '2015-01-02 17:40:56'),
(342, 216, 1, 2, '2015-01-02 17:41:04'),
(343, 376, 0, 4, '2015-01-02 17:46:39'),
(344, 377, 1, 4, '2015-01-02 17:47:48'),
(345, 125, 1, 2, '2015-01-02 19:20:07'),
(346, 174, 1, 2, '2015-01-02 19:20:26'),
(347, 322, 1, 3, '2015-01-02 19:21:34'),
(348, 324, 1, 3, '2015-01-02 19:21:40'),
(349, 273, 1, 3, '2015-01-02 19:21:48'),
(350, 357, 0, 4, '2015-01-02 19:24:45'),
(351, 358, 1, 4, '2015-01-02 19:25:35'),
(352, 393, 0, 4, '2015-01-02 19:30:06'),
(353, 371, 0, 4, '2015-01-02 19:33:16'),
(354, 344, 1, 4, '2015-01-02 19:35:28'),
(355, 386, 1, 4, '2015-01-02 19:35:46'),
(356, 386, 1, 4, '2015-01-02 19:36:22'),
(357, 389, 1, 4, '2015-01-02 19:39:18'),
(358, 372, 1, 4, '2015-01-02 19:40:03'),
(359, 373, 1, 4, '2015-01-02 19:40:33'),
(360, 384, 1, 4, '2015-01-02 19:40:51'),
(361, 343, 1, 4, '2015-01-02 19:41:39'),
(362, 296, 1, 3, '2015-01-02 19:58:41'),
(363, 423, 1, 3, '2015-01-02 19:59:16'),
(364, 343, 1, 4, '2015-01-02 20:02:08'),
(365, 240, 0, 3, '2015-01-02 20:07:01'),
(366, 419, 1, 3, '2015-01-02 20:21:48'),
(367, 273, 1, 3, '2015-01-02 20:24:33'),
(368, 290, 1, 3, '2015-01-02 20:25:22'),
(369, 322, 1, 3, '2015-01-02 20:25:34'),
(370, 246, 1, 3, '2015-01-02 20:28:37'),
(371, 1, 1, 1, '2015-01-17 07:11:45'),
(372, 1, 1, 1, '2015-01-17 08:49:07'),
(373, 1, 1, 1, '2015-01-17 10:38:29'),
(374, 1, 1, 1, '2015-01-17 10:43:59'),
(375, 1, 1, 1, '2015-01-17 10:50:09'),
(376, 1, 1, 1, '2015-01-17 10:58:48'),
(377, 2, 1, 1, '2015-01-17 11:34:17'),
(378, 1, 1, 1, '2015-01-17 11:35:52'),
(379, 1, 1, 1, '2015-01-17 11:36:44'),
(380, 1, 1, 1, '2015-01-17 11:37:44'),
(381, 1, 1, 1, '2015-01-17 11:39:53'),
(382, 1, 1, 1, '2015-01-17 11:40:56'),
(383, 1, 1, 1, '2015-01-17 11:41:27'),
(384, 1, 1, 1, '2015-01-17 11:42:49'),
(385, 1, 1, 1, '2015-01-17 11:44:39'),
(386, 3, 1, 1, '2015-01-17 11:46:46'),
(387, 1, 1, 1, '2015-01-17 11:47:51'),
(388, 1, 1, 1, '2015-01-17 11:49:39'),
(389, 1, 1, 1, '2015-01-17 11:50:28'),
(390, 1, 1, 1, '2015-01-17 11:51:19'),
(391, 1, 1, 1, '2015-01-17 11:53:36'),
(392, 1, 1, 1, '2015-01-17 12:00:52'),
(393, 1, 1, 1, '2015-01-17 12:27:29'),
(394, 1, 1, 1, '2015-01-17 12:29:22'),
(395, 1, 1, 1, '2015-01-17 19:43:58'),
(396, 1, 1, 1, '2015-01-17 19:46:41'),
(397, 1, 1, 1, '2015-01-17 19:49:55'),
(398, 1, 1, 1, '2015-01-17 19:51:47'),
(399, 1, 1, 1, '2015-01-17 19:52:38'),
(400, 1, 1, 1, '2015-01-17 19:53:36'),
(401, 1, 1, 1, '2015-01-17 20:17:12'),
(402, 1, 1, 1, '2015-01-17 20:19:02'),
(403, 1, 1, 1, '2015-01-17 20:20:02'),
(404, 1, 1, 1, '2015-01-17 20:23:22'),
(405, 1, 1, 1, '2015-01-17 20:24:00'),
(406, 1, 1, 1, '2015-01-17 20:25:51'),
(407, 1, 1, 1, '2015-01-17 20:26:35'),
(408, 1, 1, 1, '2015-01-17 20:30:15'),
(409, 1, 1, 1, '2015-01-17 20:31:40'),
(410, 1, 1, 1, '2015-01-17 20:33:47'),
(411, 1, 1, 1, '2015-01-17 20:38:20'),
(412, 1, 1, 1, '2015-01-17 20:42:10'),
(413, 1, 1, 1, '2015-01-17 20:43:51'),
(414, 111, 1, 1, '2015-01-17 20:44:18'),
(415, 111, 1, 1, '2015-01-17 20:46:08'),
(416, 1, 1, 1, '2015-01-17 20:49:24'),
(417, 111, 1, 1, '2015-01-17 20:49:51'),
(418, 111, 1, 1, '2015-01-17 20:50:36'),
(419, 111, 1, 1, '2015-01-17 20:51:52'),
(420, 111, 1, 1, '2015-01-17 20:53:06'),
(421, 111, 1, 1, '2015-01-17 20:56:00'),
(422, 111, 1, 1, '2015-01-17 21:10:45'),
(423, 1, 1, 1, '2015-01-17 21:16:02'),
(424, 111, 1, 1, '2015-01-17 21:16:33'),
(425, 111, 1, 1, '2015-01-17 21:18:01'),
(426, 111, 1, 1, '2015-01-17 21:20:14'),
(427, 1, 1, 1, '2015-01-17 21:21:54'),
(428, 111, 1, 1, '2015-01-17 21:22:12'),
(429, 111, 1, 1, '2015-01-17 21:26:57'),
(430, 111, 1, 1, '2015-01-17 21:28:12'),
(431, 111, 1, 1, '2015-01-17 21:29:24'),
(432, 111, 1, 1, '2015-01-17 21:35:17'),
(433, 111, 1, 1, '2015-01-17 21:38:32'),
(434, 1, 1, 1, '2015-01-17 21:40:18'),
(435, 1, 1, 1, '2015-01-17 21:43:48'),
(436, 111, 1, 1, '2015-01-17 21:44:40'),
(437, 1, 1, 1, '2015-01-17 21:46:34'),
(438, 1, 1, 1, '2015-01-17 21:56:45'),
(439, 1, 1, 1, '2015-01-17 21:59:04'),
(440, 1, 1, 1, '2015-01-17 22:00:58'),
(441, 1, 1, 1, '2015-01-17 22:02:20'),
(442, 1, 1, 1, '2015-01-17 22:03:05'),
(443, 1, 1, 1, '2015-01-17 22:04:07'),
(444, 1, 1, 1, '2015-01-17 22:04:59'),
(445, 1, 1, 1, '2015-01-17 22:06:18'),
(446, 111, 1, 1, '2015-01-17 22:06:37'),
(447, 1, 1, 1, '2015-01-17 22:07:42'),
(448, 111, 1, 1, '2015-01-17 22:07:57'),
(449, 111, 1, 1, '2015-01-17 22:08:05'),
(450, 1, 1, 1, '2015-01-17 22:33:08'),
(451, 1, 1, 1, '2015-01-17 22:34:02'),
(452, 1, 1, 1, '2015-01-17 22:34:39'),
(453, 1, 1, 1, '2015-01-17 22:38:26'),
(454, 1, 1, 1, '2015-01-17 22:39:04'),
(455, 1, 1, 1, '2015-01-17 22:40:29'),
(456, 1, 1, 1, '2015-01-17 22:41:25'),
(457, 1, 1, 1, '2015-01-17 22:54:45'),
(458, 1, 1, 1, '2015-01-17 22:56:35'),
(459, 1, 1, 1, '2015-01-17 23:01:55'),
(460, 1, 1, 1, '2015-01-17 23:03:01'),
(461, 111, 1, 1, '2015-01-17 23:03:22'),
(462, 111, 1, 1, '2015-01-17 23:09:53'),
(463, 111, 1, 1, '2015-01-17 23:11:37'),
(464, 1, 1, 1, '2015-01-17 23:14:59'),
(465, 111, 1, 1, '2015-01-17 23:15:29'),
(466, 1, 1, 1, '2015-01-17 23:19:00'),
(467, 1, 1, 1, '2015-01-17 23:20:14'),
(468, 1, 1, 1, '2015-01-17 23:20:51'),
(469, 111, 1, 1, '2015-01-17 23:21:50'),
(470, 1, 1, 1, '2015-01-17 23:26:28'),
(471, 111, 1, 1, '2015-01-17 23:26:41'),
(472, 2, 3, 1, '2015-01-18 19:19:45'),
(473, 1, 3, 1, '2015-01-18 19:19:49'),
(474, 1, 0, 1, '2015-01-18 19:21:08'),
(475, 1, 0, 1, '2015-01-18 19:23:07'),
(476, 1, 0, 1, '2015-01-18 19:24:10'),
(477, 1, 0, 1, '2015-01-18 19:28:50'),
(478, 1, 0, 1, '2015-01-18 19:30:14'),
(479, 1, 0, 1, '2015-01-18 19:33:10'),
(480, 1, 0, 1, '2015-01-18 19:34:06'),
(481, 1, 0, 1, '2015-01-18 19:36:08'),
(482, 1, 0, 1, '2015-01-18 19:37:31'),
(483, 1, 0, 1, '2015-01-18 19:43:24'),
(484, 1, 0, 1, '2015-01-18 19:45:07'),
(485, 1, 0, 1, '2015-01-18 19:58:23'),
(486, 1, 0, 1, '2015-01-18 20:01:11'),
(487, 1, 0, 1, '2015-01-18 20:04:31'),
(488, 1, 0, 1, '2015-01-18 20:06:19'),
(489, 1, 0, 1, '2015-01-18 20:07:50'),
(490, 1, 0, 1, '2015-01-18 20:10:39'),
(491, 1, 0, 1, '2015-01-18 20:16:30'),
(492, 1, 0, 1, '2015-01-18 20:18:46'),
(493, 1, 0, 1, '2015-01-18 20:19:59'),
(494, 1, 0, 1, '2015-01-18 20:22:57'),
(495, 1, 0, 1, '2015-01-18 20:24:23'),
(496, 1, 0, 1, '2015-01-18 20:28:25'),
(497, 1, 0, 1, '2015-01-18 20:30:47'),
(498, 1, 0, 1, '2015-01-18 20:32:18'),
(499, 1, 0, 1, '2015-01-18 20:34:23'),
(500, 1, 0, 1, '2015-01-18 20:35:20'),
(501, 1, 0, 1, '2015-01-18 20:36:44'),
(502, 1, 0, 1, '2015-01-18 20:37:51'),
(503, 1, 0, 1, '2015-01-18 20:40:09'),
(504, 1, 0, 1, '2015-01-18 20:41:41'),
(505, 1, 0, 1, '2015-01-18 21:04:01'),
(506, 1, 0, 1, '2015-01-18 21:06:40'),
(507, 1, 0, 1, '2015-01-18 21:07:49'),
(508, 111, 0, 1, '2015-01-18 21:08:18'),
(509, 1, 0, 1, '2015-01-18 21:10:03'),
(510, 111, 0, 1, '2015-01-18 21:10:14'),
(511, 1, 0, 1, '2015-01-18 21:13:10'),
(512, 111, 0, 1, '2015-01-18 21:13:23'),
(513, 1, 0, 1, '2015-01-18 21:17:36'),
(514, 111, 0, 1, '2015-01-18 21:17:51'),
(515, 111, 3, 1, '2015-01-18 21:27:27'),
(516, 111, 0, 1, '2015-01-18 21:29:49'),
(517, 111, 0, 1, '2015-01-18 21:32:09'),
(518, 111, 0, 1, '2015-01-18 21:37:26'),
(519, 111, 0, 1, '2015-01-18 21:42:14'),
(520, 111, 0, 1, '2015-01-18 21:43:34'),
(521, 111, 0, 1, '2015-01-18 21:43:52'),
(522, 111, 0, 1, '2015-01-18 21:46:36'),
(523, 111, 0, 1, '2015-01-18 21:47:44'),
(524, 111, 0, 1, '2015-01-18 21:49:47'),
(525, 111, 0, 1, '2015-01-18 21:51:26'),
(526, 111, 0, 1, '2015-01-18 21:54:18'),
(527, 111, 0, 1, '2015-01-19 18:35:19'),
(528, 111, 0, 1, '2015-01-19 18:37:06'),
(529, 111, 0, 1, '2015-01-19 18:38:24'),
(530, 111, 0, 1, '2015-01-19 18:40:40'),
(531, 111, 0, 1, '2015-01-19 19:05:01'),
(532, 111, 0, 1, '2015-01-19 19:07:16'),
(533, 111, 0, 1, '2015-01-19 19:14:08'),
(534, 111, 0, 1, '2015-01-19 19:17:50'),
(535, 111, 0, 1, '2015-01-19 19:19:33'),
(536, 111, 0, 1, '2015-01-19 19:21:10'),
(537, 111, 0, 1, '2015-01-19 19:25:03'),
(538, 111, 0, 1, '2015-01-19 19:30:18'),
(539, 111, 0, 1, '2015-01-19 19:42:25'),
(540, 111, 0, 1, '2015-01-19 19:44:03'),
(541, 111, 0, 1, '2015-01-19 20:01:54'),
(542, 111, 0, 1, '2015-01-19 20:08:30'),
(543, 1, 0, 1, '2015-01-19 20:08:59'),
(544, 1, 0, 1, '2015-01-19 20:11:16'),
(545, 1, 0, 1, '2015-01-19 20:13:21'),
(546, 1, 0, 1, '2015-01-19 20:14:48'),
(547, 1, 0, 1, '2015-01-19 20:16:25'),
(548, 1, 0, 1, '2015-01-19 20:17:22'),
(549, 1, 0, 1, '2015-01-19 20:18:38'),
(550, 1, 0, 1, '2015-01-19 20:20:04'),
(551, 1, 0, 1, '2015-01-19 20:22:40'),
(552, 1, 0, 1, '2015-01-19 20:26:00'),
(553, 111, 0, 1, '2015-01-19 20:48:50'),
(554, 1, 0, 1, '2015-01-19 21:23:01'),
(555, 1, 1, 1, '2015-01-19 21:24:50'),
(556, 1, 0, 1, '2015-01-19 21:25:21'),
(557, 1, 0, 1, '2015-01-19 21:26:38'),
(558, 1, 0, 1, '2015-01-19 21:29:30'),
(559, 1, 0, 1, '2015-01-19 21:30:45'),
(560, 1, 0, 1, '2015-01-19 21:32:33'),
(561, 1, 0, 1, '2015-01-19 21:39:20'),
(562, 1, 0, 1, '2015-01-19 21:56:36'),
(563, 1, 0, 1, '2015-01-19 21:57:56'),
(564, 1, 1, 1, '2015-01-19 21:58:39'),
(565, 1, 0, 1, '2015-01-19 21:59:53'),
(566, 1, 1, 1, '2015-01-19 22:00:16'),
(567, 1, 1, 1, '2015-01-19 22:03:48'),
(568, 1, 1, 1, '2015-01-19 22:04:40'),
(569, 1, 1, 1, '2015-01-19 22:06:24'),
(570, 1, 1, 1, '2015-01-19 22:07:43'),
(571, 1, 1, 1, '2015-01-19 22:11:27'),
(572, 1, 1, 1, '2015-01-19 22:14:18'),
(573, 1, 1, 1, '2015-01-19 22:15:44'),
(574, 1, 1, 1, '2015-01-19 22:19:30'),
(575, 1, 1, 1, '2015-01-19 22:21:58'),
(576, 1, 1, 1, '2015-01-19 22:23:05'),
(577, 1, 1, 1, '2015-01-19 22:23:34'),
(578, 1, 1, 1, '2015-01-19 22:26:00'),
(579, 1, 1, 1, '2015-01-19 22:27:09'),
(580, 1, 1, 1, '2015-01-19 22:27:30'),
(581, 1, 1, 1, '2015-01-19 22:29:29'),
(582, 1, 0, 1, '2015-01-20 17:54:48'),
(583, 111, 1, 1, '2015-01-20 17:55:45'),
(584, 1, 0, 1, '2015-01-20 17:57:22'),
(585, 1, 0, 1, '2015-01-20 18:00:45'),
(586, 1, 0, 1, '2015-01-20 18:01:41'),
(587, 1, 1, 1, '2015-01-20 18:02:11'),
(588, 2, 1, 1, '2015-01-20 18:08:32'),
(589, 1, 0, 1, '2015-01-20 18:13:30'),
(590, 1, 1, 1, '2015-01-20 18:14:45'),
(591, 2, 1, 1, '2015-01-20 18:15:24'),
(592, 1, 1, 1, '2015-01-20 18:15:26'),
(593, 111, 0, 1, '2015-01-20 18:18:04'),
(594, 111, 0, 1, '2015-01-20 18:24:44'),
(595, 109, 1, 1, '2015-01-20 18:25:24'),
(596, 111, 1, 1, '2015-01-20 18:25:28'),
(597, 110, 1, 1, '2015-01-20 18:26:43'),
(598, 111, 1, 1, '2015-01-20 18:26:46'),
(599, 111, 0, 1, '2015-01-20 18:29:37'),
(600, 110, 1, 1, '2015-01-20 18:30:02'),
(601, 111, 1, 1, '2015-01-20 18:30:04'),
(602, 110, 1, 1, '2015-01-20 18:30:54'),
(603, 111, 1, 1, '2015-01-20 18:30:56'),
(604, 111, 0, 1, '2015-01-20 18:32:19'),
(605, 110, 1, 1, '2015-01-20 18:32:57'),
(606, 111, 1, 1, '2015-01-20 18:32:59'),
(607, 111, 0, 1, '2015-01-20 18:35:34'),
(608, 110, 1, 1, '2015-01-20 18:36:01'),
(609, 111, 1, 1, '2015-01-20 18:36:03'),
(610, 110, 1, 1, '2015-01-20 18:36:33'),
(611, 111, 1, 1, '2015-01-20 18:36:36'),
(612, 110, 1, 1, '2015-01-20 18:36:46'),
(613, 111, 1, 1, '2015-01-20 18:36:48'),
(614, 1, 0, 1, '2015-01-20 18:45:25'),
(615, 1, 1, 1, '2015-01-20 18:46:20'),
(616, 1, 1, 1, '2015-01-20 18:46:36'),
(617, 1, 0, 1, '2015-01-20 19:20:11'),
(618, 1, 0, 1, '2015-01-20 19:35:24'),
(619, 1, 0, 1, '2015-01-20 19:48:59'),
(620, 1, 0, 1, '2015-01-20 19:49:23'),
(621, 1, 0, 1, '2015-01-20 19:52:04'),
(622, 1, 0, 1, '2015-01-20 19:52:20'),
(623, 1, 0, 1, '2015-01-20 19:53:51'),
(624, 2, 1, 1, '2015-01-20 19:54:17'),
(625, 1, 1, 1, '2015-01-20 19:54:20'),
(626, 1, 0, 1, '2015-01-20 19:57:55'),
(627, 2, 1, 1, '2015-01-20 19:58:31'),
(628, 1, 1, 1, '2015-01-20 19:58:33'),
(629, 1, 0, 1, '2015-01-20 20:00:27'),
(630, 1, 0, 1, '2015-01-20 20:04:57'),
(631, 1, 1, 1, '2015-01-20 20:05:38'),
(632, 1, 0, 1, '2015-01-20 20:09:43'),
(633, 1, 0, 1, '2015-01-20 20:16:20'),
(634, 1, 1, 1, '2015-01-20 20:17:19'),
(635, 1, 0, 1, '2015-01-20 20:20:00'),
(636, 1, 1, 1, '2015-01-20 20:20:19'),
(637, 1, 1, 1, '2015-01-20 20:20:29'),
(638, 1, 1, 1, '2015-01-20 20:21:44'),
(639, 1, 1, 1, '2015-01-20 20:22:19'),
(640, 1, 0, 1, '2015-01-20 20:29:02'),
(641, 1, 1, 1, '2015-01-20 20:29:27'),
(642, 1, 1, 1, '2015-01-20 20:29:38'),
(643, 1, 1, 1, '2015-01-20 20:29:53'),
(644, 1, 0, 1, '2015-01-20 20:32:12'),
(645, 1, 1, 1, '2015-01-20 20:32:40'),
(646, 1, 0, 1, '2015-01-20 20:36:04'),
(647, 1, 1, 1, '2015-01-20 20:36:47'),
(648, 1, 0, 1, '2015-01-20 20:38:23'),
(649, 1, 1, 1, '2015-01-20 20:38:58'),
(650, 1, 1, 1, '2015-01-20 20:39:10'),
(651, 111, 1, 1, '2015-01-20 20:39:41'),
(652, 110, 1, 1, '2015-01-20 20:40:03'),
(653, 111, 1, 1, '2015-01-20 20:40:05'),
(654, 110, 1, 1, '2015-01-20 20:40:17'),
(655, 111, 1, 1, '2015-01-20 20:40:20'),
(656, 1, 1, 1, '2015-01-20 20:40:39'),
(657, 111, 1, 1, '2015-01-20 20:40:53'),
(658, 1, 0, 1, '2015-01-20 21:59:02'),
(659, 111, 1, 1, '2015-01-20 21:59:37'),
(660, 28, 1, 1, '2015-01-20 22:01:53'),
(661, 1, 1, 1, '2015-01-20 22:47:56'),
(662, 31, 1, 1, '2015-01-20 23:07:54'),
(663, 1, 0, 1, '2015-01-22 02:05:07'),
(664, 111, 1, 1, '2015-01-22 02:05:29'),
(665, 1, 1, 1, '2015-01-22 02:05:50'),
(666, 1, 0, 1, '2015-01-22 02:24:17'),
(667, 75, 1, 1, '2015-01-22 02:24:49'),
(668, 1, 0, 1, '2015-01-22 17:06:57'),
(669, 1, 0, 1, '2015-01-22 17:19:41'),
(670, 111, 1, 1, '2015-01-22 17:20:15'),
(671, 1, 0, 1, '2015-01-22 17:22:25'),
(672, 102, 1, 1, '2015-01-22 17:22:57'),
(673, 111, 1, 1, '2015-01-22 17:23:02'),
(674, 1, 0, 1, '2015-01-22 17:30:12'),
(675, 111, 1, 1, '2015-01-22 17:31:07'),
(676, 1, 1, 1, '2015-01-22 17:35:31'),
(677, 111, 1, 1, '2015-01-22 17:39:31'),
(678, 1, 1, 1, '2015-01-23 09:36:08'),
(679, 76, 1, 1, '2015-01-23 09:36:39'),
(680, 111, 0, 1, '2015-01-24 13:26:39'),
(681, 1, 0, 1, '2015-01-24 13:33:29'),
(682, 1, 0, 1, '2015-01-24 13:37:17'),
(683, 111, 1, 1, '2015-01-24 13:37:49'),
(684, 48, 1, 1, '2015-01-25 15:17:26'),
(685, 48, 1, 1, '2015-01-25 15:20:00'),
(686, 48, 1, 1, '2015-01-25 15:21:41'),
(687, 48, 1, 1, '2015-01-25 15:27:17'),
(688, 48, 1, 1, '2015-01-25 15:45:22'),
(689, 48, 1, 1, '2015-01-25 17:04:02'),
(690, 111, 1, 1, '2015-01-25 17:04:17'),
(691, 1, 1, 1, '2015-01-25 17:05:33'),
(692, 1, 1, 1, '2015-01-25 17:08:25'),
(693, 1, 1, 1, '2015-01-25 17:09:21'),
(694, 48, 1, 1, '2015-01-25 17:09:30'),
(695, 48, 1, 1, '2015-01-25 17:10:50'),
(696, 1, 1, 1, '2015-01-25 17:12:49'),
(697, 48, 1, 1, '2015-01-25 17:13:00'),
(698, 28, 0, 1, '2015-01-25 19:43:32'),
(699, 41, 1, 1, '2015-01-25 19:43:59'),
(700, 108, 1, 1, '2015-01-25 19:57:25'),
(701, 120, 1, 1, '2015-01-26 17:30:42'),
(702, 120, 1, 1, '2015-01-26 17:31:35'),
(703, 120, 1, 1, '2015-01-26 17:31:58'),
(704, 121, 1, 1, '2015-01-26 17:33:24'),
(705, 87, 1, 1, '2015-01-26 17:33:31'),
(706, 1, 1, 1, '2015-01-26 17:34:33'),
(707, 1, 1, 1, '2015-01-26 17:40:10'),
(708, 1, 1, 1, '2015-01-26 18:25:27'),
(709, 120, 1, 1, '2015-01-26 18:26:50'),
(710, 1, 1, 1, '2015-01-26 20:48:28'),
(711, 124, 1, 2, '2015-01-26 20:49:35'),
(712, 129, 1, 2, '2015-01-26 20:49:42'),
(713, 1, 1, 1, '2015-01-29 23:32:13'),
(714, 1, 1, 1, '2015-02-16 03:46:51'),
(715, 1, 1, 1, '2015-02-16 03:47:12'),
(716, 1, 1, 1, '2015-02-16 03:47:24'),
(717, 75, 1, 1, '2015-02-16 03:50:46'),
(718, 76, 1, 1, '2015-02-16 03:50:48'),
(719, 77, 1, 1, '2015-02-16 03:50:52'),
(720, 1, 1, 1, '2015-02-16 05:21:11'),
(721, 1, 1, 1, '2015-02-16 05:22:04'),
(722, 124, 1, 2, '2015-02-16 05:26:42'),
(723, 1, 1, 1, '2015-02-16 05:31:16'),
(724, 1, 1, 1, '2015-02-16 05:33:21'),
(725, 4, 1, 1, '2015-02-16 05:40:12'),
(726, 1, 1, 1, '2015-02-16 06:06:26'),
(727, 1, 1, 1, '2015-02-16 06:07:49'),
(728, 1, 1, 1, '2015-02-16 06:33:17'),
(729, 1, 1, 1, '2015-02-16 08:34:01'),
(730, 1, 1, 1, '2015-02-16 08:39:25'),
(731, 1, 1, 1, '2015-02-16 08:53:30'),
(732, 8, 1, 1, '2015-02-23 08:42:34'),
(733, 1, 0, 1, '2015-03-30 13:10:05'),
(734, 120, 0, 1, '2015-04-24 17:49:54'),
(735, 120, 0, 1, '2015-04-24 17:59:45'),
(736, 120, 0, 1, '2015-04-24 18:01:28'),
(737, 120, 0, 1, '2015-04-24 18:14:10'),
(738, 8, 0, 1, '2015-06-24 06:20:38'),
(739, 1, 1, 1, '2015-06-24 16:19:00'),
(740, 1, 1, 1, '2015-06-24 16:30:50'),
(741, 1, 1, 1, '2015-06-24 19:16:58'),
(742, 1, 0, 1, '2015-09-01 06:43:36'),
(743, 124, 0, 2, '2016-05-18 16:31:16'),
(744, 1, 0, 1, '2016-05-23 18:19:24'),
(745, 1, 0, 1, '2016-05-23 18:22:35'),
(746, 1, 0, 1, '2016-05-23 18:36:07'),
(747, 1, 0, 1, '2016-05-24 05:34:38'),
(748, 8, 0, 1, '2016-05-24 05:43:52'),
(749, 1, 0, 1, '2016-05-24 05:48:33'),
(750, 1, 0, 1, '2016-05-24 05:50:11'),
(751, 1, 0, 1, '2016-05-24 07:48:15'),
(752, 1, 0, 1, '2016-05-24 07:52:37'),
(753, 1, 0, 1, '2016-05-24 08:02:13'),
(754, 1, 0, 1, '2016-05-24 08:03:00'),
(755, 1, 0, 1, '2016-05-24 08:09:17'),
(756, 1, 0, 1, '2016-05-24 08:10:25'),
(757, 1, 0, 1, '2016-05-24 08:13:21'),
(758, 1, 0, 1, '2016-05-24 08:14:21'),
(759, 1, 0, 1, '2016-05-24 08:18:58'),
(760, 1, 0, 1, '2016-05-24 08:20:09'),
(761, 1, 0, 1, '2016-05-24 08:21:04'),
(762, 1, 0, 1, '2016-05-24 08:24:29'),
(763, 1, 0, 1, '2016-05-24 08:25:26'),
(764, 1, 0, 1, '2016-05-24 08:26:04'),
(765, 1, 0, 1, '2016-05-24 08:28:09'),
(766, 1, 0, 1, '2016-05-24 15:36:29'),
(767, 1, 0, 1, '2016-05-24 16:33:07'),
(768, 1, 0, 1, '2016-05-24 17:07:35'),
(769, 1, 0, 1, '2016-05-24 17:08:40'),
(770, 1, 0, 1, '2016-05-24 17:28:00'),
(771, 1, 0, 1, '2016-05-24 17:33:49'),
(772, 1, 0, 1, '2016-05-24 17:54:13'),
(773, 1, 0, 1, '2016-05-24 17:55:55'),
(774, 1, 0, 1, '2016-05-24 17:59:25'),
(775, 1, 0, 1, '2016-05-24 18:07:32'),
(776, 1, 0, 1, '2016-05-24 18:11:04'),
(777, 1, 0, 1, '2016-05-24 18:17:15'),
(778, 1, 0, 1, '2016-05-24 18:25:22'),
(779, 1, 0, 1, '2016-05-24 18:33:44'),
(780, 1, 0, 1, '2016-05-24 18:39:05'),
(781, 1, 0, 1, '2016-05-24 18:45:21'),
(782, 1, 0, 1, '2016-05-24 21:06:40'),
(783, 1, 0, 1, '2016-05-24 21:07:29'),
(784, 1, 0, 1, '2016-05-26 16:10:04'),
(785, 1, 0, 1, '2016-05-26 16:26:01'),
(786, 1, 0, 1, '2016-05-26 16:26:52'),
(787, 1, 0, 1, '2016-05-26 16:27:31'),
(788, 1, 0, 1, '2016-05-26 16:28:44'),
(789, 1, 0, 1, '2016-05-26 16:35:45'),
(790, 1, 0, 1, '2016-05-26 16:37:19'),
(791, 1, 0, 1, '2016-05-26 16:44:13'),
(792, 1, 0, 1, '2016-05-26 16:49:20'),
(793, 1, 0, 1, '2016-05-26 16:52:20'),
(794, 1, 0, 1, '2016-05-26 16:53:19'),
(795, 1, 0, 1, '2016-05-26 16:54:44'),
(796, 1, 0, 1, '2016-05-26 16:57:05'),
(797, 1, 0, 1, '2016-05-26 16:58:03'),
(798, 1, 0, 1, '2016-05-26 17:02:31'),
(799, 1, 0, 1, '2016-05-26 18:06:12'),
(800, 1, 0, 1, '2016-05-26 18:08:07'),
(801, 1, 0, 1, '2016-05-26 18:41:00'),
(802, 1, 0, 1, '2016-05-26 20:28:41'),
(803, 1, 0, 1, '2016-05-26 20:29:02'),
(804, 1, 0, 1, '2016-05-26 20:46:07'),
(805, 1, 0, 1, '2016-05-26 20:50:52'),
(806, 1, 0, 1, '2016-05-26 20:53:50'),
(807, 1, 0, 1, '2016-05-27 18:05:57'),
(808, 1, 0, 1, '2016-05-27 18:07:47'),
(809, 1, 0, 1, '2016-05-27 18:16:19'),
(810, 1, 0, 1, '2016-05-27 18:17:02'),
(811, 1, 0, 1, '2016-05-27 18:44:39'),
(812, 1, 0, 1, '2016-05-27 18:45:28'),
(813, 1, 0, 1, '2016-05-27 18:53:51'),
(814, 1, 0, 1, '2016-05-27 19:07:57'),
(815, 1, 0, 1, '2016-05-27 19:31:23'),
(816, 1, 0, 1, '2016-05-27 19:34:28'),
(817, 1, 0, 1, '2016-05-27 19:36:37'),
(818, 1, 0, 1, '2016-05-27 19:38:23'),
(819, 1, 0, 1, '2016-05-27 19:40:10'),
(820, 1, 0, 1, '2016-05-27 19:43:35'),
(821, 1, 0, 1, '2016-05-27 19:44:52'),
(822, 1, 0, 1, '2016-05-27 19:47:38'),
(823, 1, 0, 1, '2016-05-27 19:49:52'),
(824, 1, 0, 1, '2016-05-27 19:51:21'),
(825, 1, 0, 1, '2016-05-27 19:51:53'),
(826, 1, 0, 1, '2016-05-27 19:53:17'),
(827, 1, 0, 1, '2016-05-27 19:53:59'),
(828, 1, 0, 1, '2016-05-27 19:55:59'),
(829, 1, 0, 1, '2016-05-27 19:56:59'),
(830, 1, 0, 1, '2016-05-27 19:57:30'),
(831, 1, 0, 1, '2016-05-27 19:59:52'),
(832, 1, 0, 1, '2016-05-27 20:00:34'),
(833, 1, 0, 1, '2016-05-27 20:03:21'),
(834, 1, 0, 1, '2016-05-27 20:04:16'),
(835, 1, 0, 1, '2016-05-27 20:05:11'),
(836, 1, 0, 1, '2016-05-27 20:08:46'),
(837, 1, 0, 1, '2016-05-27 20:09:55'),
(838, 1, 0, 1, '2016-05-27 20:12:22'),
(839, 1, 0, 1, '2016-05-27 20:14:26'),
(840, 1, 0, 1, '2016-05-27 20:41:48'),
(841, 1, 0, 1, '2016-05-27 20:46:40'),
(842, 1, 0, 1, '2016-05-27 20:48:25'),
(843, 1, 0, 1, '2016-05-27 20:49:16'),
(844, 1, 0, 1, '2016-05-27 20:50:13'),
(845, 1, 0, 1, '2016-05-27 20:50:38'),
(846, 1, 0, 1, '2016-05-27 20:51:23'),
(847, 1, 0, 1, '2016-05-27 20:52:11'),
(848, 1, 0, 1, '2016-05-27 20:52:55'),
(849, 1, 0, 1, '2016-05-27 20:55:37'),
(850, 1, 0, 1, '2016-05-27 20:57:53'),
(851, 1, 0, 1, '2016-05-27 20:59:37'),
(852, 1, 0, 1, '2016-05-27 21:00:14'),
(853, 1, 0, 1, '2016-05-27 21:01:16'),
(854, 1, 0, 1, '2016-05-27 21:07:37'),
(855, 1, 0, 1, '2016-05-27 21:10:52'),
(856, 1, 0, 1, '2016-05-27 21:12:07'),
(857, 1, 0, 1, '2016-05-27 21:13:48'),
(858, 1, 0, 1, '2016-05-27 21:22:41'),
(859, 1, 0, 1, '2016-05-27 21:24:58'),
(860, 1, 0, 1, '2016-05-27 21:27:16'),
(861, 1, 0, 1, '2016-05-27 22:02:31'),
(862, 1, 0, 1, '2016-05-27 22:09:00'),
(863, 1, 0, 1, '2016-05-27 22:10:06'),
(864, 1, 0, 1, '2016-05-27 22:10:24'),
(865, 1, 0, 1, '2016-05-27 22:11:22'),
(866, 1, 0, 1, '2016-05-27 22:11:47'),
(867, 1, 0, 1, '2016-05-27 22:14:58'),
(868, 1, 0, 1, '2016-05-28 15:19:40'),
(869, 1, 0, 1, '2016-05-28 15:41:22'),
(870, 1, 0, 1, '2016-05-28 15:41:54'),
(871, 1, 0, 1, '2016-05-28 15:42:21'),
(872, 1, 0, 1, '2016-05-28 15:52:10'),
(873, 1, 0, 1, '2016-05-28 15:52:31'),
(874, 1, 0, 1, '2016-05-28 15:53:04'),
(875, 1, 0, 1, '2016-05-28 15:55:34'),
(876, 1, 0, 1, '2016-05-28 15:58:24'),
(877, 1, 0, 1, '2016-05-28 16:00:16'),
(878, 1, 0, 1, '2016-05-28 16:16:22'),
(879, 1, 0, 1, '2016-05-28 16:17:45'),
(880, 1, 0, 1, '2016-05-28 16:20:30'),
(881, 1, 0, 1, '2016-05-28 16:22:32'),
(882, 1, 0, 1, '2016-05-28 16:25:41'),
(883, 1, 0, 1, '2016-05-28 16:33:16'),
(884, 1, 0, 1, '2016-05-28 16:46:15'),
(885, 1, 0, 1, '2016-05-28 16:47:39'),
(886, 1, 0, 1, '2016-05-28 16:57:52'),
(887, 1, 0, 1, '2016-05-28 17:05:28'),
(888, 1, 0, 1, '2016-05-28 17:06:31'),
(889, 1, 0, 1, '2016-05-28 17:07:12'),
(890, 1, 0, 1, '2016-05-28 17:07:50'),
(891, 1, 0, 1, '2016-05-28 17:08:28'),
(892, 1, 0, 1, '2016-05-28 17:11:40'),
(893, 1, 0, 1, '2016-05-28 17:22:56'),
(894, 1, 0, 1, '2016-05-28 17:25:06'),
(895, 1, 0, 1, '2016-05-28 17:29:38'),
(896, 1, 0, 1, '2016-05-28 17:31:16'),
(897, 1, 0, 1, '2016-05-28 17:34:46'),
(898, 1, 0, 1, '2016-05-28 17:36:26'),
(899, 1, 0, 1, '2016-05-28 17:38:12'),
(900, 1, 0, 1, '2016-05-28 17:39:39'),
(901, 1, 0, 1, '2016-05-28 17:40:12'),
(902, 1, 0, 1, '2016-05-28 17:40:45'),
(903, 1, 0, 1, '2016-05-28 17:41:34'),
(904, 1, 0, 1, '2016-05-28 17:41:59'),
(905, 1, 0, 1, '2016-05-28 17:49:37'),
(906, 1, 0, 1, '2016-05-28 18:01:56'),
(907, 1, 0, 1, '2016-05-28 18:04:39'),
(908, 1, 0, 1, '2016-05-28 18:05:19'),
(909, 1, 0, 1, '2016-05-28 18:06:16'),
(910, 1, 0, 1, '2016-05-28 18:07:18'),
(911, 1, 0, 1, '2016-05-28 18:08:26'),
(912, 1, 0, 1, '2016-05-28 18:13:32'),
(913, 1, 0, 1, '2016-05-28 18:14:10'),
(914, 1, 0, 1, '2016-05-28 18:15:20'),
(915, 1, 0, 1, '2016-05-28 18:16:26'),
(916, 1, 0, 1, '2016-05-28 18:17:25'),
(917, 1, 0, 1, '2016-05-28 18:19:04'),
(918, 1, 0, 1, '2016-05-28 18:20:04'),
(919, 1, 0, 1, '2016-05-28 18:32:52'),
(920, 1, 0, 1, '2016-05-28 18:33:37'),
(921, 1, 0, 1, '2016-05-28 18:34:32'),
(922, 1, 0, 1, '2016-05-28 18:36:12'),
(923, 1, 0, 1, '2016-05-28 18:38:58'),
(924, 1, 0, 1, '2016-05-29 07:49:23'),
(925, 1, 0, 1, '2016-05-29 07:49:51'),
(926, 1, 0, 1, '2016-05-29 07:51:42'),
(927, 1, 0, 1, '2016-05-29 07:53:07'),
(928, 1, 0, 1, '2016-05-29 07:57:00'),
(929, 1, 0, 1, '2016-05-29 07:57:14'),
(930, 1, 0, 1, '2016-05-29 08:00:19'),
(931, 1, 0, 1, '2016-05-29 08:01:31'),
(932, 1, 0, 1, '2016-05-29 08:07:39'),
(933, 1, 0, 1, '2016-05-29 08:26:26'),
(934, 1, 0, 1, '2016-05-29 08:28:46'),
(935, 1, 0, 1, '2016-05-29 08:30:34'),
(936, 1, 0, 1, '2016-05-29 10:45:45'),
(937, 1, 0, 1, '2016-05-29 10:52:36'),
(938, 1, 0, 1, '2016-05-29 10:58:30'),
(939, 1, 0, 1, '2016-05-29 11:15:38'),
(940, 1, 0, 1, '2016-05-29 11:17:49'),
(941, 1, 0, 1, '2016-05-29 11:18:14'),
(942, 1, 0, 1, '2016-05-29 11:19:07'),
(943, 1, 0, 1, '2016-05-29 11:25:29'),
(944, 1, 0, 1, '2016-05-29 11:27:04'),
(945, 1, 0, 1, '2016-05-29 11:33:21'),
(946, 1, 0, 1, '2016-05-29 11:34:44'),
(947, 1, 0, 1, '2016-05-29 11:35:21'),
(948, 1, 0, 1, '2016-05-29 11:37:44'),
(949, 1, 0, 1, '2016-05-29 11:46:56'),
(950, 1, 0, 1, '2016-05-29 11:49:40'),
(951, 1, 0, 1, '2016-05-29 11:51:46'),
(952, 1, 0, 1, '2016-05-29 11:56:33'),
(953, 1, 0, 1, '2016-05-29 11:59:24'),
(954, 1, 0, 1, '2016-05-29 12:02:51'),
(955, 1, 0, 1, '2016-05-29 12:03:48'),
(956, 1, 0, 1, '2016-05-29 12:05:37'),
(957, 1, 0, 1, '2016-05-29 15:40:05'),
(958, 1, 0, 1, '2016-05-29 15:40:37'),
(959, 1, 0, 1, '2016-05-29 15:43:36'),
(960, 1, 0, 1, '2016-05-29 15:44:56'),
(961, 1, 0, 1, '2016-05-29 15:46:16'),
(962, 1, 0, 1, '2016-05-29 15:46:52'),
(963, 1, 0, 1, '2016-05-29 15:47:47'),
(964, 1, 0, 1, '2016-05-29 15:48:16'),
(965, 1, 0, 1, '2016-05-29 15:48:40'),
(966, 1, 0, 1, '2016-05-29 15:49:14'),
(967, 1, 0, 1, '2016-05-29 15:49:38'),
(968, 1, 0, 1, '2016-05-29 15:50:06'),
(969, 1, 0, 1, '2016-05-29 15:51:48'),
(970, 1, 0, 1, '2016-05-29 16:02:43'),
(971, 1, 0, 1, '2016-05-29 16:04:48'),
(972, 1, 0, 1, '2016-05-29 17:18:26'),
(973, 1, 0, 1, '2016-05-29 17:20:02'),
(974, 1, 0, 1, '2016-05-29 17:24:46'),
(975, 1, 0, 1, '2016-05-29 17:35:53'),
(976, 1, 0, 1, '2016-05-29 17:39:04'),
(977, 1, 0, 1, '2016-05-29 17:41:57'),
(978, 1, 0, 1, '2016-05-29 17:42:57'),
(979, 1, 0, 1, '2016-05-29 17:44:15'),
(980, 1, 0, 1, '2016-05-29 17:45:09'),
(981, 1, 0, 1, '2016-05-29 17:47:24'),
(982, 1, 0, 1, '2016-05-29 17:49:26'),
(983, 1, 0, 1, '2016-05-29 18:01:26'),
(984, 1, 0, 1, '2016-05-29 18:04:31'),
(985, 1, 0, 1, '2016-05-29 18:04:57'),
(986, 1, 0, 1, '2016-05-29 18:08:43'),
(987, 1, 0, 1, '2016-05-29 18:13:03'),
(988, 1, 0, 1, '2016-05-29 18:19:58'),
(989, 1, 0, 1, '2016-05-29 18:20:53'),
(990, 1, 0, 1, '2016-05-29 18:37:03'),
(991, 1, 0, 1, '2016-05-29 18:41:02'),
(992, 1, 0, 1, '2016-05-29 18:42:59'),
(993, 1, 0, 1, '2016-05-29 18:46:35'),
(994, 1, 0, 1, '2016-05-29 18:47:47'),
(995, 1, 0, 1, '2016-05-29 20:00:08'),
(996, 1, 0, 1, '2016-05-29 20:02:23'),
(997, 1, 0, 1, '2016-05-29 20:05:31'),
(998, 1, 0, 1, '2016-05-29 20:06:56'),
(999, 1, 0, 1, '2016-05-29 20:07:44'),
(1000, 1, 0, 1, '2016-05-29 20:09:32'),
(1001, 1, 0, 1, '2016-05-30 07:12:20'),
(1002, 1, 0, 1, '2016-05-30 07:13:10'),
(1003, 1, 0, 1, '2016-05-30 07:14:14'),
(1004, 1, 0, 1, '2016-05-30 08:29:49'),
(1005, 1, 0, 1, '2016-05-30 08:56:14'),
(1006, 1, 0, 1, '2016-05-30 09:07:47'),
(1007, 1, 0, 1, '2016-05-30 09:20:48'),
(1008, 1, 0, 1, '2016-05-30 09:37:12'),
(1009, 1, 0, 1, '2016-05-30 09:37:31'),
(1010, 1, 0, 1, '2016-05-30 09:43:53'),
(1011, 1, 0, 1, '2016-05-30 09:48:26'),
(1012, 1, 0, 1, '2016-05-30 09:52:40'),
(1013, 1, 0, 1, '2016-05-30 09:54:02'),
(1014, 1, 0, 1, '2016-05-30 15:34:13'),
(1015, 1, 0, 1, '2016-05-30 15:36:03'),
(1016, 1, 0, 1, '2016-05-30 15:37:09'),
(1017, 1, 0, 1, '2016-05-30 15:39:22'),
(1018, 1, 0, 1, '2016-05-30 15:40:45'),
(1019, 1, 0, 1, '2016-05-30 15:41:45'),
(1020, 1, 0, 1, '2016-05-30 15:42:17'),
(1021, 1, 0, 1, '2016-05-30 15:51:51'),
(1022, 1, 0, 1, '2016-05-30 15:56:00'),
(1023, 1, 0, 1, '2016-05-30 16:28:35'),
(1024, 1, 0, 1, '2016-05-30 16:35:16'),
(1025, 1, 0, 1, '2016-05-30 16:38:16'),
(1026, 1, 0, 1, '2016-05-30 16:48:07'),
(1027, 1, 0, 1, '2016-05-30 16:49:11'),
(1028, 1, 0, 1, '2016-05-30 16:50:43'),
(1029, 1, 0, 1, '2016-05-30 16:52:14'),
(1030, 1, 0, 1, '2016-05-30 16:53:23'),
(1031, 1, 0, 1, '2016-05-30 16:56:54'),
(1032, 1, 0, 1, '2016-05-30 17:39:34'),
(1033, 1, 0, 1, '2016-05-30 17:41:34'),
(1034, 1, 0, 1, '2016-05-30 17:43:07'),
(1035, 1, 0, 1, '2016-05-30 17:49:22'),
(1036, 1, 0, 1, '2016-05-30 17:50:02'),
(1037, 1, 0, 1, '2016-05-30 17:52:47'),
(1038, 1, 0, 1, '2016-05-30 18:01:15'),
(1039, 1, 0, 1, '2016-05-30 18:03:09'),
(1040, 1, 0, 1, '2016-05-30 18:51:07'),
(1041, 1, 0, 1, '2016-05-30 18:52:05'),
(1042, 1, 0, 1, '2016-05-30 18:52:47'),
(1043, 1, 0, 1, '2016-05-30 18:54:01'),
(1044, 1, 0, 1, '2016-05-30 18:55:00'),
(1045, 1, 0, 1, '2016-05-30 18:58:40'),
(1046, 1, 0, 1, '2016-05-30 18:59:07'),
(1047, 1, 0, 1, '2016-05-30 18:59:42'),
(1048, 1, 0, 1, '2016-05-30 19:00:55'),
(1049, 2, 0, 1, '2016-05-30 19:03:45'),
(1050, 1, 0, 1, '2016-05-30 19:10:59'),
(1051, 1, 0, 1, '2016-05-30 19:18:17'),
(1052, 1, 0, 1, '2016-05-30 19:21:49'),
(1053, 1, 0, 1, '2016-05-30 20:37:40'),
(1054, 1, 0, 1, '2016-05-31 17:01:17'),
(1055, 1, 0, 1, '2016-05-31 17:17:59'),
(1056, 1, 0, 1, '2016-05-31 17:19:04'),
(1057, 1, 0, 1, '2016-05-31 17:20:40'),
(1058, 1, 0, 1, '2016-05-31 17:22:21'),
(1059, 1, 0, 1, '2016-05-31 17:25:02'),
(1060, 1, 0, 1, '2016-05-31 17:47:14'),
(1061, 1, 0, 1, '2016-05-31 17:48:46'),
(1062, 1, 0, 1, '2016-05-31 18:33:14'),
(1063, 1, 0, 1, '2016-05-31 18:33:53'),
(1064, 1, 0, 1, '2016-05-31 18:35:47'),
(1065, 1, 0, 1, '2016-05-31 18:36:48'),
(1066, 1, 0, 1, '2016-05-31 18:38:05'),
(1067, 1, 0, 1, '2016-05-31 19:18:28'),
(1068, 1, 0, 1, '2016-05-31 19:21:28'),
(1069, 1, 0, 1, '2016-05-31 19:21:59'),
(1070, 1, 0, 1, '2016-05-31 19:23:56'),
(1071, 1, 0, 1, '2016-05-31 19:25:02'),
(1072, 1, 0, 1, '2016-05-31 19:26:13'),
(1073, 1, 0, 1, '2016-05-31 19:27:40'),
(1074, 1, 0, 1, '2016-05-31 19:28:47'),
(1075, 1, 0, 1, '2016-05-31 19:29:38'),
(1076, 1, 0, 1, '2016-05-31 19:31:16'),
(1077, 1, 0, 1, '2016-05-31 19:32:07'),
(1078, 1, 0, 1, '2016-05-31 19:34:47'),
(1079, 1, 0, 1, '2016-05-31 19:37:11'),
(1080, 1, 0, 1, '2016-05-31 19:42:05'),
(1081, 1, 0, 1, '2016-05-31 19:48:33'),
(1082, 1, 0, 1, '2016-05-31 20:56:32'),
(1083, 1, 0, 1, '2016-05-31 21:00:02'),
(1084, 1, 0, 1, '2016-05-31 21:02:41'),
(1085, 1, 0, 1, '2016-05-31 21:03:36'),
(1086, 1, 0, 1, '2016-05-31 21:06:02'),
(1087, 1, 0, 1, '2016-05-31 21:11:52'),
(1088, 1, 0, 1, '2016-05-31 21:13:58'),
(1089, 1, 0, 1, '2016-05-31 21:16:41'),
(1090, 1, 0, 1, '2016-05-31 21:17:57'),
(1091, 1, 0, 1, '2016-05-31 21:18:25'),
(1092, 1, 0, 1, '2016-05-31 21:28:45'),
(1093, 1, 0, 1, '2016-05-31 21:34:10'),
(1094, 1, 0, 1, '2016-06-01 05:15:59'),
(1095, 1, 0, 1, '2016-06-01 05:20:40'),
(1096, 1, 0, 1, '2016-06-01 05:21:10'),
(1097, 1, 0, 1, '2016-06-01 05:24:32'),
(1098, 1, 0, 1, '2016-06-01 05:25:43'),
(1099, 1, 0, 1, '2016-06-01 05:26:57'),
(1100, 1, 0, 1, '2016-06-01 05:27:35'),
(1101, 1, 0, 1, '2016-06-01 05:28:16'),
(1102, 1, 0, 1, '2016-06-01 05:28:49'),
(1103, 1, 0, 1, '2016-06-01 05:29:06'),
(1104, 1, 0, 1, '2016-06-01 21:19:19'),
(1105, 1, 0, 1, '2016-06-01 21:20:45'),
(1106, 1, 0, 1, '2016-06-01 21:24:18'),
(1107, 1, 0, 1, '2016-06-01 21:25:07'),
(1108, 1, 0, 1, '2016-06-01 21:26:28'),
(1109, 1, 0, 1, '2016-06-01 21:27:15'),
(1110, 1, 0, 1, '2016-06-01 21:27:56'),
(1111, 1, 0, 1, '2016-06-01 21:28:39'),
(1112, 1, 0, 1, '2016-06-01 21:29:11'),
(1113, 1, 1, 1, '2016-06-01 21:32:27'),
(1114, 1, 1, 1, '2016-06-01 21:33:30'),
(1115, 1, 1, 1, '2016-06-02 18:35:30'),
(1116, 1, 1, 1, '2016-06-02 18:48:01'),
(1117, 1, 1, 1, '2016-06-02 19:02:13'),
(1118, 1, 1, 1, '2016-06-02 19:04:01'),
(1119, 1, 1, 1, '2016-06-03 05:09:43'),
(1120, 1, 1, 1, '2016-06-03 05:39:20'),
(1121, 1, 1, 1, '2016-06-03 05:42:38'),
(1122, 1, 1, 1, '2016-06-03 06:43:58'),
(1123, 1, 1, 1, '2016-06-03 06:46:29'),
(1124, 1, 1, 1, '2016-06-03 06:47:54'),
(1125, 1, 1, 1, '2016-06-03 06:49:39'),
(1126, 1, 1, 1, '2016-06-03 06:51:54'),
(1127, 1, 1, 1, '2016-06-03 06:53:21'),
(1128, 1, 1, 1, '2016-06-03 18:05:54'),
(1129, 1, 1, 1, '2016-06-03 18:10:43'),
(1130, 1, 1, 1, '2016-06-03 19:31:13'),
(1131, 1, 1, 1, '2016-06-03 19:53:08'),
(1132, 1, 1, 1, '2016-06-03 19:54:27'),
(1133, 1, 1, 1, '2016-06-03 19:57:23'),
(1134, 1, 1, 1, '2016-06-03 19:59:33'),
(1135, 1, 1, 1, '2016-06-03 20:00:29'),
(1136, 1, 1, 1, '2016-06-03 20:01:08'),
(1137, 1, 1, 1, '2016-06-03 20:01:41'),
(1138, 1, 1, 1, '2016-06-03 20:02:27'),
(1139, 1, 1, 1, '2016-06-03 20:03:04'),
(1140, 1, 1, 1, '2016-06-03 20:05:43'),
(1141, 1, 1, 1, '2016-06-03 20:06:28'),
(1142, 1, 1, 1, '2016-06-03 20:07:00'),
(1143, 1, 1, 1, '2016-06-03 20:07:39'),
(1144, 1, 1, 1, '2016-06-03 20:09:55'),
(1145, 1, 1, 1, '2016-06-03 20:18:42'),
(1146, 1, 1, 1, '2016-06-03 20:35:47'),
(1147, 1, 1, 1, '2016-06-03 20:36:58'),
(1148, 1, 1, 1, '2016-06-03 20:40:00'),
(1149, 1, 1, 1, '2016-06-03 20:41:24'),
(1150, 1, 1, 1, '2016-06-03 20:46:47'),
(1151, 1, 1, 1, '2016-06-03 20:51:41'),
(1152, 1, 1, 1, '2016-06-03 21:07:22'),
(1153, 1, 1, 1, '2016-06-03 21:10:08'),
(1154, 1, 1, 1, '2016-06-03 21:14:40'),
(1155, 1, 1, 1, '2016-06-03 21:39:10'),
(1156, 1, 1, 1, '2016-06-03 21:47:23'),
(1157, 1, 1, 1, '2016-06-03 21:54:09'),
(1158, 1, 1, 1, '2016-06-03 21:57:21'),
(1159, 1, 1, 1, '2016-06-03 21:58:55'),
(1160, 1, 1, 1, '2016-06-03 22:03:16'),
(1161, 1, 1, 1, '2016-06-03 22:04:08'),
(1162, 1, 1, 1, '2016-06-03 22:05:26'),
(1163, 1, 1, 1, '2016-06-03 22:13:22'),
(1164, 1, 1, 1, '2016-06-03 22:22:28'),
(1165, 1, 1, 1, '2016-06-04 18:45:08'),
(1166, 1, 1, 1, '2016-06-04 18:45:35'),
(1167, 1, 1, 1, '2016-06-04 18:59:27'),
(1168, 1, 1, 1, '2016-06-04 19:04:00'),
(1169, 1, 1, 1, '2016-06-04 19:35:34'),
(1170, 1, 1, 1, '2016-06-04 19:36:24'),
(1171, 1, 1, 1, '2016-06-04 19:40:00'),
(1172, 1, 1, 1, '2016-06-04 19:46:05'),
(1173, 1, 1, 1, '2016-06-04 19:47:42'),
(1174, 1, 1, 1, '2016-06-04 19:48:29'),
(1175, 1, 1, 1, '2016-06-04 19:50:42'),
(1176, 1, 1, 1, '2016-06-04 19:51:41'),
(1177, 1, 1, 1, '2016-06-04 19:52:55'),
(1178, 1, 1, 1, '2016-06-04 19:55:18'),
(1179, 1, 1, 1, '2016-06-04 19:56:51'),
(1180, 1, 1, 1, '2016-06-04 19:58:05'),
(1181, 1, 1, 1, '2016-06-04 20:07:00'),
(1182, 1, 1, 1, '2016-06-04 20:08:38'),
(1183, 1, 1, 1, '2016-06-04 20:12:19'),
(1184, 1, 1, 1, '2016-06-04 20:13:45'),
(1185, 1, 1, 1, '2016-06-04 20:16:13'),
(1186, 1, 1, 1, '2016-06-04 20:20:58'),
(1187, 1, 1, 1, '2016-06-04 20:26:36'),
(1188, 1, 1, 1, '2016-06-04 20:39:46'),
(1189, 1, 1, 1, '2016-06-04 20:40:44'),
(1190, 1, 1, 1, '2016-06-04 20:41:26'),
(1191, 1, 1, 1, '2016-06-04 20:42:08'),
(1192, 1, 1, 1, '2016-06-04 20:43:37'),
(1193, 1, 1, 1, '2016-06-04 20:49:54'),
(1194, 1, 1, 1, '2016-06-04 20:50:49'),
(1195, 1, 1, 1, '2016-06-04 20:52:37'),
(1196, 1, 1, 1, '2016-06-04 20:54:08'),
(1197, 1, 1, 1, '2016-06-04 20:55:06'),
(1198, 1, 1, 1, '2016-06-04 20:56:29'),
(1199, 1, 1, 1, '2016-06-04 20:57:05'),
(1200, 1, 1, 1, '2016-06-04 20:57:57'),
(1201, 1, 1, 1, '2016-06-04 21:01:04'),
(1202, 1, 1, 1, '2016-06-04 21:02:19'),
(1203, 1, 1, 1, '2016-06-04 21:03:11'),
(1204, 1, 1, 1, '2016-06-04 21:04:51'),
(1205, 1, 1, 1, '2016-06-04 21:05:28'),
(1206, 1, 1, 1, '2016-06-04 21:08:20'),
(1207, 1, 1, 1, '2016-06-04 21:09:05'),
(1208, 1, 1, 1, '2016-06-04 21:10:56'),
(1209, 1, 1, 1, '2016-06-04 21:11:32'),
(1210, 1, 1, 1, '2016-06-04 21:12:30'),
(1211, 1, 1, 1, '2016-06-04 21:16:19'),
(1212, 1, 1, 1, '2016-06-04 21:18:26'),
(1213, 1, 1, 1, '2016-06-04 21:29:09'),
(1214, 1, 1, 1, '2016-06-04 21:34:45'),
(1215, 1, 1, 1, '2016-06-04 21:35:44'),
(1216, 1, 1, 1, '2016-06-04 21:37:08'),
(1217, 1, 1, 1, '2016-06-04 21:38:09'),
(1218, 1, 1, 1, '2016-06-04 21:38:58'),
(1219, 1, 1, 1, '2016-06-04 21:40:00'),
(1220, 1, 1, 1, '2016-06-04 21:40:55'),
(1221, 1, 1, 1, '2016-06-04 21:41:53'),
(1222, 1, 1, 1, '2016-06-04 21:43:45'),
(1223, 1, 1, 1, '2016-06-04 21:45:13'),
(1224, 1, 1, 1, '2016-06-04 21:45:47'),
(1225, 1, 1, 1, '2016-06-04 21:47:30'),
(1226, 1, 1, 1, '2016-06-04 21:49:10'),
(1227, 1, 1, 1, '2016-06-04 22:10:21'),
(1228, 1, 1, 1, '2016-06-05 11:05:07'),
(1229, 1, 1, 1, '2016-06-05 11:30:50'),
(1230, 1, 1, 1, '2016-06-05 17:31:05'),
(1231, 1, 1, 1, '2016-06-05 17:32:26'),
(1232, 1, 1, 1, '2016-06-05 17:59:00'),
(1233, 1, 1, 1, '2016-06-05 17:59:37'),
(1234, 1, 1, 1, '2016-06-05 18:00:34'),
(1235, 1, 1, 1, '2016-06-05 18:02:26'),
(1236, 1, 1, 1, '2016-06-05 18:04:37'),
(1237, 1, 1, 1, '2016-06-05 18:06:01'),
(1238, 1, 1, 1, '2016-06-05 18:07:32'),
(1239, 1, 1, 1, '2016-06-05 18:10:30'),
(1240, 1, 1, 1, '2016-06-05 18:12:55'),
(1241, 1, 1, 1, '2016-06-05 18:15:00'),
(1242, 1, 1, 1, '2016-06-05 18:19:34'),
(1243, 1, 0, 1, '2016-06-05 18:22:52'),
(1244, 1, 0, 1, '2016-06-05 18:33:37'),
(1245, 1, 0, 1, '2016-06-05 18:34:19'),
(1246, 1, 0, 1, '2016-06-05 18:35:25'),
(1247, 1, 0, 1, '2016-06-05 18:36:35'),
(1248, 1, 1, 1, '2016-06-05 18:38:26'),
(1249, 1, 1, 1, '2016-06-05 18:42:15'),
(1250, 1, 0, 1, '2016-06-05 18:43:07'),
(1251, 1, 0, 1, '2016-06-05 19:49:31'),
(1252, 1, 1, 1, '2016-06-05 19:50:53'),
(1253, 4, 1, 1, '2016-06-05 19:51:33'),
(1254, 1, 1, 1, '2016-06-05 19:51:53'),
(1255, 1, 1, 1, '2016-06-05 20:00:49'),
(1256, 4, 1, 1, '2016-06-05 20:00:59'),
(1257, 1, 1, 1, '2016-06-05 20:03:19'),
(1258, 1, 1, 1, '2016-06-05 20:05:54'),
(1259, 1, 1, 1, '2016-06-05 20:08:40'),
(1260, 1, 1, 1, '2016-06-05 20:10:51'),
(1261, 1, 1, 1, '2016-06-05 20:18:09'),
(1262, 1, 1, 1, '2016-06-05 20:18:55'),
(1263, 1, 1, 1, '2016-06-05 20:22:41'),
(1264, 1, 1, 1, '2016-06-05 20:53:20'),
(1265, 1, 1, 1, '2016-06-05 20:54:26'),
(1266, 1, 1, 1, '2016-06-08 15:39:38'),
(1267, 1, 1, 1, '2016-06-08 17:37:03'),
(1268, 1, 1, 1, '2016-06-08 17:44:16'),
(1269, 1, 1, 1, '2016-06-08 17:48:31'),
(1270, 1, 1, 1, '2016-06-08 17:49:55'),
(1271, 1, 1, 1, '2016-06-08 17:51:14'),
(1272, 1, 1, 1, '2016-06-08 19:30:37'),
(1273, 1, 1, 1, '2016-06-08 19:33:18'),
(1274, 1, 1, 1, '2016-06-08 19:36:54'),
(1275, 1, 1, 1, '2016-06-08 19:38:19'),
(1276, 1, 1, 1, '2016-06-08 19:40:24'),
(1277, 1, 1, 1, '2016-06-08 19:44:32'),
(1278, 1, 1, 1, '2016-06-08 19:53:07'),
(1279, 1, 1, 1, '2016-06-08 19:55:48'),
(1280, 1, 1, 1, '2016-06-08 19:59:45'),
(1281, 1, 1, 1, '2016-06-08 20:09:40'),
(1282, 1, 1, 1, '2016-06-08 20:12:57'),
(1283, 1, 1, 1, '2016-06-08 20:16:00'),
(1284, 1, 1, 1, '2016-06-08 20:20:03'),
(1285, 1, 1, 1, '2016-06-08 20:24:01'),
(1286, 1, 1, 1, '2016-06-08 20:29:50'),
(1287, 1, 1, 1, '2016-06-08 20:39:27'),
(1288, 1, 1, 1, '2016-06-08 20:40:23'),
(1289, 1, 1, 1, '2016-06-08 20:45:48'),
(1290, 1, 1, 1, '2016-06-08 20:48:25'),
(1291, 1, 0, 1, '2016-06-09 19:43:24'),
(1292, 1, 1, 1, '2016-06-09 19:49:12'),
(1293, 1, 1, 1, '2016-06-09 19:52:49'),
(1294, 1, 1, 1, '2016-06-09 19:54:39'),
(1295, 1, 1, 1, '2016-06-09 19:56:06'),
(1296, 1, 1, 1, '2016-06-09 19:59:33'),
(1297, 1, 1, 1, '2016-06-09 20:02:21'),
(1298, 1, 1, 1, '2016-06-09 20:04:48'),
(1299, 1, 1, 1, '2016-06-09 20:11:58'),
(1300, 1, 1, 1, '2016-06-09 20:37:39'),
(1301, 1, 1, 1, '2016-06-09 20:41:59'),
(1302, 1, 1, 1, '2016-06-09 21:15:14'),
(1303, 1, 1, 1, '2016-06-09 21:16:39'),
(1304, 1, 1, 1, '2016-06-09 21:21:39'),
(1305, 1, 1, 1, '2016-06-09 21:27:30'),
(1306, 1, 1, 1, '2016-06-10 16:16:21'),
(1307, 1, 1, 1, '2016-06-10 16:25:44'),
(1308, 1, 1, 1, '2016-06-10 16:26:56'),
(1309, 1, 0, 1, '2016-06-10 16:28:06'),
(1310, 1, 1, 1, '2016-06-10 17:39:52'),
(1311, 2, 1, 1, '2016-06-10 17:39:54'),
(1312, 2, 1, 1, '2016-06-10 17:41:44'),
(1313, 2, 1, 1, '2016-06-10 17:42:09'),
(1314, 1, 1, 1, '2016-06-10 17:44:31'),
(1315, 2, 1, 1, '2016-06-10 17:44:33'),
(1316, 1, 1, 1, '2016-06-10 17:47:26'),
(1317, 1, 1, 1, '2016-06-10 17:52:28'),
(1318, 2, 1, 1, '2016-06-10 17:52:33'),
(1319, 2, 1, 1, '2016-06-10 17:55:33'),
(1320, 2, 1, 1, '2016-06-10 17:56:19'),
(1321, 1, 1, 1, '2016-06-10 17:59:32'),
(1322, 3, 1, 1, '2016-06-10 17:59:39'),
(1323, 3, 1, 1, '2016-06-10 17:59:47');
INSERT INTO `mk_touches` (`id`, `item_id`, `appuser_id`, `shop_id`, `added`) VALUES
(1324, 1, 1, 1, '2016-06-10 18:42:22'),
(1325, 4, 1, 1, '2016-06-10 18:42:32'),
(1326, 3, 1, 1, '2016-06-10 18:46:15'),
(1327, 5, 1, 1, '2016-06-10 18:46:18'),
(1328, 1, 1, 1, '2016-06-10 19:34:05'),
(1329, 3, 1, 1, '2016-06-10 19:35:06'),
(1330, 1, 1, 1, '2016-06-10 19:54:29'),
(1331, 1, 1, 1, '2016-06-10 20:05:16'),
(1332, 1, 1, 1, '2016-06-10 20:07:00'),
(1333, 1, 1, 1, '2016-06-10 20:09:21'),
(1334, 1, 1, 1, '2016-06-10 20:20:06'),
(1335, 1, 1, 1, '2016-06-11 15:55:05'),
(1336, 1, 1, 1, '2016-06-11 16:07:54'),
(1337, 1, 1, 1, '2016-06-11 16:08:41'),
(1338, 1, 1, 1, '2016-06-11 16:10:57'),
(1339, 1, 1, 1, '2016-06-11 16:11:22'),
(1340, 1, 1, 1, '2016-06-11 16:12:25'),
(1341, 1, 1, 1, '2016-06-11 16:13:16'),
(1342, 1, 1, 1, '2016-06-11 16:13:54'),
(1343, 1, 1, 1, '2016-06-11 16:14:16'),
(1344, 1, 1, 1, '2016-06-11 16:16:46'),
(1345, 2, 1, 1, '2016-06-11 16:16:53'),
(1346, 1, 1, 1, '2016-06-11 16:17:24'),
(1347, 1, 1, 1, '2016-06-11 16:21:07'),
(1348, 1, 1, 1, '2016-06-11 16:25:54'),
(1349, 2, 1, 1, '2016-06-11 16:26:01'),
(1350, 3, 1, 1, '2016-06-11 16:27:04'),
(1351, 1, 1, 1, '2016-06-11 17:05:01'),
(1352, 3, 1, 1, '2016-06-11 17:05:05'),
(1353, 1, 1, 1, '2016-06-11 17:08:06'),
(1354, 4, 1, 1, '2016-06-11 17:08:09'),
(1355, 5, 1, 1, '2016-06-11 17:09:04'),
(1356, 5, 1, 1, '2016-06-11 17:10:18'),
(1357, 7, 1, 1, '2016-06-11 17:38:27'),
(1358, 425, 1, 1, '2016-06-11 17:38:38'),
(1359, 425, 1, 1, '2016-06-11 17:39:42'),
(1360, 426, 1, 1, '2016-06-11 17:39:49'),
(1361, 8, 1, 1, '2016-06-11 21:46:27'),
(1362, 9, 1, 1, '2016-06-11 21:48:50'),
(1363, 1, 1, 1, '2016-06-11 21:53:23'),
(1364, 15, 1, 1, '2016-06-11 21:53:28'),
(1365, 16, 1, 1, '2016-06-11 21:55:02'),
(1366, 28, 1, 1, '2016-06-11 21:57:12'),
(1367, 29, 1, 1, '2016-06-11 21:57:22'),
(1368, 1, 1, 1, '2016-06-11 21:58:17'),
(1369, 12, 1, 1, '2016-06-11 21:58:38'),
(1370, 1, 1, 1, '2016-06-11 22:05:39'),
(1371, 14, 1, 1, '2016-06-11 22:14:09'),
(1372, 13, 1, 1, '2016-06-11 22:16:23'),
(1373, 29, 1, 1, '2016-06-11 22:17:30'),
(1374, 35, 1, 1, '2016-06-11 22:23:56'),
(1375, 30, 1, 1, '2016-06-11 22:28:00'),
(1376, 41, 1, 1, '2016-06-11 22:29:51'),
(1377, 42, 1, 1, '2016-06-11 22:30:49'),
(1378, 21, 1, 1, '2016-06-11 22:33:02'),
(1379, 22, 1, 1, '2016-06-11 22:34:09'),
(1380, 23, 1, 1, '2016-06-11 22:35:27'),
(1381, 48, 1, 1, '2016-06-11 22:36:38'),
(1382, 45, 1, 1, '2016-06-11 22:38:02'),
(1383, 55, 1, 1, '2016-06-11 22:38:47'),
(1384, 39, 1, 1, '2016-06-11 22:40:09'),
(1385, 60, 1, 1, '2016-06-11 22:43:52'),
(1386, 62, 1, 1, '2016-06-12 05:55:36'),
(1387, 1, 1, 1, '2016-06-12 05:57:36'),
(1388, 11, 1, 1, '2016-06-12 05:57:44'),
(1389, 32, 1, 1, '2016-06-12 05:58:27'),
(1390, 45, 1, 1, '2016-06-12 05:59:54'),
(1391, 44, 1, 1, '2016-06-12 06:03:02'),
(1392, 1, 0, 1, '2016-06-12 06:07:22'),
(1393, 2, 1, 1, '2016-06-12 06:08:08'),
(1394, 3, 1, 1, '2016-06-12 06:08:25'),
(1395, 1, 1, 1, '2016-06-12 06:10:10'),
(1396, 2, 1, 1, '2016-06-12 06:10:36'),
(1397, 1, 1, 1, '2016-06-12 06:13:30'),
(1398, 4, 1, 1, '2016-06-12 06:13:35'),
(1399, 5, 1, 1, '2016-06-12 06:32:11'),
(1400, 5, 1, 1, '2016-06-12 06:32:53'),
(1401, 2, 1, 1, '2016-06-12 06:33:01'),
(1402, 1, 1, 1, '2016-06-12 06:34:06'),
(1403, 4, 1, 1, '2016-06-12 06:34:11'),
(1404, 6, 1, 1, '2016-06-12 06:35:56'),
(1405, 4, 1, 1, '2016-06-12 06:36:47'),
(1406, 1, 1, 1, '2016-06-12 08:11:01'),
(1407, 2, 1, 1, '2016-06-12 08:11:18'),
(1408, 1, 1, 1, '2016-06-12 08:22:26'),
(1409, 2, 1, 1, '2016-06-12 08:22:31'),
(1410, 3, 1, 1, '2016-06-12 08:22:35'),
(1411, 4, 1, 1, '2016-06-12 08:22:40'),
(1412, 8, 1, 1, '2016-06-12 08:22:47'),
(1413, 1, 1, 1, '2016-06-12 09:16:58'),
(1414, 1, 1, 1, '2016-06-12 09:18:46'),
(1415, 3, 1, 1, '2016-06-12 09:19:17'),
(1416, 1, 1, 1, '2016-06-12 09:22:52'),
(1417, 5, 1, 1, '2016-06-12 09:22:59'),
(1418, 1, 1, 1, '2016-06-12 17:41:18'),
(1419, 1, 1, 1, '2016-06-12 18:25:18'),
(1420, 1, 1, 1, '2016-06-12 18:28:53'),
(1421, 1, 1, 1, '2016-06-12 18:31:11'),
(1422, 1, 1, 1, '2016-06-12 18:36:51'),
(1423, 1, 1, 1, '2016-06-12 18:38:33'),
(1424, 1, 1, 1, '2016-06-12 19:31:54'),
(1425, 1, 1, 1, '2016-06-12 19:32:56'),
(1426, 1, 1, 1, '2016-06-12 19:35:09'),
(1427, 1, 1, 1, '2016-06-12 19:36:50'),
(1428, 1, 1, 1, '2016-06-12 19:42:25'),
(1429, 1, 1, 1, '2016-06-12 19:45:12'),
(1430, 1, 1, 1, '2016-06-12 19:51:56'),
(1431, 1, 1, 1, '2016-06-12 20:06:06'),
(1432, 1, 1, 1, '2016-06-12 20:10:45'),
(1433, 1, 1, 1, '2016-06-12 20:11:51'),
(1434, 1, 1, 1, '2016-06-12 20:12:44'),
(1435, 1, 1, 1, '2016-06-12 20:18:52'),
(1436, 1, 1, 1, '2016-06-12 20:47:00'),
(1437, 1, 1, 1, '2016-06-12 20:49:02'),
(1438, 1, 1, 1, '2016-06-12 20:53:38'),
(1439, 1, 1, 1, '2016-06-12 20:53:56'),
(1440, 1, 1, 1, '2016-06-12 21:04:58'),
(1441, 1, 1, 1, '2016-06-12 21:36:26'),
(1442, 1, 1, 1, '2016-06-12 21:42:17'),
(1443, 1, 1, 1, '2016-06-12 21:42:32'),
(1444, 1, 1, 1, '2016-06-12 21:44:43'),
(1445, 1, 1, 1, '2016-06-12 21:44:52'),
(1446, 1, 1, 1, '2016-06-12 21:45:15'),
(1447, 1, 1, 1, '2016-06-12 21:45:27'),
(1448, 1, 1, 1, '2016-06-12 21:49:59'),
(1449, 1, 1, 1, '2016-06-12 21:50:10'),
(1450, 1, 1, 1, '2016-06-12 21:54:06'),
(1451, 1, 1, 1, '2016-06-12 21:56:21'),
(1452, 8, 1, 1, '2016-06-12 21:56:41'),
(1453, 1, 1, 1, '2016-06-12 22:08:41'),
(1454, 4, 1, 1, '2016-06-12 22:08:45'),
(1455, 1, 1, 1, '2016-06-13 06:25:28'),
(1456, 1, 1, 1, '2016-06-13 06:29:32'),
(1457, 2, 1, 1, '2016-06-13 06:29:51'),
(1458, 3, 1, 1, '2016-06-13 06:32:05'),
(1459, 4, 1, 1, '2016-06-13 06:32:17'),
(1460, 1, 1, 1, '2016-06-13 06:33:33'),
(1461, 2, 1, 1, '2016-06-13 06:33:53'),
(1462, 1, 1, 1, '2016-06-13 06:45:27'),
(1463, 2, 1, 1, '2016-06-13 06:45:42'),
(1464, 1, 1, 1, '2016-06-13 07:12:45'),
(1465, 1, 1, 1, '2016-06-13 07:17:10'),
(1466, 1, 1, 1, '2016-06-13 07:21:24'),
(1467, 1, 1, 1, '2016-06-13 07:23:54'),
(1468, 1, 1, 1, '2016-06-13 07:25:12'),
(1469, 1, 1, 1, '2016-06-13 11:36:16'),
(1470, 1, 1, 1, '2016-06-13 11:37:03'),
(1471, 1, 1, 1, '2016-06-13 11:42:00'),
(1472, 3, 1, 1, '2016-06-13 11:42:13'),
(1473, 1, 1, 1, '2016-06-13 18:14:02'),
(1474, 1, 1, 1, '2016-06-13 20:45:43'),
(1475, 1, 1, 1, '2016-06-13 21:34:22'),
(1476, 1, 1, 1, '2016-06-13 21:42:58'),
(1477, 1, 1, 1, '2016-06-13 22:02:27'),
(1478, 1, 1, 1, '2016-06-13 22:03:44'),
(1479, 1, 1, 1, '2016-06-13 22:05:45'),
(1480, 1, 1, 1, '2016-06-13 22:06:44'),
(1481, 1, 1, 1, '2016-06-13 22:07:52'),
(1482, 1, 1, 1, '2016-06-13 22:08:14'),
(1483, 1, 1, 1, '2016-06-14 16:03:32'),
(1484, 1, 1, 1, '2016-06-14 17:37:24'),
(1485, 1, 1, 1, '2016-06-14 17:40:19'),
(1486, 1, 1, 1, '2016-06-14 17:42:31'),
(1487, 1, 1, 1, '2016-06-14 17:45:10'),
(1488, 1, 1, 1, '2016-06-14 17:46:08'),
(1489, 1, 1, 1, '2016-06-14 17:48:34'),
(1490, 1, 1, 1, '2016-06-14 17:53:30'),
(1491, 1, 1, 1, '2016-06-14 18:11:55'),
(1492, 1, 1, 1, '2016-06-14 18:14:01'),
(1493, 1, 1, 1, '2016-06-14 18:16:35'),
(1494, 1, 1, 1, '2016-06-14 18:20:08'),
(1495, 1, 1, 1, '2016-06-14 18:25:03'),
(1496, 1, 1, 1, '2016-06-14 18:27:16'),
(1497, 1, 1, 1, '2016-06-14 18:29:52'),
(1498, 1, 1, 1, '2016-06-14 18:30:44'),
(1499, 1, 1, 1, '2016-06-14 18:33:06'),
(1500, 1, 1, 1, '2016-06-14 18:34:47'),
(1501, 1, 1, 1, '2016-06-14 18:35:30'),
(1502, 1, 1, 1, '2016-06-14 19:56:02'),
(1503, 1, 1, 1, '2016-06-14 19:58:59'),
(1504, 1, 1, 1, '2016-06-14 20:00:06'),
(1505, 1, 1, 1, '2016-06-14 20:13:23'),
(1506, 1, 1, 1, '2016-06-14 20:18:09'),
(1507, 1, 1, 1, '2016-06-14 20:32:04'),
(1508, 1, 1, 1, '2016-06-14 20:35:39'),
(1509, 1, 1, 1, '2016-06-14 20:37:02'),
(1510, 1, 1, 1, '2016-06-14 20:49:17'),
(1511, 1, 1, 1, '2016-06-14 20:52:00'),
(1512, 1, 1, 1, '2016-06-14 20:53:44'),
(1513, 1, 1, 1, '2016-06-14 21:06:21'),
(1514, 1, 1, 1, '2016-06-14 21:10:03'),
(1515, 1, 1, 1, '2016-06-14 21:23:11'),
(1516, 1, 1, 1, '2016-06-14 21:25:47'),
(1517, 1, 1, 1, '2016-06-14 21:27:17'),
(1518, 1, 1, 1, '2016-06-16 11:48:06'),
(1519, 1, 1, 1, '2016-06-16 12:01:15'),
(1520, 1, 1, 1, '2016-06-16 12:02:38'),
(1521, 1, 1, 1, '2016-06-16 12:12:02'),
(1522, 1, 1, 1, '2016-06-16 12:13:29'),
(1523, 1, 1, 1, '2016-06-16 12:14:36'),
(1524, 1, 1, 1, '2016-06-16 12:15:40'),
(1525, 1, 1, 1, '2016-06-16 12:16:33'),
(1526, 1, 1, 1, '2016-06-16 12:37:20'),
(1527, 1, 1, 1, '2016-06-16 20:28:58'),
(1528, 1, 1, 1, '2016-06-16 20:38:51'),
(1529, 1, 1, 1, '2016-06-16 20:41:27'),
(1530, 1, 1, 1, '2016-06-16 20:46:09'),
(1531, 1, 1, 1, '2016-06-16 20:56:34'),
(1532, 1, 1, 1, '2016-06-16 21:44:59'),
(1533, 1, 1, 1, '2016-06-17 16:56:15'),
(1534, 1, 1, 1, '2016-06-17 16:59:45'),
(1535, 1, 1, 1, '2016-06-17 17:15:28'),
(1536, 1, 1, 1, '2016-06-17 17:16:27'),
(1537, 1, 1, 1, '2016-06-17 17:17:31'),
(1538, 1, 1, 1, '2016-06-17 17:18:51'),
(1539, 1, 1, 1, '2016-06-17 17:19:55'),
(1540, 1, 1, 1, '2016-06-17 17:22:44'),
(1541, 1, 1, 1, '2016-06-17 17:35:29'),
(1542, 1, 1, 1, '2016-06-17 17:36:10'),
(1543, 1, 1, 1, '2016-06-17 17:38:09'),
(1544, 1, 1, 1, '2016-06-17 17:38:41'),
(1545, 1, 1, 1, '2016-06-17 17:55:01'),
(1546, 1, 1, 1, '2016-06-17 17:58:02'),
(1547, 1, 1, 1, '2016-06-17 20:07:51'),
(1548, 1, 1, 1, '2016-06-17 20:09:45'),
(1549, 1, 1, 1, '2016-06-17 20:12:36'),
(1550, 1, 1, 1, '2016-06-17 20:16:45'),
(1551, 1, 1, 1, '2016-06-17 20:19:41'),
(1552, 1, 1, 1, '2016-06-17 20:27:19'),
(1553, 1, 1, 1, '2016-06-17 20:29:57'),
(1554, 1, 1, 1, '2016-06-17 20:32:19'),
(1555, 1, 1, 1, '2016-06-17 20:33:31'),
(1556, 1, 1, 1, '2016-06-17 20:34:14'),
(1557, 1, 1, 1, '2016-06-17 20:35:26'),
(1558, 1, 1, 1, '2016-06-17 20:43:03'),
(1559, 1, 1, 1, '2016-06-17 20:46:59'),
(1560, 1, 1, 1, '2016-06-17 20:52:55'),
(1561, 1, 1, 1, '2016-06-17 20:54:51'),
(1562, 1, 1, 1, '2016-06-17 20:57:48'),
(1563, 1, 1, 1, '2016-06-18 18:02:08'),
(1564, 1, 1, 1, '2016-06-18 18:03:03'),
(1565, 1, 1, 1, '2016-06-18 18:04:29'),
(1566, 1, 1, 1, '2016-06-18 18:28:49'),
(1567, 1, 1, 1, '2016-06-18 20:50:40'),
(1568, 1, 1, 1, '2016-06-18 21:12:46'),
(1569, 1, 1, 1, '2016-06-19 20:04:27'),
(1570, 1, 1, 1, '2016-06-19 20:07:46'),
(1571, 2, 1, 1, '2016-06-19 20:08:15'),
(1572, 1, 1, 1, '2016-06-19 20:25:02'),
(1573, 1, 1, 1, '2016-06-19 20:44:07'),
(1574, 1, 1, 1, '2016-06-19 20:57:52'),
(1575, 1, 1, 1, '2016-06-19 21:01:50'),
(1576, 1, 1, 1, '2016-06-19 21:15:04'),
(1577, 1, 1, 1, '2016-06-19 21:22:34'),
(1578, 1, 1, 1, '2016-06-19 21:30:59'),
(1579, 1, 1, 1, '2016-06-19 21:38:16'),
(1580, 1, 1, 1, '2016-06-19 21:59:24'),
(1581, 1, 1, 1, '2016-06-20 18:08:47'),
(1582, 3, 1, 1, '2016-06-20 20:46:22'),
(1583, 4, 1, 1, '2016-06-20 20:48:07'),
(1584, 5, 1, 1, '2016-06-20 21:45:56'),
(1585, 1, 1, 1, '2016-06-20 21:49:50'),
(1586, 1, 1, 1, '2016-06-23 18:54:46'),
(1587, 1, 1, 1, '2016-06-23 18:56:32'),
(1588, 1, 1, 1, '2016-06-23 18:57:42'),
(1589, 124, 1, 2, '2016-06-23 19:12:30'),
(1590, 1, 1, 1, '2016-06-23 21:24:45'),
(1591, 1, 1, 1, '2016-06-23 21:24:59'),
(1592, 1, 1, 1, '2016-06-23 21:26:15'),
(1593, 1, 1, 1, '2016-06-23 21:30:58'),
(1594, 1, 0, 1, '2016-06-23 21:35:48'),
(1595, 1, 0, 1, '2016-06-23 21:35:53'),
(1596, 8, 1, 1, '2016-06-23 22:00:42'),
(1597, 4, 1, 1, '2016-06-23 22:08:23'),
(1598, 9, 1, 1, '2016-06-23 22:11:09'),
(1599, 5, 1, 1, '2016-06-23 22:40:29'),
(1600, 1, 0, 1, '2016-06-24 20:33:10'),
(1601, 1, 0, 1, '2016-06-26 07:03:59'),
(1602, 1, 0, 1, '2016-06-26 07:08:41'),
(1603, 1, 0, 1, '2016-06-26 07:20:21'),
(1604, 1, 0, 1, '2016-06-26 07:27:15'),
(1605, 1, 0, 1, '2016-06-26 07:31:48'),
(1606, 1, 0, 1, '2016-06-26 12:17:18'),
(1607, 1, 0, 1, '2016-06-26 12:21:26'),
(1608, 1, 0, 1, '2016-06-26 12:22:27'),
(1609, 1, 0, 1, '2016-06-26 12:24:14'),
(1610, 1, 0, 1, '2016-06-26 12:25:23'),
(1611, 1, 1, 1, '2016-06-26 12:57:20'),
(1612, 1, 0, 1, '2016-06-26 17:35:57'),
(1613, 1, 0, 1, '2016-06-26 18:21:02'),
(1614, 1, 0, 1, '2016-06-26 18:56:30'),
(1615, 1, 0, 1, '2016-06-26 18:57:50'),
(1616, 1, 0, 1, '2016-06-26 19:16:59'),
(1617, 1, 0, 1, '2016-06-26 19:40:31'),
(1618, 1, 0, 1, '2016-06-26 19:41:55'),
(1619, 1, 0, 1, '2016-06-26 19:42:56'),
(1620, 1, 0, 1, '2016-06-26 19:46:30'),
(1621, 1, 0, 1, '2016-06-26 19:50:05'),
(1622, 1, 0, 1, '2016-06-26 20:13:32'),
(1623, 1, 0, 1, '2016-06-26 20:15:14'),
(1624, 1, 0, 1, '2016-06-26 20:17:44'),
(1625, 1, 0, 1, '2016-06-26 20:21:30'),
(1626, 1, 0, 1, '2016-06-26 20:27:10'),
(1627, 1, 0, 1, '2016-06-26 20:29:16'),
(1628, 1, 0, 1, '2016-06-26 20:30:59'),
(1629, 1, 0, 1, '2016-06-26 20:32:38'),
(1630, 1, 0, 1, '2016-06-26 21:16:09'),
(1631, 1, 0, 1, '2016-06-26 21:17:51'),
(1632, 1, 0, 1, '2016-06-26 21:18:04'),
(1633, 1, 0, 1, '2016-06-26 21:19:04'),
(1634, 1, 0, 1, '2016-06-26 21:23:44'),
(1635, 1, 0, 1, '2016-06-26 21:27:02'),
(1636, 1, 0, 1, '2016-06-26 21:33:16'),
(1637, 1, 0, 1, '2016-06-26 21:34:34'),
(1638, 1, 0, 1, '2016-06-26 21:35:44'),
(1639, 1, 0, 1, '2016-06-26 21:41:44'),
(1640, 1, 0, 1, '2016-06-26 21:42:54'),
(1641, 1, 0, 1, '2016-06-26 21:45:50'),
(1642, 1, 0, 1, '2016-06-26 21:55:00'),
(1643, 1, 0, 1, '2016-06-26 21:55:14'),
(1644, 1, 0, 1, '2016-06-27 14:48:20'),
(1645, 1, 0, 1, '2016-06-27 14:49:15'),
(1646, 1, 0, 1, '2016-06-27 14:53:56'),
(1647, 1, 0, 1, '2016-06-27 14:55:41'),
(1648, 1, 0, 1, '2016-06-27 14:57:17'),
(1649, 1, 0, 1, '2016-06-27 15:00:27'),
(1650, 1, 0, 1, '2016-06-27 15:02:02'),
(1651, 1, 0, 1, '2016-06-27 15:07:06'),
(1652, 1, 0, 1, '2016-06-27 15:21:22'),
(1653, 1, 0, 1, '2016-06-27 15:24:57'),
(1654, 1, 0, 1, '2016-06-27 15:26:27'),
(1655, 1, 0, 1, '2016-06-27 15:26:49'),
(1656, 1, 0, 1, '2016-06-27 15:31:20'),
(1657, 1, 0, 1, '2016-06-27 15:31:49'),
(1658, 1, 0, 1, '2016-06-27 15:32:53'),
(1659, 1, 0, 1, '2016-06-27 15:34:03'),
(1660, 1, 0, 1, '2016-06-27 15:39:50'),
(1661, 1, 0, 1, '2016-06-27 15:39:58'),
(1662, 1, 0, 1, '2016-06-27 15:44:30'),
(1663, 1, 0, 1, '2016-06-27 15:49:13'),
(1664, 1, 0, 1, '2016-06-27 15:50:14'),
(1665, 1, 0, 1, '2016-06-27 15:54:39'),
(1666, 1, 0, 1, '2016-06-27 16:00:30'),
(1667, 1, 0, 1, '2016-06-27 18:38:51'),
(1668, 1, 0, 1, '2016-06-27 18:46:24'),
(1669, 1, 0, 1, '2016-06-27 18:49:33'),
(1670, 1, 0, 1, '2016-06-27 18:56:35'),
(1671, 1, 0, 1, '2016-06-27 20:38:16'),
(1672, 1, 0, 1, '2016-06-27 20:42:35'),
(1673, 4, 1, 1, '2016-06-28 15:05:21'),
(1674, 2, 1, 1, '2016-06-28 15:20:03'),
(1675, 1, 1, 1, '2016-06-28 15:20:08'),
(1676, 2, 1, 1, '2016-06-28 15:20:42'),
(1677, 1, 0, 1, '2016-06-28 15:27:22'),
(1678, 1, 0, 1, '2016-06-28 18:29:37'),
(1679, 1, 0, 1, '2016-06-28 18:33:17'),
(1680, 1, 0, 1, '2016-06-28 18:34:02'),
(1681, 1, 0, 1, '2016-06-28 18:34:54'),
(1682, 1, 0, 1, '2016-06-28 18:36:25'),
(1683, 1, 0, 1, '2016-06-28 18:38:10'),
(1684, 1, 0, 1, '2016-06-28 18:40:09'),
(1685, 1, 0, 1, '2016-06-28 18:41:03'),
(1686, 1, 0, 1, '2016-06-28 18:43:33'),
(1687, 1, 0, 1, '2016-06-28 18:45:23'),
(1688, 1, 0, 1, '2016-06-28 18:47:07'),
(1689, 1, 0, 1, '2016-06-28 18:47:57'),
(1690, 1, 0, 1, '2016-06-28 18:48:52'),
(1691, 1, 0, 1, '2016-06-28 18:53:02'),
(1692, 1, 0, 1, '2016-06-28 19:21:41'),
(1693, 1, 0, 1, '2016-06-28 19:22:53'),
(1694, 1, 0, 1, '2016-06-28 19:26:56'),
(1695, 1, 0, 1, '2016-06-28 19:40:38'),
(1696, 1, 0, 1, '2016-06-28 19:42:33'),
(1697, 1, 0, 1, '2016-06-28 19:43:45'),
(1698, 1, 0, 1, '2016-06-28 19:47:41'),
(1699, 1, 0, 1, '2016-06-28 19:49:06'),
(1700, 1, 0, 1, '2016-06-28 19:50:20'),
(1701, 1, 0, 1, '2016-06-28 19:51:40'),
(1702, 1, 0, 1, '2016-06-28 19:52:49'),
(1703, 1, 0, 1, '2016-06-28 19:54:45'),
(1704, 1, 0, 1, '2016-06-28 19:55:35'),
(1705, 1, 0, 1, '2016-06-28 19:56:15'),
(1706, 1, 0, 1, '2016-06-28 19:57:46'),
(1707, 1, 0, 1, '2016-06-28 19:58:58'),
(1708, 1, 0, 1, '2016-06-28 20:00:41'),
(1709, 1, 0, 1, '2016-06-28 20:01:42'),
(1710, 1, 0, 1, '2016-06-28 20:04:45'),
(1711, 1, 0, 1, '2016-06-28 20:05:47'),
(1712, 1, 0, 1, '2016-06-28 20:08:00'),
(1713, 1, 0, 1, '2016-06-28 20:10:22'),
(1714, 1, 0, 1, '2016-06-28 20:11:30'),
(1715, 1, 0, 1, '2016-06-28 20:12:16'),
(1716, 1, 0, 1, '2016-06-28 20:13:34'),
(1717, 1, 0, 1, '2016-06-28 20:14:36'),
(1718, 1, 0, 1, '2016-06-28 20:15:45'),
(1719, 1, 0, 1, '2016-06-28 20:16:32'),
(1720, 1, 0, 1, '2016-06-28 20:18:23'),
(1721, 1, 0, 1, '2016-06-28 21:16:11'),
(1722, 1, 0, 1, '2016-06-29 07:30:37'),
(1723, 1, 0, 1, '2016-06-29 07:34:11'),
(1724, 1, 0, 1, '2016-06-29 07:35:43'),
(1725, 2, 0, 1, '2016-06-29 07:36:05'),
(1726, 1, 0, 1, '2016-06-29 18:16:49'),
(1727, 1, 0, 1, '2016-06-29 18:26:09'),
(1728, 2, 0, 1, '2016-06-29 18:26:15'),
(1729, 1, 0, 1, '2016-06-29 18:27:36'),
(1730, 2, 0, 1, '2016-06-29 18:28:55'),
(1731, 1, 0, 1, '2016-06-29 18:30:13'),
(1732, 1, 0, 1, '2016-06-29 18:32:17'),
(1733, 1, 0, 1, '2016-06-29 18:40:19'),
(1734, 2, 0, 1, '2016-06-29 18:40:43'),
(1735, 1, 0, 1, '2016-06-29 18:46:49'),
(1736, 2, 0, 1, '2016-06-29 18:47:02'),
(1737, 1, 1, 1, '2016-06-29 18:48:32'),
(1738, 1, 1, 1, '2016-06-29 19:47:54'),
(1739, 4, 1, 1, '2016-06-29 19:48:05'),
(1740, 1, 1, 1, '2016-06-29 19:54:29'),
(1741, 1, 1, 1, '2016-06-29 20:05:08'),
(1742, 1, 1, 1, '2016-06-29 20:05:18'),
(1743, 3, 1, 1, '2016-06-29 20:05:29'),
(1744, 1, 1, 1, '2016-06-29 20:16:21'),
(1745, 6, 1, 1, '2016-06-29 20:16:45'),
(1746, 1, 1, 1, '2016-06-29 20:21:17'),
(1747, 2, 1, 1, '2016-06-29 20:21:27'),
(1748, 5, 1, 1, '2016-06-29 20:21:32'),
(1749, 1, 1, 1, '2016-06-29 20:28:19'),
(1750, 1, 1, 1, '2016-06-29 20:29:24'),
(1751, 1, 1, 1, '2016-06-29 20:30:32'),
(1752, 1, 1, 1, '2016-06-29 20:32:27'),
(1753, 1, 1, 1, '2016-06-29 20:34:00'),
(1754, 1, 1, 1, '2016-06-29 20:35:03'),
(1755, 1, 1, 1, '2016-06-29 21:14:21'),
(1756, 1, 1, 1, '2016-06-29 21:16:00'),
(1757, 1, 1, 1, '2016-06-29 21:19:37'),
(1758, 1, 1, 1, '2016-06-29 21:20:06'),
(1759, 1, 1, 1, '2016-06-29 21:21:10'),
(1760, 1, 1, 1, '2016-06-29 21:48:10'),
(1761, 1, 1, 1, '2016-06-29 22:07:12'),
(1762, 1, 1, 1, '2016-06-29 22:24:54'),
(1763, 1, 1, 1, '2016-06-30 19:53:14'),
(1764, 1, 1, 1, '2016-06-30 19:58:01'),
(1765, 1, 1, 1, '2016-06-30 19:59:11'),
(1766, 1, 1, 1, '2016-06-30 20:02:33'),
(1767, 1, 1, 1, '2016-06-30 20:04:27'),
(1768, 1, 1, 1, '2016-06-30 20:05:50'),
(1769, 1, 1, 1, '2016-06-30 20:07:09'),
(1770, 1, 1, 1, '2016-06-30 20:13:03'),
(1771, 1, 1, 1, '2016-06-30 20:14:35'),
(1772, 1, 1, 1, '2016-06-30 20:14:56'),
(1773, 1, 1, 1, '2016-06-30 20:16:11'),
(1774, 1, 1, 1, '2016-06-30 20:17:53'),
(1775, 1, 1, 1, '2016-06-30 20:18:23'),
(1776, 1, 1, 1, '2016-06-30 20:19:03'),
(1777, 1, 1, 1, '2016-06-30 20:19:49'),
(1778, 1, 1, 1, '2016-06-30 20:22:03'),
(1779, 1, 1, 1, '2016-06-30 20:23:11'),
(1780, 1, 1, 1, '2016-06-30 20:40:33'),
(1781, 1, 1, 1, '2016-06-30 20:43:35'),
(1782, 1, 1, 1, '2016-06-30 20:45:51'),
(1783, 1, 1, 1, '2016-06-30 20:48:37'),
(1784, 1, 1, 1, '2016-06-30 20:50:31'),
(1785, 1, 1, 1, '2016-07-01 18:57:43'),
(1786, 5, 1, 1, '2016-07-01 18:57:55'),
(1787, 4, 1, 1, '2016-07-01 18:58:27'),
(1788, 1, 1, 1, '2016-07-01 19:03:39'),
(1789, 4, 1, 1, '2016-07-01 19:03:43'),
(1790, 1, 1, 1, '2016-07-02 16:42:49'),
(1791, 1, 1, 1, '2016-07-02 16:44:42'),
(1792, 1, 1, 1, '2016-07-02 16:45:42'),
(1793, 1, 1, 1, '2016-07-02 16:49:01'),
(1794, 1, 1, 1, '2016-07-02 17:27:03'),
(1795, 1, 1, 1, '2016-07-02 18:01:48'),
(1796, 1, 1, 1, '2016-07-02 18:04:09'),
(1797, 1, 1, 1, '2016-07-02 18:11:05'),
(1798, 1, 1, 1, '2016-07-02 18:13:21'),
(1799, 1, 1, 1, '2016-07-03 07:09:13'),
(1800, 1, 1, 1, '2016-07-03 07:33:26'),
(1801, 1, 1, 1, '2016-07-03 07:34:47'),
(1802, 1, 1, 1, '2016-07-03 15:34:17'),
(1803, 1, 1, 1, '2016-07-03 15:35:48'),
(1804, 1, 1, 1, '2016-07-03 15:37:33'),
(1805, 1, 1, 1, '2016-07-03 15:48:39'),
(1806, 1, 1, 1, '2016-07-03 16:02:59'),
(1807, 1, 1, 1, '2016-07-03 16:05:54'),
(1808, 1, 1, 1, '2016-07-03 16:06:09'),
(1809, 1, 1, 1, '2016-07-03 16:07:45'),
(1810, 1, 1, 1, '2016-07-03 16:09:31'),
(1811, 1, 1, 1, '2016-07-03 16:10:32'),
(1812, 1, 1, 1, '2016-07-03 16:13:20'),
(1813, 1, 1, 1, '2016-07-03 16:15:40'),
(1814, 1, 1, 1, '2016-07-03 16:54:54'),
(1815, 1, 1, 1, '2016-07-03 16:58:02'),
(1816, 1, 1, 1, '2016-07-03 17:07:43'),
(1817, 1, 1, 1, '2016-07-03 17:09:14'),
(1818, 1, 1, 1, '2016-07-03 17:11:53'),
(1819, 1, 1, 1, '2016-07-03 17:12:34'),
(1820, 1, 1, 1, '2016-07-03 17:12:45'),
(1821, 1, 1, 1, '2016-07-03 17:13:27'),
(1822, 1, 1, 1, '2016-07-03 17:14:19'),
(1823, 1, 1, 1, '2016-07-03 17:15:11'),
(1824, 1, 1, 1, '2016-07-03 17:16:04'),
(1825, 1, 1, 1, '2016-07-03 17:18:19'),
(1826, 1, 1, 1, '2016-07-03 17:19:03'),
(1827, 1, 1, 1, '2016-07-03 17:30:59'),
(1828, 1, 1, 1, '2016-07-03 17:32:02'),
(1829, 1, 1, 1, '2016-07-03 17:33:41'),
(1830, 1, 1, 1, '2016-07-03 17:34:26'),
(1831, 1, 1, 1, '2016-07-03 17:34:35'),
(1832, 1, 1, 1, '2016-07-03 17:36:43'),
(1833, 1, 1, 1, '2016-07-03 17:41:42'),
(1834, 1, 1, 1, '2016-07-03 17:45:23'),
(1835, 1, 1, 1, '2016-07-03 17:51:54'),
(1836, 1, 1, 1, '2016-07-03 17:53:47'),
(1837, 1, 1, 1, '2016-07-03 18:03:17'),
(1838, 1, 1, 1, '2016-07-03 18:10:03'),
(1839, 1, 1, 1, '2016-07-03 18:25:55'),
(1840, 1, 1, 1, '2016-07-03 18:27:22'),
(1841, 1, 1, 1, '2016-07-03 18:29:05'),
(1842, 1, 1, 1, '2016-07-03 18:30:15'),
(1843, 1, 1, 1, '2016-07-03 18:33:30'),
(1844, 1, 1, 1, '2016-07-03 18:35:32'),
(1845, 1, 1, 1, '2016-07-03 18:44:16'),
(1846, 1, 1, 1, '2016-07-03 20:27:58'),
(1847, 1, 1, 1, '2016-07-03 20:30:52'),
(1848, 1, 1, 1, '2016-07-03 20:33:04'),
(1849, 2, 1, 1, '2016-07-03 20:33:38'),
(1850, 1, 1, 1, '2016-07-03 21:02:00'),
(1851, 1, 1, 1, '2016-07-03 21:05:17'),
(1852, 1, 1, 1, '2016-07-03 21:33:39'),
(1853, 1, 1, 1, '2016-07-03 21:38:53'),
(1854, 1, 1, 1, '2016-07-03 21:40:27'),
(1855, 1, 1, 1, '2016-07-03 21:43:01'),
(1856, 1, 1, 1, '2016-07-03 21:48:23'),
(1857, 1, 1, 1, '2016-07-03 21:49:12'),
(1858, 1, 1, 1, '2016-07-03 21:50:41'),
(1859, 1, 1, 1, '2016-07-03 21:50:51'),
(1860, 1, 1, 1, '2016-07-03 21:54:42'),
(1861, 1, 1, 1, '2016-07-03 21:59:24'),
(1862, 1, 1, 1, '2016-07-03 22:01:29'),
(1863, 1, 1, 1, '2016-07-03 22:07:48'),
(1864, 1, 1, 1, '2016-07-03 22:07:55'),
(1865, 1, 1, 1, '2016-07-03 22:07:59'),
(1866, 1, 1, 1, '2016-07-03 22:08:25'),
(1867, 1, 1, 1, '2016-07-03 22:11:10'),
(1868, 1, 1, 1, '2016-07-03 22:21:09'),
(1869, 1, 1, 1, '2016-07-03 22:23:24'),
(1870, 1, 1, 1, '2016-07-03 22:25:26'),
(1871, 1, 1, 1, '2016-07-04 20:00:45'),
(1872, 1, 1, 1, '2016-07-04 20:00:50'),
(1873, 1, 1, 1, '2016-07-04 20:01:29'),
(1874, 1, 1, 1, '2016-07-04 20:08:08'),
(1875, 1, 1, 1, '2016-07-04 20:11:57'),
(1876, 1, 1, 1, '2016-07-04 20:16:49'),
(1877, 1, 1, 1, '2016-07-04 20:17:51'),
(1878, 1, 1, 1, '2016-07-04 20:33:23'),
(1879, 1, 1, 1, '2016-07-04 20:34:37'),
(1880, 1, 1, 1, '2016-07-04 20:38:10'),
(1881, 1, 1, 1, '2016-07-04 20:38:14'),
(1882, 1, 1, 1, '2016-07-04 20:38:53'),
(1883, 1, 1, 1, '2016-07-04 20:44:08'),
(1884, 1, 1, 1, '2016-07-04 20:44:58'),
(1885, 1, 1, 1, '2016-07-04 20:45:04'),
(1886, 1, 1, 1, '2016-07-04 20:46:07'),
(1887, 1, 1, 1, '2016-07-04 20:46:53'),
(1888, 1, 1, 1, '2016-07-04 20:47:41'),
(1889, 1, 1, 1, '2016-07-04 20:52:46'),
(1890, 1, 1, 1, '2016-07-05 18:05:14'),
(1891, 1, 1, 1, '2016-07-05 18:31:15'),
(1892, 1, 1, 1, '2016-07-05 18:32:49'),
(1893, 1, 1, 1, '2016-07-05 18:36:20'),
(1894, 1, 1, 1, '2016-07-05 18:37:46'),
(1895, 1, 1, 1, '2016-07-05 19:16:00'),
(1896, 1, 1, 1, '2016-07-05 19:34:38'),
(1897, 1, 1, 1, '2016-07-05 19:37:58'),
(1898, 1, 1, 1, '2016-07-05 19:39:21'),
(1899, 1, 1, 1, '2016-07-05 19:40:16'),
(1900, 1, 1, 1, '2016-07-05 19:42:15'),
(1901, 1, 1, 1, '2016-07-05 19:42:56'),
(1902, 1, 1, 1, '2016-07-05 19:46:34'),
(1903, 1, 1, 1, '2016-07-05 19:50:54'),
(1904, 1, 1, 1, '2016-07-05 19:51:18'),
(1905, 1, 1, 1, '2016-07-05 20:03:46'),
(1906, 1, 1, 1, '2016-07-05 21:42:27'),
(1907, 1, 1, 1, '2016-07-07 18:31:44'),
(1908, 1, 1, 1, '2016-07-07 18:33:44'),
(1909, 1, 1, 1, '2016-07-07 18:35:36'),
(1910, 1, 1, 1, '2016-07-07 18:39:05'),
(1911, 1, 1, 1, '2016-07-08 12:32:46'),
(1912, 1, 1, 1, '2016-07-08 12:41:48'),
(1913, 1, 1, 1, '2016-07-08 14:50:44'),
(1914, 1, 1, 1, '2016-07-08 14:52:06'),
(1915, 1, 1, 1, '2016-07-08 15:14:48'),
(1916, 3, 1, 1, '2016-07-08 15:15:39'),
(1917, 3, 1, 1, '2016-07-08 15:15:43'),
(1918, 1, 1, 1, '2016-07-08 15:16:22'),
(1919, 1, 1, 1, '2016-07-08 15:17:17'),
(1920, 1, 1, 1, '2016-07-08 15:19:21'),
(1921, 1, 1, 1, '2016-07-08 15:25:13'),
(1922, 1, 1, 1, '2016-07-08 15:27:05'),
(1923, 1, 1, 1, '2016-07-08 15:50:28'),
(1924, 1, 1, 1, '2016-07-08 15:58:03'),
(1925, 1, 1, 1, '2016-07-08 15:58:07'),
(1926, 1, 1, 1, '2016-07-08 15:58:53'),
(1927, 1, 1, 1, '2016-07-08 15:59:53'),
(1928, 1, 1, 1, '2016-07-08 15:59:57'),
(1929, 1, 1, 1, '2016-07-08 16:00:23'),
(1930, 1, 1, 1, '2016-07-08 17:34:56'),
(1931, 1, 1, 1, '2016-07-08 17:58:13'),
(1932, 1, 1, 1, '2016-07-08 18:01:09'),
(1933, 1, 1, 1, '2016-07-08 18:43:03'),
(1934, 1, 1, 1, '2016-07-08 18:47:27'),
(1935, 1, 1, 1, '2016-07-08 19:02:20'),
(1936, 1, 1, 1, '2016-07-08 19:07:36'),
(1937, 1, 1, 1, '2016-07-08 19:20:49'),
(1938, 1, 1, 1, '2016-07-08 19:22:55'),
(1939, 1, 1, 1, '2016-07-08 19:23:53'),
(1940, 1, 1, 1, '2016-07-08 19:28:36'),
(1941, 1, 1, 1, '2016-07-08 19:32:36'),
(1942, 3, 1, 1, '2016-07-09 19:48:02'),
(1943, 1, 1, 1, '2016-07-09 19:50:34'),
(1944, 1, 1, 1, '2016-07-09 19:51:34'),
(1945, 1, 1, 1, '2016-07-09 19:53:02'),
(1946, 1, 1, 1, '2016-07-09 21:16:10'),
(1947, 1, 1, 1, '2016-07-09 21:16:15'),
(1948, 1, 1, 1, '2016-07-09 21:17:12'),
(1949, 1, 1, 1, '2016-07-09 21:25:28'),
(1950, 1, 1, 1, '2016-07-10 18:07:27'),
(1951, 1, 1, 1, '2016-07-10 18:09:57'),
(1952, 1, 1, 1, '2016-07-10 18:10:02'),
(1953, 1, 1, 1, '2016-07-10 18:11:00'),
(1954, 1, 1, 1, '2016-07-10 18:15:07'),
(1955, 1, 1, 1, '2016-07-10 18:20:37'),
(1956, 1, 1, 1, '2016-07-11 17:32:41'),
(1957, 1, 1, 1, '2016-07-11 17:53:00'),
(1958, 1, 1, 1, '2016-07-11 20:16:15'),
(1959, 1, 1, 1, '2016-07-12 18:13:04'),
(1960, 1, 1, 1, '2016-07-12 18:17:56'),
(1961, 1, 1, 1, '2016-07-12 18:18:01'),
(1962, 1, 1, 1, '2016-07-12 18:18:29'),
(1963, 1, 1, 1, '2016-07-12 18:18:42'),
(1964, 1, 1, 1, '2016-07-12 18:20:05'),
(1965, 1, 1, 1, '2016-07-12 18:23:24'),
(1966, 1, 1, 1, '2016-07-12 18:32:11'),
(1967, 1, 1, 1, '2016-07-12 20:56:24'),
(1968, 1, 1, 1, '2016-07-12 20:58:23'),
(1969, 1, 0, 1, '2016-07-13 20:40:55'),
(1970, 2, 1, 1, '2016-07-13 20:41:47'),
(1971, 2, 1, 1, '2016-07-13 20:42:04'),
(1972, 1, 1, 1, '2016-07-13 20:43:27'),
(1973, 1, 1, 1, '2016-07-13 20:43:32'),
(1974, 1, 1, 1, '2016-07-13 20:44:19'),
(1975, 1, 1, 1, '2016-07-13 21:42:04'),
(1976, 1, 1, 1, '2016-07-13 21:43:47'),
(1977, 1, 1, 1, '2016-07-13 21:44:57'),
(1978, 1, 0, 1, '2016-07-13 21:48:10'),
(1979, 2, 1, 1, '2016-07-13 21:48:50'),
(1980, 1, 0, 1, '2016-07-13 21:54:01'),
(1981, 2, 1, 1, '2016-07-13 21:54:30'),
(1982, 1, 1, 1, '2016-07-13 22:00:24'),
(1983, 1, 1, 1, '2016-07-13 22:07:07'),
(1984, 1, 1, 1, '2016-07-13 22:13:35'),
(1985, 1, 1, 1, '2016-07-13 22:20:29'),
(1986, 1, 1, 1, '2016-07-14 07:29:21'),
(1987, 1, 1, 1, '2016-07-14 14:29:12'),
(1988, 1, 1, 1, '2016-07-14 15:07:43'),
(1989, 1, 1, 1, '2016-07-14 16:17:22'),
(1990, 1, 1, 1, '2016-07-14 16:30:17'),
(1991, 1, 1, 1, '2016-07-14 16:37:07'),
(1992, 1, 1, 1, '2016-07-14 16:38:54'),
(1993, 1, 1, 1, '2016-07-14 16:42:07'),
(1994, 1, 1, 1, '2016-07-14 17:43:30'),
(1995, 1, 1, 1, '2016-07-14 17:54:03'),
(1996, 1, 1, 1, '2016-07-14 18:09:39'),
(1997, 1, 1, 1, '2016-07-14 19:40:03'),
(1998, 1, 1, 1, '2016-07-14 20:37:23'),
(1999, 1, 1, 1, '2016-07-14 20:40:01'),
(2000, 1, 0, 1, '2016-07-15 19:14:50'),
(2001, 2, 1, 1, '2016-07-15 19:16:01'),
(2002, 1, 1, 1, '2016-07-15 19:18:15'),
(2003, 1, 1, 1, '2016-07-15 19:18:23'),
(2004, 1, 1, 1, '2016-07-15 19:19:13'),
(2005, 1, 1, 1, '2016-07-15 19:22:18'),
(2006, 1, 1, 1, '2016-07-15 19:48:31'),
(2007, 1, 1, 1, '2016-07-15 19:53:36'),
(2008, 1, 1, 1, '2016-07-15 19:53:42'),
(2009, 1, 1, 1, '2016-07-15 19:54:22'),
(2010, 1, 1, 1, '2016-07-15 19:55:54'),
(2011, 1, 1, 1, '2016-07-15 19:56:19'),
(2012, 1, 1, 1, '2016-07-15 20:01:53'),
(2013, 1, 1, 1, '2016-07-15 20:06:29'),
(2014, 1, 1, 1, '2016-07-15 20:09:47'),
(2015, 1, 1, 1, '2016-07-15 20:11:10'),
(2016, 1, 1, 1, '2016-07-15 20:15:02'),
(2017, 1, 1, 1, '2016-07-15 20:29:35'),
(2018, 1, 1, 1, '2016-07-15 20:34:26'),
(2019, 1, 1, 1, '2016-07-15 20:35:59'),
(2020, 1, 1, 1, '2016-07-15 20:37:18'),
(2021, 1, 1, 1, '2016-07-15 21:24:15'),
(2022, 1, 0, 1, '2016-07-16 20:26:51'),
(2023, 4, 1, 1, '2016-07-16 20:37:20'),
(2024, 1, 1, 1, '2016-07-16 20:39:49'),
(2025, 1, 1, 1, '2016-07-16 20:51:34'),
(2026, 1, 1, 1, '2016-07-16 21:05:36'),
(2027, 1, 1, 1, '2016-07-16 21:07:50'),
(2028, 1, 1, 1, '2016-07-16 21:07:55'),
(2029, 1, 1, 1, '2016-07-16 21:11:35'),
(2030, 1, 1, 1, '2016-07-16 21:12:20'),
(2031, 1, 1, 1, '2016-07-16 21:15:05'),
(2032, 1, 1, 1, '2016-07-16 21:17:52'),
(2033, 1, 1, 1, '2016-07-16 21:20:48'),
(2034, 1, 1, 1, '2016-07-17 18:11:31'),
(2035, 1, 1, 1, '2016-07-17 18:42:52'),
(2036, 1, 1, 1, '2016-07-17 18:49:41'),
(2037, 1, 1, 1, '2016-07-17 18:51:16'),
(2038, 1, 1, 1, '2016-07-17 18:53:05'),
(2039, 1, 1, 1, '2016-07-17 18:54:40'),
(2040, 1, 1, 1, '2016-07-17 18:54:49'),
(2041, 1, 1, 1, '2016-07-17 19:15:49'),
(2042, 1, 1, 1, '2016-07-17 20:48:01'),
(2043, 1, 1, 1, '2016-07-17 20:49:56'),
(2044, 1, 1, 1, '2016-07-17 20:51:22'),
(2045, 1, 1, 1, '2016-07-17 20:52:32'),
(2046, 1, 1, 1, '2016-07-17 20:55:07'),
(2047, 1, 1, 1, '2016-07-17 20:55:32'),
(2048, 1, 1, 1, '2016-07-17 20:56:02'),
(2049, 1, 1, 1, '2016-07-17 20:56:24'),
(2050, 1, 1, 1, '2016-07-17 20:58:29'),
(2051, 1, 1, 1, '2016-07-17 21:07:08'),
(2052, 1, 1, 1, '2016-07-17 21:12:41'),
(2053, 1, 1, 1, '2016-07-17 21:17:10'),
(2054, 1, 1, 1, '2016-07-17 21:17:32'),
(2055, 1, 1, 1, '2016-07-17 22:19:45'),
(2056, 1, 1, 1, '2016-07-17 22:21:15'),
(2057, 1, 1, 1, '2016-07-17 22:25:36'),
(2058, 1, 0, 1, '2016-07-18 20:12:23'),
(2059, 2, 1, 1, '2016-07-18 20:13:15'),
(2060, 1, 1, 1, '2016-07-19 07:46:38'),
(2061, 1, 1, 1, '2016-07-19 07:53:56'),
(2062, 1, 1, 1, '2016-07-19 07:54:51'),
(2063, 1, 1, 1, '2016-07-19 08:00:46'),
(2064, 1, 1, 1, '2016-07-19 08:04:49'),
(2065, 1, 1, 1, '2016-07-19 08:14:20'),
(2066, 1, 1, 1, '2016-07-19 16:56:50'),
(2067, 1, 1, 1, '2016-07-19 19:47:26'),
(2068, 1, 1, 1, '2016-07-19 19:54:30'),
(2069, 1, 1, 1, '2016-07-19 19:57:45'),
(2070, 1, 1, 1, '2016-07-19 19:59:48'),
(2071, 1, 1, 1, '2016-07-19 20:02:24'),
(2072, 1, 1, 1, '2016-07-19 20:03:23'),
(2073, 1, 1, 1, '2016-07-19 20:05:03'),
(2074, 1, 1, 1, '2016-07-19 20:12:43'),
(2075, 1, 1, 1, '2016-07-19 20:19:51'),
(2076, 1, 0, 1, '2016-07-19 21:02:04'),
(2077, 2, 0, 1, '2016-07-19 21:11:51'),
(2078, 1, 0, 1, '2016-07-19 21:24:23'),
(2079, 1, 0, 1, '2016-07-19 21:27:17'),
(2080, 1, 0, 1, '2016-07-19 21:28:29'),
(2081, 1, 0, 1, '2016-07-19 21:34:06'),
(2082, 1, 0, 1, '2016-07-19 21:36:00'),
(2083, 1, 0, 1, '2016-07-20 16:54:05'),
(2084, 1, 0, 1, '2016-07-20 16:54:42'),
(2085, 1, 0, 1, '2016-07-20 16:58:47'),
(2086, 1, 0, 1, '2016-07-20 16:59:56'),
(2087, 1, 0, 1, '2016-07-20 17:01:05'),
(2088, 1, 0, 1, '2016-07-20 17:07:49'),
(2089, 1, 0, 1, '2016-07-24 08:17:50'),
(2090, 1, 0, 1, '2016-07-24 08:26:00'),
(2091, 1, 0, 1, '2016-07-24 08:26:25'),
(2092, 1, 0, 1, '2016-07-24 08:42:12'),
(2093, 1, 0, 1, '2016-07-24 08:49:31'),
(2094, 2, 1, 1, '2016-07-24 08:49:57'),
(2095, 1, 1, 1, '2016-07-24 08:54:37'),
(2096, 1, 1, 1, '2016-07-24 09:07:09'),
(2097, 1, 1, 1, '2016-07-24 09:13:30'),
(2098, 1, 1, 1, '2016-07-24 09:15:18'),
(2099, 1, 1, 1, '2016-07-24 09:17:59'),
(2100, 1, 1, 1, '2016-07-24 09:29:41'),
(2101, 1, 1, 1, '2016-07-24 09:35:48'),
(2102, 1, 1, 1, '2016-07-24 09:41:49'),
(2103, 1, 1, 1, '2016-07-24 10:22:28'),
(2104, 1, 1, 1, '2016-07-24 10:25:50'),
(2105, 1, 1, 1, '2016-07-24 10:49:39'),
(2106, 55, 0, 1, '2016-07-24 19:42:18'),
(2107, 1, 1, 1, '2016-07-24 19:43:49'),
(2108, 1, 1, 1, '2016-07-24 19:54:04'),
(2109, 1, 1, 1, '2016-07-24 19:57:27'),
(2110, 1, 1, 1, '2016-07-24 19:59:43'),
(2111, 2, 1, 1, '2016-07-24 20:01:33'),
(2112, 4, 1, 1, '2016-07-24 20:25:26'),
(2113, 4, 1, 1, '2016-07-24 20:28:53'),
(2114, 2, 1, 1, '2016-07-24 20:29:06'),
(2115, 8, 1, 1, '2016-07-24 20:32:17'),
(2116, 124, 1, 2, '2016-07-24 20:36:26'),
(2117, 128, 1, 2, '2016-07-24 20:37:45'),
(2118, 15, 1, 1, '2016-07-24 20:53:03'),
(2119, 16, 1, 1, '2016-07-24 20:53:22'),
(2120, 15, 1, 1, '2016-07-24 20:54:22'),
(2121, 1, 1, 1, '2016-07-24 20:56:04'),
(2122, 1, 1, 1, '2016-07-24 21:05:50'),
(2123, 1, 1, 1, '2016-07-24 21:09:02'),
(2124, 15, 1, 1, '2016-07-24 21:09:26'),
(2125, 1, 1, 1, '2016-07-24 21:40:38'),
(2126, 1, 1, 1, '2016-07-24 21:47:01'),
(2127, 1, 1, 1, '2016-07-24 21:50:53'),
(2128, 1, 1, 1, '2016-07-24 21:52:40'),
(2129, 15, 1, 1, '2016-07-24 21:54:12'),
(2130, 15, 1, 1, '2016-07-24 21:57:37'),
(2131, 1, 1, 1, '2016-07-24 21:58:47'),
(2132, 15, 1, 1, '2016-07-24 21:59:03'),
(2133, 1, 1, 1, '2016-07-24 22:00:07'),
(2134, 15, 1, 1, '2016-07-24 22:00:21'),
(2135, 1, 1, 1, '2016-07-24 22:03:02'),
(2136, 1, 1, 1, '2016-07-24 22:09:17'),
(2137, 1, 1, 1, '2016-07-24 22:12:17'),
(2138, 2, 1, 1, '2016-07-24 22:12:35'),
(2139, 3, 1, 1, '2016-07-25 06:46:40'),
(2140, 1, 1, 1, '2016-07-25 06:48:25'),
(2141, 2, 1, 1, '2016-07-25 06:48:34'),
(2142, 2, 1, 1, '2016-07-25 06:58:29'),
(2143, 2, 1, 1, '2016-07-25 17:05:29'),
(2144, 1, 1, 1, '2016-07-27 18:42:28'),
(2145, 1, 1, 1, '2016-07-27 19:09:59'),
(2146, 1, 1, 1, '2016-07-27 19:12:31'),
(2147, 1, 1, 1, '2016-07-27 19:13:52'),
(2148, 1, 1, 1, '2016-07-27 19:14:43'),
(2149, 1, 1, 1, '2016-07-27 19:16:06'),
(2150, 1, 1, 1, '2016-07-27 19:48:18'),
(2151, 2, 1, 1, '2016-07-27 19:48:40'),
(2152, 1, 1, 1, '2016-07-27 19:50:03'),
(2153, 1, 1, 1, '2016-07-27 19:51:57'),
(2154, 1, 1, 1, '2016-07-27 19:54:14'),
(2155, 1, 1, 1, '2016-07-27 19:55:39'),
(2156, 1, 1, 1, '2016-07-27 19:56:20'),
(2157, 1, 1, 1, '2016-07-27 20:00:52'),
(2158, 1, 1, 1, '2016-07-27 20:04:41'),
(2159, 1, 1, 1, '2016-07-27 20:09:15'),
(2160, 1, 1, 1, '2016-07-27 20:10:07'),
(2161, 1, 1, 1, '2016-07-27 20:11:16'),
(2162, 1, 1, 1, '2016-07-27 20:12:36'),
(2163, 1, 1, 1, '2016-07-27 20:14:29'),
(2164, 1, 1, 1, '2016-07-27 20:16:33'),
(2165, 1, 1, 1, '2016-07-27 20:18:37'),
(2166, 1, 1, 1, '2016-07-27 20:19:51'),
(2167, 1, 1, 1, '2016-07-27 20:22:10'),
(2168, 1, 1, 1, '2016-07-27 20:23:32'),
(2169, 1, 1, 1, '2016-07-27 20:28:37'),
(2170, 1, 1, 1, '2016-07-27 20:29:50'),
(2171, 1, 1, 1, '2016-07-27 20:30:49'),
(2172, 1, 1, 1, '2016-07-27 20:31:53'),
(2173, 1, 1, 1, '2016-07-27 20:32:43'),
(2174, 1, 1, 1, '2016-07-27 20:33:20'),
(2175, 1, 1, 1, '2016-07-27 20:35:06'),
(2176, 1, 0, 1, '2016-07-27 20:38:02'),
(2177, 1, 1, 1, '2016-07-27 20:41:40'),
(2178, 1, 1, 1, '2016-07-27 21:02:29'),
(2179, 1, 1, 1, '2016-07-27 21:08:54'),
(2180, 1, 1, 1, '2016-07-27 21:19:46'),
(2181, 1, 1, 1, '2016-07-27 21:57:16'),
(2182, 1, 1, 1, '2016-07-27 21:59:57'),
(2183, 1, 0, 1, '2016-07-27 22:00:49'),
(2184, 1, 0, 1, '2016-07-27 22:02:18'),
(2185, 1, 1, 1, '2016-07-27 22:02:55'),
(2186, 1, 1, 1, '2016-07-27 22:06:37'),
(2187, 1, 1, 1, '2016-07-27 22:10:05'),
(2188, 1, 1, 1, '2016-07-27 22:11:14'),
(2189, 1, 1, 1, '2016-07-27 22:18:11'),
(2190, 1, 1, 1, '2016-07-27 22:19:29'),
(2191, 1, 1, 1, '2016-07-27 22:23:56'),
(2192, 1, 1, 1, '2016-07-28 18:55:43'),
(2193, 1, 1, 1, '2016-07-28 18:56:49'),
(2194, 1, 1, 1, '2016-07-28 18:58:12'),
(2195, 1, 1, 1, '2016-07-28 18:59:08'),
(2196, 1, 1, 1, '2016-07-28 19:01:21'),
(2197, 1, 1, 1, '2016-07-28 19:02:14'),
(2198, 1, 1, 1, '2016-07-28 19:13:33'),
(2199, 1, 1, 1, '2016-07-28 19:26:52'),
(2200, 1, 1, 1, '2016-07-28 19:30:45'),
(2201, 1, 1, 1, '2016-07-28 19:36:04'),
(2202, 1, 1, 1, '2016-07-28 19:37:08'),
(2203, 1, 1, 1, '2016-07-28 19:39:22'),
(2204, 1, 1, 1, '2016-07-28 19:44:01'),
(2205, 1, 1, 1, '2016-07-28 19:46:40'),
(2206, 1, 1, 1, '2016-07-28 19:48:44'),
(2207, 1, 1, 1, '2016-07-28 19:50:57'),
(2208, 1, 1, 1, '2016-07-28 20:02:22'),
(2209, 1, 1, 1, '2016-07-28 20:09:55'),
(2210, 1, 1, 1, '2016-07-28 20:13:33'),
(2211, 1, 1, 1, '2016-07-28 20:14:24'),
(2212, 1, 1, 1, '2016-07-28 20:15:08'),
(2213, 1, 1, 1, '2016-07-28 20:15:44'),
(2214, 1, 1, 1, '2016-07-28 20:22:16'),
(2215, 1, 1, 1, '2016-07-28 20:23:45'),
(2216, 1, 1, 1, '2016-07-28 20:42:32'),
(2217, 1, 1, 1, '2016-07-28 20:43:43'),
(2218, 1, 1, 1, '2016-07-28 20:45:02'),
(2219, 1, 1, 1, '2016-07-28 20:45:49'),
(2220, 1, 1, 1, '2016-07-28 20:48:22'),
(2221, 1, 1, 1, '2016-07-28 20:50:18'),
(2222, 1, 1, 1, '2016-07-28 20:52:28'),
(2223, 1, 1, 1, '2016-07-28 20:55:34'),
(2224, 1, 1, 1, '2016-07-28 20:56:56'),
(2225, 1, 1, 1, '2016-07-28 20:58:21'),
(2226, 1, 1, 1, '2016-07-28 20:59:18'),
(2227, 1, 1, 1, '2016-07-28 21:00:37'),
(2228, 1, 1, 1, '2016-07-28 21:01:39'),
(2229, 1, 1, 1, '2016-07-28 21:02:35'),
(2230, 1, 1, 1, '2016-07-28 21:05:03'),
(2231, 1, 1, 1, '2016-07-28 21:08:23'),
(2232, 1, 1, 1, '2016-07-28 21:19:17'),
(2233, 1, 1, 1, '2016-07-28 21:23:18'),
(2234, 1, 1, 1, '2016-07-28 21:28:10'),
(2235, 1, 1, 1, '2016-07-28 21:29:32'),
(2236, 1, 1, 1, '2016-07-28 21:31:21'),
(2237, 1, 1, 1, '2016-08-02 17:49:05'),
(2238, 1, 0, 1, '2016-08-02 18:02:12'),
(2239, 1, 1, 1, '2016-08-02 18:36:53'),
(2240, 1, 1, 1, '2016-08-02 18:41:52'),
(2241, 1, 1, 1, '2016-08-02 18:46:22'),
(2242, 1, 1, 1, '2016-08-02 18:48:34'),
(2243, 1, 1, 1, '2016-08-02 18:49:39'),
(2244, 1, 1, 1, '2016-08-02 18:50:58'),
(2245, 1, 1, 1, '2016-08-02 18:55:43'),
(2246, 1, 1, 1, '2016-08-02 19:05:39'),
(2247, 1, 1, 1, '2016-08-02 19:06:22'),
(2248, 1, 1, 1, '2016-08-02 19:17:27'),
(2249, 1, 1, 1, '2016-08-02 19:22:50'),
(2250, 1, 1, 1, '2016-08-02 19:28:54'),
(2251, 1, 1, 1, '2016-08-02 19:29:46'),
(2252, 1, 1, 1, '2016-08-02 19:32:30'),
(2253, 1, 1, 1, '2016-08-02 19:35:39'),
(2254, 1, 1, 1, '2016-08-02 19:38:22'),
(2255, 1, 1, 1, '2016-08-02 19:48:12'),
(2256, 1, 1, 1, '2016-08-02 19:52:16'),
(2257, 1, 1, 1, '2016-08-02 19:55:46'),
(2258, 1, 1, 1, '2016-08-02 20:30:33'),
(2259, 1, 1, 1, '2016-08-02 20:33:28'),
(2260, 1, 1, 1, '2016-08-02 20:40:07'),
(2261, 1, 1, 1, '2016-08-03 18:28:41'),
(2262, 1, 1, 1, '2016-08-03 18:32:22'),
(2263, 1, 1, 1, '2016-08-03 19:01:08'),
(2264, 1, 1, 1, '2016-08-03 19:03:06'),
(2265, 1, 1, 1, '2016-08-03 19:12:31'),
(2266, 1, 1, 1, '2016-08-03 19:21:07'),
(2267, 1, 1, 1, '2016-08-03 19:22:06'),
(2268, 1, 1, 1, '2016-08-03 19:37:02'),
(2269, 2, 1, 1, '2016-08-03 19:37:08'),
(2270, 1, 1, 1, '2016-08-03 19:44:31'),
(2271, 1, 0, 1, '2016-08-03 19:58:18'),
(2272, 1, 1, 1, '2016-08-03 20:34:29'),
(2273, 1, 1, 1, '2016-08-03 20:40:18'),
(2274, 1, 0, 1, '2016-08-03 21:03:07'),
(2275, 1, 0, 1, '2016-08-03 21:17:54'),
(2276, 1, 0, 1, '2016-08-04 19:11:59'),
(2277, 1, 0, 1, '2016-08-04 19:18:03'),
(2278, 1, 0, 1, '2016-08-05 18:40:41'),
(2279, 1, 0, 1, '2016-08-05 18:50:54'),
(2280, 1, 0, 1, '2016-08-05 18:52:06'),
(2281, 1, 0, 1, '2016-08-05 18:59:03'),
(2282, 1, 1, 1, '2016-08-05 19:12:42'),
(2283, 1, 1, 1, '2016-08-05 19:23:41'),
(2284, 1, 1, 1, '2016-08-05 19:24:02'),
(2285, 1, 1, 1, '2016-08-05 19:26:29'),
(2286, 1, 1, 1, '2016-08-05 19:35:02'),
(2287, 1, 1, 1, '2016-08-05 19:38:10'),
(2288, 1, 1, 1, '2016-08-05 19:40:50'),
(2289, 1, 1, 1, '2016-08-05 19:51:15'),
(2290, 1, 1, 1, '2016-08-05 19:52:38'),
(2291, 1, 0, 1, '2016-08-05 19:55:04'),
(2292, 1, 0, 1, '2016-08-05 20:02:34'),
(2293, 1, 1, 1, '2016-08-07 09:28:01'),
(2294, 1, 1, 1, '2016-08-07 09:37:16'),
(2295, 2, 1, 1, '2016-08-07 09:37:38'),
(2296, 3, 1, 1, '2016-08-07 09:37:48'),
(2297, 1, 1, 1, '2016-08-07 15:07:27'),
(2298, 1, 0, 1, '2016-08-07 21:41:50'),
(2299, 1, 1, 1, '2016-08-07 21:46:35'),
(2300, 1, 1, 1, '2016-08-07 21:53:26'),
(2301, 1, 1, 1, '2016-08-07 21:54:20'),
(2302, 2, 1, 1, '2016-08-07 21:54:57'),
(2303, 2, 1, 1, '2016-08-07 21:55:15'),
(2304, 1, 1, 1, '2016-08-07 21:55:48'),
(2305, 2, 1, 1, '2016-08-07 21:55:52'),
(2306, 4, 1, 1, '2016-08-07 21:56:20'),
(2307, 3, 1, 1, '2016-08-07 21:56:45'),
(2308, 1, 1, 1, '2016-08-07 22:08:32'),
(2309, 1, 1, 1, '2016-08-07 22:13:58'),
(2310, 3, 1, 1, '2016-08-07 22:17:22'),
(2311, 4, 1, 1, '2016-08-07 22:23:33'),
(2312, 6, 0, 1, '2016-08-07 22:27:14'),
(2313, 1, 1, 1, '2016-08-07 22:38:05'),
(2314, 5, 1, 1, '2016-08-07 22:51:54'),
(2315, 8, 1, 1, '2016-08-07 23:00:12'),
(2316, 7, 1, 1, '2016-08-08 07:47:04'),
(2317, 1, 1, 1, '2016-08-08 15:18:03'),
(2318, 1, 1, 1, '2016-08-08 15:32:45'),
(2319, 1, 1, 1, '2016-08-08 17:10:08'),
(2320, 1, 1, 1, '2016-08-08 17:38:54'),
(2321, 1, 1, 1, '2016-08-08 17:41:14'),
(2322, 1, 1, 1, '2016-08-08 17:43:37'),
(2323, 124, 1, 2, '2016-08-08 17:57:38'),
(2324, 1, 0, 1, '2016-08-08 18:29:33'),
(2325, 124, 0, 2, '2016-08-08 18:29:44'),
(2326, 227, 1, 3, '2016-08-08 19:06:58'),
(2327, 228, 1, 3, '2016-08-08 19:07:09'),
(2328, 230, 1, 3, '2016-08-08 19:07:18'),
(2329, 232, 1, 3, '2016-08-08 19:07:30'),
(2330, 276, 1, 3, '2016-08-08 20:00:12'),
(2331, 277, 1, 3, '2016-08-08 20:00:23'),
(2332, 238, 1, 3, '2016-08-08 20:09:55'),
(2333, 343, 1, 4, '2016-08-08 20:12:34'),
(2334, 1, 1, 1, '2016-08-08 20:15:08'),
(2335, 1, 1, 1, '2016-08-08 20:17:11'),
(2336, 1, 1, 1, '2016-08-08 20:18:22'),
(2337, 1, 1, 1, '2016-08-08 20:21:30'),
(2338, 1, 1, 1, '2016-08-08 20:22:31'),
(2339, 1, 1, 1, '2016-08-08 20:28:45'),
(2340, 1, 1, 1, '2016-08-08 20:30:41'),
(2341, 1, 1, 1, '2016-08-08 20:31:37'),
(2342, 1, 1, 1, '2016-08-08 20:33:44'),
(2343, 1, 1, 1, '2016-08-08 20:49:52'),
(2344, 1, 1, 1, '2016-08-08 20:50:43'),
(2345, 1, 1, 1, '2016-08-08 22:00:05'),
(2346, 227, 1, 3, '2016-08-09 20:03:22'),
(2347, 422, 1, 3, '2016-08-09 20:04:17'),
(2348, 152, 1, 2, '2016-08-09 21:07:27'),
(2349, 128, 1, 2, '2016-08-09 21:13:41'),
(2350, 130, 1, 2, '2016-08-09 21:17:05'),
(2351, 132, 1, 2, '2016-08-09 21:20:50'),
(2352, 172, 1, 2, '2016-08-09 21:26:04'),
(2353, 132, 1, 2, '2016-08-09 21:28:41'),
(2354, 124, 0, 2, '2016-08-09 21:31:40'),
(2355, 128, 1, 2, '2016-08-09 21:41:33'),
(2356, 156, 1, 2, '2016-08-09 21:48:44'),
(2357, 154, 1, 2, '2016-08-09 21:55:33'),
(2358, 161, 1, 2, '2016-08-09 22:03:29'),
(2359, 156, 0, 2, '2016-08-09 22:09:50'),
(2360, 227, 1, 3, '2016-08-09 22:12:56'),
(2361, 125, 1, 2, '2016-08-10 05:52:21'),
(2362, 126, 1, 2, '2016-08-10 07:11:01'),
(2363, 124, 1, 2, '2016-08-10 07:14:33'),
(2364, 28, 0, 1, '2016-08-11 20:06:17'),
(2365, 28, 0, 1, '2016-08-11 20:06:28'),
(2366, 1, 0, 1, '2016-08-11 20:06:35'),
(2367, 1, 0, 1, '2016-08-11 20:08:27'),
(2368, 1, 0, 1, '2016-08-11 20:10:35'),
(2369, 1, 0, 1, '2016-08-11 20:13:02'),
(2370, 3, 0, 1, '2016-08-11 20:13:11'),
(2371, 10, 0, 1, '2016-08-11 20:13:15'),
(2372, 1, 0, 1, '2016-08-11 20:13:20'),
(2373, 227, 0, 3, '2016-08-11 20:13:35'),
(2374, 1, 0, 1, '2016-08-12 07:57:12'),
(2375, 1, 0, 1, '2016-08-12 19:14:03'),
(2376, 2, 0, 1, '2016-08-12 19:14:18'),
(2377, 1, 0, 1, '2016-08-12 19:14:23'),
(2378, 28, 1, 1, '2016-08-12 19:15:26'),
(2379, 1, 0, 1, '2016-08-12 21:05:22'),
(2380, 3, 0, 1, '2016-08-12 21:05:32'),
(2381, 1, 1, 1, '2016-08-12 21:06:18'),
(2382, 1, 1, 1, '2016-08-12 21:16:27'),
(2383, 2, 1, 1, '2016-08-12 21:16:38'),
(2384, 6, 1, 1, '2016-08-12 21:17:23'),
(2385, 6, 1, 1, '2016-08-12 21:18:05'),
(2386, 15, 1, 1, '2016-08-12 21:26:28'),
(2387, 35, 1, 1, '2016-08-12 21:28:16'),
(2388, 35, 1, 1, '2016-08-12 21:28:22'),
(2389, 28, 0, 1, '2016-08-13 18:41:05'),
(2390, 1, 1, 1, '2016-08-13 18:43:22'),
(2391, 28, 1, 1, '2016-08-13 18:46:37'),
(2392, 1, 1, 1, '2016-08-13 18:53:22'),
(2393, 2, 1, 1, '2016-08-13 18:57:04'),
(2394, 4, 1, 1, '2016-08-13 18:57:07'),
(2395, 28, 1, 1, '2016-08-13 18:57:17'),
(2396, 1, 1, 1, '2016-08-13 18:59:41'),
(2397, 1, 1, 1, '2016-08-13 19:09:11'),
(2398, 2, 1, 1, '2016-08-13 19:09:14'),
(2399, 3, 1, 1, '2016-08-13 19:14:11'),
(2400, 1, 1, 1, '2016-08-13 19:18:19'),
(2401, 1, 1, 1, '2016-08-13 19:29:31'),
(2402, 1, 1, 1, '2016-08-13 19:42:48'),
(2403, 2, 1, 1, '2016-08-13 19:42:51'),
(2404, 28, 1, 1, '2016-08-13 19:42:56'),
(2405, 1, 0, 1, '2016-08-13 21:07:20'),
(2406, 8, 0, 1, '2016-08-13 21:16:13'),
(2407, 9, 0, 1, '2016-08-13 21:16:18'),
(2408, 1, 1, 1, '2016-08-13 21:17:59'),
(2409, 173, 1, 2, '2016-08-13 21:34:05'),
(2410, 2, 1, 1, '2016-08-13 21:47:05'),
(2411, 463, 1, 3, '2016-08-13 22:38:38'),
(2412, 164, 1, 2, '2016-08-13 22:45:57'),
(2413, 164, 1, 2, '2016-08-13 22:48:07'),
(2414, 164, 1, 2, '2016-08-13 22:49:05'),
(2415, 164, 1, 2, '2016-08-13 22:49:59'),
(2416, 164, 1, 2, '2016-08-13 22:50:43'),
(2417, 164, 1, 2, '2016-08-13 22:53:37'),
(2418, 156, 1, 2, '2016-08-13 22:55:19'),
(2419, 156, 1, 2, '2016-08-13 22:56:53'),
(2420, 41, 1, 1, '2016-08-13 22:58:22'),
(2421, 41, 1, 1, '2016-08-13 22:58:49'),
(2422, 41, 1, 1, '2016-08-13 22:59:50'),
(2423, 108, 1, 1, '2016-08-13 23:01:14'),
(2424, 102, 1, 1, '2016-08-13 23:03:58'),
(2425, 102, 1, 1, '2016-08-13 23:04:42'),
(2426, 87, 1, 1, '2016-08-13 23:05:48'),
(2427, 8, 1, 1, '2016-08-13 23:05:58'),
(2428, 98, 1, 1, '2016-08-13 23:06:10'),
(2429, 2, 1, 1, '2016-08-14 14:47:42'),
(2430, 1, 0, 1, '2016-08-14 20:45:56'),
(2431, 2, 0, 1, '2016-08-14 21:26:07'),
(2432, 2, 0, 1, '2016-08-14 21:27:05'),
(2433, 1, 0, 1, '2016-08-14 21:30:00'),
(2434, 1, 0, 1, '2016-08-14 21:34:36'),
(2435, 28, 0, 1, '2016-08-14 21:35:04'),
(2436, 4, 0, 1, '2016-08-14 21:37:25'),
(2437, 152, 1, 2, '2016-08-14 21:42:53'),
(2438, 21, 0, 1, '2016-08-15 17:10:54'),
(2439, 78, 0, 1, '2016-08-15 17:15:39'),
(2440, 1, 0, 1, '2016-08-15 17:17:13'),
(2441, 78, 0, 1, '2016-08-15 17:17:37'),
(2442, 161, 0, 2, '2016-08-15 17:19:39'),
(2443, 4, 0, 1, '2016-08-15 17:20:59'),
(2444, 4, 1, 1, '2016-08-15 17:22:08'),
(2445, 1, 1, 1, '2016-08-15 17:23:05'),
(2446, 4, 1, 1, '2016-08-15 17:25:13'),
(2447, 1, 1, 1, '2016-08-15 17:28:38'),
(2448, 1, 1, 1, '2016-08-15 17:36:59'),
(2449, 1, 1, 1, '2016-08-15 17:40:49'),
(2450, 1, 1, 1, '2016-08-15 17:44:48'),
(2451, 1, 1, 1, '2016-08-15 17:51:32'),
(2452, 1, 1, 1, '2016-08-15 17:55:40'),
(2453, 465, 1, 1, '2016-08-15 18:36:06'),
(2454, 464, 1, 1, '2016-08-15 18:36:32'),
(2455, 464, 1, 1, '2016-08-15 18:36:46'),
(2456, 464, 1, 1, '2016-08-15 19:13:34'),
(2457, 464, 1, 1, '2016-08-15 19:15:12'),
(2458, 464, 1, 1, '2016-08-15 19:16:46'),
(2459, 465, 1, 1, '2016-08-15 19:17:08'),
(2460, 464, 1, 1, '2016-08-15 19:24:30'),
(2461, 464, 1, 1, '2016-08-15 19:25:39'),
(2462, 465, 1, 1, '2016-08-15 19:26:31'),
(2463, 8, 1, 1, '2016-08-15 19:26:59'),
(2464, 87, 1, 1, '2016-08-15 19:27:14'),
(2465, 1, 0, 1, '2016-08-18 20:21:12'),
(2466, 1, 1, 1, '2016-08-18 22:42:41'),
(2467, 1, 1, 1, '2016-09-07 19:38:15'),
(2468, 1, 1, 1, '2016-09-07 19:45:00'),
(2469, 8, 1, 1, '2016-09-12 05:46:52'),
(2470, 11, 1, 1, '2016-09-12 05:47:09'),
(2471, 1, 0, 1, '2016-09-12 20:51:28'),
(2472, 1, 1, 1, '2016-09-19 19:07:47'),
(2473, 2, 1, 1, '2016-09-19 19:10:40'),
(2474, 28, 1, 1, '2016-09-19 19:11:15'),
(2475, 1, 1, 1, '2016-09-23 21:26:27'),
(2476, 1, 1, 1, '2016-09-23 21:26:59'),
(2477, 2, 1, 1, '2016-09-23 21:28:28'),
(2478, 2, 1, 1, '2016-09-23 21:30:59'),
(2479, 4, 1, 1, '2016-09-23 21:32:46'),
(2480, 9, 1, 1, '2016-09-23 21:33:06'),
(2481, 8, 1, 1, '2016-09-23 21:34:21'),
(2482, 8, 1, 1, '2016-09-23 21:34:32'),
(2483, 4, 1, 1, '2016-09-24 15:50:49'),
(2484, 4, 1, 1, '2016-09-24 15:52:08'),
(2485, 4, 1, 1, '2016-09-24 15:52:56'),
(2486, 6, 1, 1, '2016-09-24 15:55:09'),
(2487, 8, 1, 1, '2016-09-24 15:55:26'),
(2488, 9, 1, 1, '2016-09-24 16:09:28'),
(2489, 8, 1, 1, '2016-09-24 16:10:12'),
(2490, 1, 1, 1, '2016-09-24 16:14:28'),
(2491, 2, 1, 1, '2016-09-24 16:14:34'),
(2492, 1, 1, 1, '2016-09-24 16:14:47'),
(2493, 2, 1, 1, '2016-09-24 16:16:00'),
(2494, 2, 1, 1, '2016-09-24 16:17:45'),
(2495, 9, 1, 1, '2016-09-24 16:19:25'),
(2496, 9, 1, 1, '2016-09-24 16:22:22'),
(2497, 1, 1, 1, '2016-09-24 16:23:23'),
(2498, 2, 1, 1, '2016-09-24 16:23:30'),
(2499, 2, 1, 1, '2016-09-24 17:09:49'),
(2500, 2, 1, 1, '2016-09-24 17:10:59'),
(2501, 2, 1, 1, '2016-09-24 17:19:51'),
(2502, 2, 1, 1, '2016-09-24 17:22:02'),
(2503, 9, 1, 1, '2016-09-24 17:30:31'),
(2504, 15, 1, 1, '2016-10-06 13:00:19'),
(2505, 9, 1, 1, '2016-10-22 20:11:10'),
(2506, 2, 1, 1, '2016-10-22 20:11:35'),
(2507, 124, 1, 2, '2016-10-22 20:11:53'),
(2508, 125, 1, 2, '2016-10-22 20:11:57'),
(2509, 127, 1, 2, '2016-10-22 20:12:02'),
(2510, 124, 1, 2, '2016-10-22 20:12:10'),
(2511, 125, 1, 2, '2016-10-22 20:12:16'),
(2512, 1, 1, 1, '2016-10-22 20:26:07'),
(2513, 2, 1, 1, '2016-10-22 20:26:35'),
(2514, 28, 1, 1, '2016-10-22 20:27:00'),
(2515, 127, 1, 1, '2016-10-22 20:36:08'),
(2516, 127, 1, 1, '2016-10-22 20:37:10'),
(2517, 1, 1, 1, '2016-10-22 20:38:30'),
(2518, 75, 1, 1, '2016-10-22 20:38:36'),
(2519, 75, 1, 1, '2016-10-22 20:38:48'),
(2520, 75, 1, 1, '2016-10-22 20:45:47'),
(2521, 75, 1, 1, '2016-10-22 20:46:43'),
(2522, 75, 1, 1, '2016-10-22 20:50:54'),
(2523, 75, 1, 1, '2016-10-22 20:51:14'),
(2524, 75, 1, 1, '2016-10-22 20:51:57'),
(2525, 75, 1, 1, '2016-10-22 20:54:35'),
(2526, 75, 1, 1, '2016-10-22 20:59:27'),
(2527, 75, 1, 1, '2016-10-22 21:00:19'),
(2528, 75, 1, 1, '2016-10-22 21:05:21'),
(2529, 75, 1, 1, '2016-10-22 21:08:21'),
(2530, 75, 1, 1, '2016-10-22 21:10:31'),
(2531, 1, 1, 1, '2016-10-22 21:10:47'),
(2532, 2, 1, 1, '2016-10-22 21:11:14'),
(2533, 28, 1, 1, '2016-10-22 21:14:16'),
(2534, 1, 1, 1, '2016-10-22 21:17:09'),
(2535, 28, 1, 1, '2016-10-22 21:17:28'),
(2536, 29, 1, 1, '2016-10-22 21:17:34'),
(2537, 29, 1, 1, '2016-10-22 21:34:20'),
(2538, 75, 1, 1, '2016-10-22 21:34:26'),
(2539, 75, 1, 1, '2016-10-22 21:34:29'),
(2540, 28, 1, 1, '2016-10-22 21:34:35'),
(2541, 28, 1, 1, '2016-10-22 21:36:14'),
(2542, 29, 1, 1, '2016-10-22 21:36:32'),
(2543, 1, 1, 1, '2016-10-22 21:38:15'),
(2544, 28, 1, 1, '2016-10-22 21:38:33'),
(2545, 30, 1, 1, '2016-10-22 21:41:36'),
(2546, 28, 1, 1, '2016-10-22 21:41:41'),
(2547, 1, 1, 1, '2016-10-22 21:41:55'),
(2548, 1, 1, 1, '2016-10-22 21:41:59'),
(2549, 30, 1, 1, '2016-10-22 21:42:04'),
(2550, 3, 1, 1, '2016-10-22 21:44:59'),
(2551, 28, 1, 1, '2016-10-22 21:45:08'),
(2552, 28, 1, 1, '2016-10-22 21:48:03'),
(2553, 3, 1, 1, '2016-10-22 21:48:24'),
(2554, 29, 1, 1, '2016-10-22 21:53:11'),
(2555, 30, 1, 1, '2016-10-22 21:53:25'),
(2556, 31, 1, 1, '2016-10-22 21:53:32'),
(2557, 28, 1, 1, '2016-10-22 21:54:21'),
(2558, 29, 1, 1, '2016-10-22 21:55:15'),
(2559, 30, 1, 1, '2016-10-22 21:58:01'),
(2560, 30, 1, 1, '2016-10-22 21:58:05'),
(2561, 4, 1, 1, '2016-10-22 22:00:02'),
(2562, 31, 1, 1, '2016-10-22 22:00:12'),
(2563, 55, 1, 1, '2016-10-22 22:09:46'),
(2564, 56, 1, 1, '2016-10-22 22:09:52'),
(2565, 4, 1, 1, '2016-10-22 22:10:00'),
(2566, 4, 1, 1, '2016-10-22 22:10:41'),
(2567, 4, 1, 1, '2016-10-22 22:11:51'),
(2568, 4, 1, 1, '2016-10-22 22:11:58'),
(2569, 55, 1, 1, '2016-10-22 22:12:03'),
(2570, 1, 1, 1, '2016-10-22 22:13:39'),
(2571, 2, 1, 1, '2016-10-22 22:13:44'),
(2572, 56, 1, 1, '2016-10-22 22:13:57'),
(2573, 56, 1, 1, '2016-10-22 22:14:42'),
(2574, 56, 1, 1, '2016-10-22 22:16:30'),
(2575, 56, 1, 1, '2016-10-22 22:16:37'),
(2576, 1, 1, 1, '2016-10-22 22:16:42'),
(2577, 8, 1, 1, '2016-10-22 22:18:10'),
(2578, 11, 1, 1, '2016-10-22 22:18:14'),
(2579, 2, 1, 1, '2016-10-22 22:18:22'),
(2580, 8, 1, 1, '2016-10-22 22:18:27'),
(2581, 11, 1, 1, '2016-10-22 22:18:57'),
(2582, 11, 1, 1, '2016-10-22 22:19:00'),
(2583, 124, 1, 2, '2016-10-22 22:19:58'),
(2584, 125, 1, 2, '2016-10-22 22:20:05'),
(2585, 125, 1, 2, '2016-10-22 22:20:13'),
(2586, 124, 1, 2, '2016-10-22 22:31:04'),
(2587, 124, 1, 2, '2016-10-22 22:31:10'),
(2588, 124, 1, 2, '2016-10-22 22:31:50'),
(2589, 3, 1, 1, '2016-10-22 22:34:09'),
(2590, 125, 1, 1, '2016-10-22 22:34:17'),
(2591, 125, 1, 1, '2016-10-22 22:34:34'),
(2592, 125, 1, 1, '2016-10-22 22:34:58'),
(2593, 28, 1, 1, '2016-10-22 22:36:46'),
(2594, 3, 1, 1, '2016-10-22 22:36:54'),
(2595, 31, 1, 1, '2016-10-22 22:37:38'),
(2596, 28, 1, 1, '2016-10-22 22:37:46'),
(2597, 29, 1, 1, '2016-10-23 11:38:02'),
(2598, 75, 1, 1, '2016-10-23 11:38:11'),
(2599, 31, 1, 1, '2016-10-23 11:38:20'),
(2600, 29, 1, 1, '2016-10-23 11:38:25'),
(2601, 124, 1, 2, '2016-10-23 19:33:28'),
(2602, 75, 1, 2, '2016-10-23 19:33:38'),
(2603, 75, 1, 1, '2016-10-23 19:34:45'),
(2604, 75, 1, 1, '2016-10-23 19:44:39'),
(2605, 75, 1, 1, '2016-10-23 19:44:48'),
(2606, 4, 1, 1, '2016-10-23 19:58:55'),
(2607, 75, 1, 1, '2016-10-23 19:59:38'),
(2608, 124, 1, 1, '2016-10-23 19:59:44'),
(2609, 124, 1, 1, '2016-10-23 19:59:50'),
(2610, 4, 1, 1, '2016-10-23 19:59:56'),
(2611, 227, 1, 3, '2016-10-23 20:01:04'),
(2612, 228, 1, 3, '2016-10-23 20:01:09'),
(2613, 4, 1, 3, '2016-10-23 20:01:18'),
(2614, 4, 1, 3, '2016-10-23 20:01:48'),
(2615, 227, 1, 3, '2016-10-23 20:01:54'),
(2616, 228, 1, 3, '2016-10-23 20:01:59'),
(2617, 152, 1, 2, '2016-10-23 20:02:09'),
(2618, 4, 1, 2, '2016-10-23 20:02:17'),
(2619, 227, 1, 2, '2016-10-23 20:02:22'),
(2620, 228, 1, 2, '2016-10-23 20:02:25'),
(2621, 152, 1, 2, '2016-10-23 20:02:28'),
(2622, 4, 1, 2, '2016-10-23 20:03:12'),
(2623, 152, 1, 2, '2016-10-23 20:06:34'),
(2624, 227, 1, 2, '2016-10-23 20:06:56'),
(2625, 4, 1, 2, '2016-10-23 20:07:10'),
(2626, 228, 1, 2, '2016-10-23 20:07:19'),
(2627, 227, 1, 2, '2016-10-23 20:10:02'),
(2628, 152, 1, 2, '2016-10-23 20:10:16');
INSERT INTO `mk_touches` (`id`, `item_id`, `appuser_id`, `shop_id`, `added`) VALUES
(2629, 227, 1, 2, '2016-10-23 20:10:22'),
(2630, 4, 1, 2, '2016-10-23 20:10:27'),
(2631, 4, 1, 2, '2016-10-23 20:11:56'),
(2632, 152, 1, 2, '2016-10-23 20:15:04'),
(2633, 228, 1, 2, '2016-10-23 20:15:16'),
(2634, 227, 1, 2, '2016-10-23 20:19:32'),
(2635, 4, 1, 2, '2016-10-23 20:19:54'),
(2636, 228, 1, 2, '2016-10-23 20:19:58'),
(2637, 4, 1, 2, '2016-10-23 20:20:02'),
(2638, 4, 1, 2, '2016-10-23 20:20:29'),
(2639, 4, 1, 2, '2016-10-23 20:21:56'),
(2640, 227, 1, 4, '2016-11-01 19:37:10'),
(2641, 1, 0, 1, '2016-11-09 17:10:52'),
(2642, 8, 1, 1, '2016-11-09 17:52:41'),
(2643, 15, 1, 1, '2016-11-09 20:06:14'),
(2644, 1, 0, 1, '2016-11-10 19:03:14'),
(2645, 1, 0, 1, '2017-08-01 00:27:38'),
(2646, 1, 7, 1, '2017-08-01 00:29:02'),
(2647, 124, 7, 2, '2017-08-01 01:34:13'),
(2648, 127, 7, 2, '2017-08-03 16:28:26'),
(2649, 1, 0, 1, '2017-08-05 04:20:37'),
(2650, 1, 0, 1, '2017-08-05 09:17:43');

-- --------------------------------------------------------

--
-- Struktur dari tabel `mk_transaction_detail`
--

CREATE TABLE `mk_transaction_detail` (
  `id` int(11) NOT NULL,
  `transaction_header_id` int(11) NOT NULL,
  `shop_id` int(11) NOT NULL,
  `item_id` int(11) NOT NULL,
  `item_name` varchar(255) NOT NULL,
  `item_attribute` varchar(255) NOT NULL,
  `unit_price` float NOT NULL,
  `qty` int(11) NOT NULL,
  `discount_percent` float NOT NULL,
  `added` timestamp NOT NULL DEFAULT CURRENT_TIMESTAMP
) ENGINE=InnoDB DEFAULT CHARSET=utf8;

--
-- Dumping data untuk tabel `mk_transaction_detail`
--

INSERT INTO `mk_transaction_detail` (`id`, `transaction_header_id`, `shop_id`, `item_id`, `item_name`, `item_attribute`, `unit_price`, `qty`, `discount_percent`, `added`) VALUES
(21, 22, 1, 1, 'Cable 1', 'White,2 M', 9, 2, 0.1, '2016-06-19 22:01:22'),
(22, 22, 1, 2, 'Cable 2', '', 20, 5, 0, '2016-06-19 22:01:22'),
(23, 23, 1, 1, 'Cable 1', 'White,2 M', 9, 2, 0.1, '2016-06-23 21:20:13'),
(24, 23, 1, 2, 'Cable 2', '', 20, 5, 0, '2016-06-23 21:20:13'),
(25, 23, 1, 3, 'Cable 3', '', 15, 4, 0, '2016-06-23 21:20:13'),
(26, 23, 1, 4, 'Cable 4', '', 25, 2, 0, '2016-06-23 21:20:13'),
(27, 23, 1, 5, 'Cable 5', '', 10, 1, 0, '2016-06-23 21:20:13'),
(28, 24, 1, 8, 'Keyboard 1', '', 10, 3, 0, '2016-06-23 22:17:09'),
(29, 24, 1, 4, 'Cable 4', '', 25, 1, 0, '2016-06-23 22:17:09'),
(30, 24, 1, 9, 'Keyboard 2', '', 15, 1, 0, '2016-06-23 22:17:09'),
(31, 25, 1, 9, 'Keyboard 2', '', 15, 1, 0, '2016-06-28 15:06:20'),
(32, 25, 1, 5, 'Cable 5', '', 10, 5, 0, '2016-06-28 15:06:20'),
(33, 25, 1, 4, 'Cable 4', '', 25, 2, 0, '2016-06-28 15:06:20'),
(34, 26, 1, 1, 'Cable 1', 'White,1 M', 9, 3, 0.1, '2016-06-28 15:22:01'),
(35, 26, 1, 2, 'Cable 2', '', 20, 4, 0, '2016-06-28 15:22:01'),
(36, 27, 1, 1, 'Cable 1', '', 10, 2, 0.1, '2016-07-15 21:26:21'),
(37, 27, 1, 2, 'Cable 2', '', 20, 3, 0, '2016-07-15 21:26:21'),
(38, 28, 1, 2, 'Cable 2', '', 20, 4, 0, '2016-07-24 20:01:48'),
(39, 29, 1, 4, 'Cable 4', '', 25, 4, 0, '2016-07-24 20:25:39'),
(40, 30, 1, 2, 'Cable 2', '', 20, 1, 0, '2016-07-24 20:29:26'),
(41, 31, 1, 8, 'Keyboard 1', '', 10, 9, 0, '2016-07-24 20:32:43'),
(42, 32, 2, 124, 'Dim Sum 1', '', 20, 7, 0, '2016-07-24 20:36:42'),
(43, 33, 1, 1, 'Cable 1', '2 M(15$),', 10, 6, 0.1, '2016-08-07 21:59:39'),
(44, 33, 1, 4, 'Cable 4', '', 25, 4, 0, '2016-08-07 21:59:39'),
(45, 33, 1, 3, 'Cable 3', '', 15, 2, 0, '2016-08-07 21:59:39'),
(46, 34, 1, 1, 'Cable 1', '', 10, 2, 0.1, '2016-08-07 22:09:25'),
(47, 35, 1, 1, 'Cable 1', '', 10, 2, 0.1, '2016-08-07 22:14:53'),
(48, 36, 1, 1, 'Cable 1', '', 9, 2, 0.1, '2016-08-07 23:01:15'),
(49, 36, 1, 2, 'Cable 2', '', 20, 3, 0, '2016-08-07 23:01:15'),
(50, 36, 1, 3, 'Cable 3', '', 15, 4, 0, '2016-08-07 23:01:15'),
(51, 36, 1, 8, 'Keyboard 1', '', 10, 22, 0, '2016-08-07 23:01:15'),
(52, 37, 1, 1, 'Cable 1', '', 10, 6, 0.1, '2016-08-08 08:12:07'),
(53, 37, 1, 4, 'Cable 4', '', 25, 6, 0, '2016-08-08 08:12:07'),
(54, 38, 1, 1, 'Cable 1', '', 10.5, 3, 0.1, '2016-08-08 15:33:26'),
(55, 39, 1, 1, 'Cable 1', '', 9.4, 5, 0.1, '2016-08-08 17:45:51'),
(56, 40, 2, 124, 'Dim Sum 1', '', 20, 4, 0, '2016-08-08 18:34:57'),
(57, 41, 3, 276, 'U 10 - 1', '', 15, 3, 0, '2016-08-08 21:53:25'),
(58, 41, 3, 277, 'U 10 - 2', '', 70, 2, 0, '2016-08-08 21:53:25'),
(59, 41, 1, 1, 'Cable 1', '', 9.4, 12, 0.1, '2016-08-08 21:53:25'),
(60, 42, 3, 276, 'U 10 - 1', '', 15, 3, 0, '2016-08-08 22:01:06'),
(61, 42, 3, 277, 'U 10 - 2', '', 70, 2, 0, '2016-08-08 22:01:06'),
(62, 42, 1, 1, 'Cable 1', '', 9.4, 3, 0.1, '2016-08-08 22:01:06'),
(63, 43, 3, 227, 'Face Care 1', '', 10, 4, 0, '2016-08-09 20:50:28'),
(64, 43, 3, 422, 'Jacket 1  ', '', 20, 1, 0, '2016-08-09 20:50:28'),
(65, 44, 2, 152, 'Indian Appetizer 1', '', 15, 2, 0, '2016-08-09 21:08:11'),
(66, 45, 2, 128, 'Fried 1', '', 15, 5, 0, '2016-08-09 21:14:54'),
(67, 46, 2, 128, 'Fried 1', '', 15, 5, 0, '2016-08-09 21:17:44'),
(68, 46, 2, 130, 'Fried 3', '', 30, 1, 0, '2016-08-09 21:17:44'),
(69, 47, 2, 128, 'Fried 1', '', 15, 5, 0, '2016-08-09 21:21:30'),
(70, 47, 2, 130, 'Fried 3', '', 30, 1, 0, '2016-08-09 21:21:30'),
(71, 47, 2, 132, 'Kitchen Special 1', '', 5, 2, 0, '2016-08-09 21:21:30'),
(72, 48, 2, 172, 'Thai Appetizer 1', '', 15, 2, 0, '2016-08-09 21:26:50'),
(73, 49, 2, 172, 'Thai Appetizer 1', '', 15, 2, 0, '2016-08-09 21:29:19'),
(74, 49, 2, 132, 'Kitchen Special 1', '', 5, 5, 0, '2016-08-09 21:29:19'),
(75, 50, 2, 124, 'Dim Sum 1', '', 20, 2, 0, '2016-08-09 21:32:46'),
(76, 51, 2, 128, 'Fried 1', '', 15, 5, 0, '2016-08-09 21:47:38'),
(77, 52, 2, 156, 'Briyani 1', '', 20, 4, 0, '2016-08-09 21:49:20'),
(78, 53, 2, 156, 'Briyani 1', '', 20, 4, 0, '2016-08-09 21:56:13'),
(79, 53, 2, 154, 'Indian Appetizer 3', '', 20, 4, 0, '2016-08-09 21:56:13'),
(80, 54, 2, 156, 'Briyani 1', '', 20, 4, 0, '2016-08-09 22:04:16'),
(81, 54, 2, 154, 'Indian Appetizer 3', '', 20, 4, 0, '2016-08-09 22:04:16'),
(82, 54, 2, 161, 'Curry 2', '', 25, 5, 0, '2016-08-09 22:04:16'),
(83, 55, 2, 156, 'Briyani 1', '', 20, 2, 0, '2016-08-09 22:11:24'),
(84, 56, 3, 227, 'Face Care 1', '', 10, 5, 0, '2016-08-09 22:13:28'),
(85, 57, 2, 156, 'Briyani 1', '', 20, 2, 0, '2016-08-10 05:53:15'),
(86, 57, 2, 125, 'Dim Sum 2', '', 20, 2, 0, '2016-08-10 05:53:15'),
(87, 58, 1, 9, 'Keyboard 2', '', 15, 4, 0, '2016-08-13 21:19:23'),
(88, 58, 1, 1, 'Cable 1', 'Black,2 M', 24.45, 1, 0.1, '2016-08-13 21:19:23'),
(89, 59, 1, 2, 'Cable 2', '', 20, 2, 0, '2016-08-13 21:49:27'),
(90, 60, 1, 2, 'Cable 2', '', 20, 2, 0, '2016-08-14 18:53:59'),
(91, 61, 1, 4, 'Cable 4', '', 25, 4, 0, '2016-08-14 21:42:25'),
(92, 62, 2, 152, 'Indian Appetizer 1', '', 15, 1, 0, '2016-08-14 21:43:06'),
(93, 63, 1, 4, 'Cable 4', '', 25, 3, 0, '2016-08-15 20:05:06'),
(94, 63, 1, 1, 'Cable 1', '1 M(10$),', 9.4, 4, 0.1, '2016-08-15 20:05:06'),
(95, 64, 1, 1, 'Cable 1', '', 9.45, 7, 0.1, '2016-10-06 13:00:25'),
(96, 64, 1, 8, 'Keyboard 1', '', 8.5, 6, 0.15, '2016-10-06 13:00:25'),
(97, 64, 1, 11, 'Keyboard 4', '', 10, 2, 0, '2016-10-06 13:00:25'),
(98, 65, 1, 1, 'Cable 1', '', 9.45, 7, 0.1, '2016-10-06 13:08:52'),
(99, 65, 1, 8, 'Keyboard 1', '', 8.5, 6, 0.15, '2016-10-06 13:08:52'),
(100, 65, 1, 11, 'Keyboard 4', '', 10, 2, 0, '2016-10-06 13:08:52'),
(101, 66, 1, 1, 'Cable 1', '', 9.45, 2, 0.1, '2016-11-09 17:26:08'),
(102, 67, 1, 8, 'Keyboard 1', '', 8.5, 1, 0.15, '2016-11-09 17:59:03'),
(103, 68, 1, 8, 'Keyboard 1', '', 8.5, 1, 0.15, '2016-11-09 20:08:04'),
(104, 68, 1, 15, 'Phone 1', '', 20, 2, 0, '2016-11-09 20:08:04'),
(105, 69, 1, 1, 'Cable 1', '', 9.45, 1, 0.1, '2016-11-10 19:04:30'),
(106, 70, 1, 1, 'Cable 1', '', 9.4, 2, 0.1, '2017-08-01 00:29:35'),
(107, 71, 2, 124, 'Dim Sum 1', '', 20, 2, 0, '2017-08-01 01:34:40');

-- --------------------------------------------------------

--
-- Struktur dari tabel `mk_transaction_header`
--

CREATE TABLE `mk_transaction_header` (
  `id` int(11) NOT NULL,
  `shop_id` int(11) NOT NULL,
  `user_id` int(11) NOT NULL,
  `payment_trans_id` varchar(255) NOT NULL,
  `total_amount` float NOT NULL,
  `delivery_address` text NOT NULL,
  `billing_address` text NOT NULL,
  `transaction_status` tinyint(1) NOT NULL,
  `email` varchar(255) NOT NULL,
  `phone` varchar(255) NOT NULL,
  `payment_method` varchar(100) NOT NULL,
  `added` timestamp NOT NULL DEFAULT CURRENT_TIMESTAMP
) ENGINE=InnoDB DEFAULT CHARSET=utf8;

--
-- Dumping data untuk tabel `mk_transaction_header`
--

INSERT INTO `mk_transaction_header` (`id`, `shop_id`, `user_id`, `payment_trans_id`, `total_amount`, `delivery_address`, `billing_address`, `transaction_status`, `email`, `phone`, `payment_method`, `added`) VALUES
(22, 1, 1, '', 118, 'No-5, school road, Yangon\nMyanmar', 'No-5, River Street, Yangon, Myanmar', 1, 'pphmit@gmail.com', '457788433', 'bank', '2016-06-19 22:01:22'),
(23, 1, 1, '', 238, 'No-5, school road, Yangon\nMyanmar', 'No-5, River Street, Yangon, Myanmar', 1, 'pphmit@gmail.com', '457788433', 'cod', '2016-06-23 21:20:13'),
(24, 1, 1, '', 158, 'No-5, school road, Yangon\nMyanmar', 'No-5, River Street, Yangon, Myanmar', 2, 'pphmit@gmail.com', '457788433', 'stripe', '2016-06-23 22:17:09'),
(25, 1, 1, '', 115, 'No-5, school road, Yangon\nMyanmar', 'No-5, River Street, Yangon, Myanmar', 2, 'pphmit@gmail.com', '457788433', 'stripe', '2016-06-28 15:06:20'),
(26, 1, 1, '', 107, 'No-5, school road, Yangon\nMyanmar', 'No-5, River Street, Yangon, Myanmar', 2, 'pphmit@gmail.com', '457788433', 'stripe', '2016-06-28 15:22:01'),
(27, 1, 1, '', 80, '', '', 2, '', '', 'stripe', '2016-07-15 21:26:21'),
(28, 1, 1, '', 80, 'No-5, school road, Yangon\nMyanmar', 'No-5, River Street, Yangon, Myanmar', 1, 'pphmit@gmail.com', '457788433', 'bank', '2016-07-24 20:01:48'),
(29, 1, 1, '', 100, 'No-5, school road, Yangon\nMyanmar', 'No-5, River Street, Yangon, Myanmar', 1, 'pphmit@gmail.com', '457788433', 'cod', '2016-07-24 20:25:39'),
(30, 1, 1, '', 20, 'No-5, school road, Yangon\nMyanmar', 'No-5, River Street, Yangon, Myanmar', 1, 'pphmit@gmail.com', '457788433', 'bank', '2016-07-24 20:29:26'),
(31, 1, 1, '', 90, 'No-5, school road, Yangon\nMyanmar', 'No-5, River Street, Yangon, Myanmar', 1, 'pphmit@gmail.com', '457788433', 'bank', '2016-07-24 20:32:43'),
(32, 2, 1, '', 140, 'No-5, school road, Yangon Myanmar', 'No-5, River Street, Yangon, Myanmar', 1, 'pphmit@gmail.com', '457788433', 'cod', '2016-07-24 20:36:42'),
(33, 1, 1, '', 155, 'No-5, school road, Yangon\nMyanmar', 'No-5, River Street, Yangon, Myanmar', 2, 'pphmit@gmail.com', '457788433', 'stripe', '2016-08-07 21:59:39'),
(34, 1, 1, '', 20, 'No-5, school road, Yangon\nMyanmar', 'No-5, River Street, Yangon, Myanmar', 2, 'pphmit@gmail.com', '457788433', 'stripe', '2016-08-07 22:09:25'),
(35, 1, 1, '', 20, 'No-5, school road, Yangon\nMyanmar', 'No-5, River Street, Yangon, Myanmar', 2, 'pphmit@gmail.com', '457788433', 'stripe', '2016-08-07 22:14:53'),
(36, 1, 1, '', 358, 'No-5, school road, Yangon\nMyanmar', 'No-5, River Street, Yangon, Myanmar', 2, 'pphmit@gmail.com', '457788433', 'stripe', '2016-08-07 23:01:15'),
(37, 1, 1, '', 210, 'No-5, school road, Yangon\nMyanmar', 'No-5, River Street, Yangon, Myanmar', 2, 'pphmit@gmail.com', '457788433', 'stripe', '2016-08-08 08:12:07'),
(38, 1, 1, '', 31.5, 'No-5, school road, Yangon\nMyanmar', 'No-5, River Street, Yangon, Myanmar', 2, 'pphmit@gmail.com', '457788433', 'stripe', '2016-08-08 15:33:26'),
(39, 1, 1, '', 47, 'No-5, school road, Yangon\nMyanmar', 'No-5, River Street, Yangon, Myanmar', 2, 'pphmit@gmail.com', '457788433', 'stripe', '2016-08-08 17:45:51'),
(40, 2, 1, '', 80, 'No-5, school road, Yangon\nMyanmar', 'No-5, River Street, Yangon, Myanmar', 2, 'pphmit@gmail.com', '457788433', 'stripe', '2016-08-08 18:34:57'),
(41, 3, 1, '', 112.8, 'No-5, school road, Yangon\nMyanmar', 'No-5, River Street, Yangon, Myanmar', 2, 'pphmit@gmail.com', '457788433', 'stripe', '2016-08-08 21:53:25'),
(42, 3, 1, '', 28.2, 'No-5, school road, Yangon\nMyanmar', 'No-5, River Street, Yangon, Myanmar', 2, 'pphmit@gmail.com', '457788433', 'stripe', '2016-08-08 22:01:06'),
(43, 3, 1, '', 60, 'No-5, school road, Yangon\nMyanmar', 'No-5, River Street, Yangon, Myanmar', 2, 'pphmit@gmail.com', '457788433', 'stripe', '2016-08-09 20:50:28'),
(44, 2, 1, '', 30, 'No-5, school road, Yangon\nMyanmar', 'No-5, River Street, Yangon, Myanmar', 2, 'pphmit@gmail.com', '457788433', 'stripe', '2016-08-09 21:08:11'),
(45, 2, 1, '', 75, 'No-5, school road, Yangon\nMyanmar', 'No-5, River Street, Yangon, Myanmar', 2, 'pphmit@gmail.com', '457788433', 'stripe', '2016-08-09 21:14:54'),
(46, 2, 1, '', 105, 'No-5, school road, Yangon\nMyanmar', 'No-5, River Street, Yangon, Myanmar', 2, 'pphmit@gmail.com', '457788433', 'stripe', '2016-08-09 21:17:44'),
(47, 2, 1, '', 115, 'No-5, school road, Yangon\nMyanmar', 'No-5, River Street, Yangon, Myanmar', 2, 'pphmit@gmail.com', '457788433', 'stripe', '2016-08-09 21:21:30'),
(48, 2, 1, '', 30, 'No-5, school road, Yangon\nMyanmar', 'No-5, River Street, Yangon, Myanmar', 2, 'pphmit@gmail.com', '457788433', 'stripe', '2016-08-09 21:26:50'),
(49, 2, 1, '', 55, 'No-5, school road, Yangon\nMyanmar', 'No-5, River Street, Yangon, Myanmar', 2, 'pphmit@gmail.com', '457788433', 'stripe', '2016-08-09 21:29:19'),
(50, 2, 1, '', 40, 'No-5, school road, Yangon\nMyanmar', 'No-5, River Street, Yangon, Myanmar', 2, 'pphmit@gmail.com', '457788433', 'stripe', '2016-08-09 21:32:46'),
(51, 2, 1, '', 75, 'No-5, school road, Yangon\nMyanmar', 'No-5, River Street, Yangon, Myanmar', 2, 'pphmit@gmail.com', '457788433', 'stripe', '2016-08-09 21:47:38'),
(52, 2, 1, '', 80, 'No-5, school road, Yangon\nMyanmar', 'No-5, River Street, Yangon, Myanmar', 2, 'pphmit@gmail.com', '457788433', 'stripe', '2016-08-09 21:49:20'),
(53, 2, 1, '', 160, 'No-5, school road, Yangon\nMyanmar', 'No-5, River Street, Yangon, Myanmar', 2, 'pphmit@gmail.com', '457788433', 'stripe', '2016-08-09 21:56:13'),
(54, 2, 1, '', 285, 'No-5, school road, Yangon\nMyanmar', 'No-5, River Street, Yangon, Myanmar', 2, 'pphmit@gmail.com', '457788433', 'stripe', '2016-08-09 22:04:16'),
(55, 2, 1, '', 40, 'No-5, school road, Yangon\nMyanmar', 'No-5, River Street, Yangon, Myanmar', 2, 'pphmit@gmail.com', '457788433', 'stripe', '2016-08-09 22:11:24'),
(56, 3, 1, '', 50, 'No-5, school road, Yangon\nMyanmar', 'No-5, River Street, Yangon, Myanmar', 2, 'pphmit@gmail.com', '457788433', 'stripe', '2016-08-09 22:13:28'),
(57, 2, 1, '', 80, 'No-5, school road, Yangon\nMyanmar', 'No-5, River Street, Yangon, Myanmar', 2, 'pphmit@gmail.com', '457788433', 'stripe', '2016-08-10 05:53:15'),
(58, 1, 1, '', 93.9, 'No-5, school road, Yangon\nMyanmar', 'No-5, River Street, Yangon, Myanmar', 1, 'pphmit@gmail.com', '457788433', 'bank', '2016-08-13 21:19:23'),
(59, 1, 1, '', 40, 'No-5, school road, Yangon\nMyanmar', 'No-5, River Street, Yangon, Myanmar', 2, 'pphmit@gmail.com', '457788433', 'stripe', '2016-08-13 21:49:27'),
(60, 1, 1, '', 40, 'No-5, school road, Yangon\nMyanmar', 'No-5, River Street, Yangon, Myanmar', 1, 'pphmit@gmail.com', '457788433', 'cod', '2016-08-14 18:53:59'),
(61, 1, 1, '', 100, 'No-5, school road, Yangon\nMyanmar', 'No-5, River Street, Yangon, Myanmar', 1, 'pphmit@gmail.com', '457788433', 'bank', '2016-08-14 21:42:25'),
(62, 2, 1, '', 115, 'No-5, school road, Yangon\nMyanmar', 'No-5, River Street, Yangon, Myanmar', 1, 'pphmit@gmail.com', '457788433', 'cod', '2016-08-14 21:43:06'),
(63, 1, 1, '', 112.6, 'No-5, school road, Yangon\nMyanmar', 'No-5, River Street, Yangon, Myanmar', 2, 'pphmit@gmail.com', '457788433', 'stripe', '2016-08-15 20:05:06'),
(64, 1, 1, '', 137.15, 'No-5, school road, Yangon\nMyanmar', 'No-5, River Street, Yangon, Myanmar', 1, 'pphmit@gmail.com', '457788433', 'cod', '2016-10-06 13:00:25'),
(65, 1, 1, '', 137.15, 'No-5, school road, Yangon\nMyanmar', 'No-5, River Street, Yangon, Myanmar', 1, 'pphmit@gmail.com', '457788433', 'cod', '2016-10-06 13:08:52'),
(66, 1, 1, '', 18.9, 'No-5, school road, Yangon\nMyanmar', 'No-5, River Street, Yangon, Myanmar', 1, 'pphmit@gmail.com', '457788433', 'cod', '2016-11-09 17:26:08'),
(67, 1, 1, '', 8.5, '', '', 2, '', '', 'stripe', '2016-11-09 17:59:03'),
(68, 1, 1, '', 48.5, 'No-5, school road, Yangon\nMyanmar', 'No-5, River Street, Yangon, Myanmar', 2, 'pphmit@gmail.com', '457788433', 'stripe', '2016-11-09 20:08:04'),
(69, 1, 1, '', 9.45, 'No-5, school road, Yangon\nMyanmar', 'No-5, River Street, Yangon, Myanmar', 2, 'pphmit@gmail.com', '457788433', 'stripe', '2016-11-10 19:04:30'),
(70, 1, 7, '', 18.8, 'eee', 'ee', 1, 'rafeldo29@gmail.com', '123', 'cod', '2017-08-01 00:29:35'),
(71, 2, 7, '', 40, 'dd', 'dd', 1, 'rafeldo29@gmail.com', '33', 'cod', '2017-08-01 01:34:40');

-- --------------------------------------------------------

--
-- Struktur dari tabel `mk_transaction_status`
--

CREATE TABLE `mk_transaction_status` (
  `id` int(11) NOT NULL,
  `title` varchar(255) NOT NULL
) ENGINE=InnoDB DEFAULT CHARSET=utf8;

--
-- Dumping data untuk tabel `mk_transaction_status`
--

INSERT INTO `mk_transaction_status` (`id`, `title`) VALUES
(1, 'Pending'),
(2, 'Completed');

--
-- Indexes for dumped tables
--

--
-- Indexes for table `be_modules`
--
ALTER TABLE `be_modules`
  ADD PRIMARY KEY (`module_id`);

--
-- Indexes for table `be_roles`
--
ALTER TABLE `be_roles`
  ADD PRIMARY KEY (`role_id`);

--
-- Indexes for table `be_users`
--
ALTER TABLE `be_users`
  ADD PRIMARY KEY (`user_id`);

--
-- Indexes for table `mk_appusers`
--
ALTER TABLE `mk_appusers`
  ADD PRIMARY KEY (`id`);

--
-- Indexes for table `mk_categories`
--
ALTER TABLE `mk_categories`
  ADD PRIMARY KEY (`id`);

--
-- Indexes for table `mk_codes`
--
ALTER TABLE `mk_codes`
  ADD PRIMARY KEY (`id`);

--
-- Indexes for table `mk_contactus`
--
ALTER TABLE `mk_contactus`
  ADD PRIMARY KEY (`id`);

--
-- Indexes for table `mk_discount_type`
--
ALTER TABLE `mk_discount_type`
  ADD PRIMARY KEY (`id`);

--
-- Indexes for table `mk_favourites`
--
ALTER TABLE `mk_favourites`
  ADD PRIMARY KEY (`id`);

--
-- Indexes for table `mk_feeds`
--
ALTER TABLE `mk_feeds`
  ADD PRIMARY KEY (`id`);

--
-- Indexes for table `mk_follows`
--
ALTER TABLE `mk_follows`
  ADD PRIMARY KEY (`id`);

--
-- Indexes for table `mk_gcm_tokens`
--
ALTER TABLE `mk_gcm_tokens`
  ADD PRIMARY KEY (`id`);

--
-- Indexes for table `mk_images`
--
ALTER TABLE `mk_images`
  ADD PRIMARY KEY (`id`);

--
-- Indexes for table `mk_inquiries`
--
ALTER TABLE `mk_inquiries`
  ADD PRIMARY KEY (`id`);

--
-- Indexes for table `mk_items`
--
ALTER TABLE `mk_items`
  ADD PRIMARY KEY (`id`);

--
-- Indexes for table `mk_items_attributes_detail`
--
ALTER TABLE `mk_items_attributes_detail`
  ADD PRIMARY KEY (`id`);

--
-- Indexes for table `mk_items_attributes_header`
--
ALTER TABLE `mk_items_attributes_header`
  ADD PRIMARY KEY (`id`);

--
-- Indexes for table `mk_likes`
--
ALTER TABLE `mk_likes`
  ADD PRIMARY KEY (`id`);

--
-- Indexes for table `mk_ratings`
--
ALTER TABLE `mk_ratings`
  ADD PRIMARY KEY (`id`);

--
-- Indexes for table `mk_reviews`
--
ALTER TABLE `mk_reviews`
  ADD PRIMARY KEY (`id`);

--
-- Indexes for table `mk_shops`
--
ALTER TABLE `mk_shops`
  ADD PRIMARY KEY (`id`);

--
-- Indexes for table `mk_shop_followers`
--
ALTER TABLE `mk_shop_followers`
  ADD PRIMARY KEY (`id`);

--
-- Indexes for table `mk_sub_categories`
--
ALTER TABLE `mk_sub_categories`
  ADD PRIMARY KEY (`id`);

--
-- Indexes for table `mk_touches`
--
ALTER TABLE `mk_touches`
  ADD PRIMARY KEY (`id`);

--
-- Indexes for table `mk_transaction_detail`
--
ALTER TABLE `mk_transaction_detail`
  ADD PRIMARY KEY (`id`);

--
-- Indexes for table `mk_transaction_header`
--
ALTER TABLE `mk_transaction_header`
  ADD PRIMARY KEY (`id`);

--
-- Indexes for table `mk_transaction_status`
--
ALTER TABLE `mk_transaction_status`
  ADD PRIMARY KEY (`id`);

--
-- AUTO_INCREMENT for dumped tables
--

--
-- AUTO_INCREMENT for table `be_modules`
--
ALTER TABLE `be_modules`
  MODIFY `module_id` int(11) NOT NULL AUTO_INCREMENT, AUTO_INCREMENT=21;
--
-- AUTO_INCREMENT for table `be_roles`
--
ALTER TABLE `be_roles`
  MODIFY `role_id` int(11) NOT NULL AUTO_INCREMENT, AUTO_INCREMENT=5;
--
-- AUTO_INCREMENT for table `be_users`
--
ALTER TABLE `be_users`
  MODIFY `user_id` int(11) NOT NULL AUTO_INCREMENT, AUTO_INCREMENT=10;
--
-- AUTO_INCREMENT for table `mk_appusers`
--
ALTER TABLE `mk_appusers`
  MODIFY `id` int(11) NOT NULL AUTO_INCREMENT, AUTO_INCREMENT=8;
--
-- AUTO_INCREMENT for table `mk_categories`
--
ALTER TABLE `mk_categories`
  MODIFY `id` int(11) NOT NULL AUTO_INCREMENT, AUTO_INCREMENT=25;
--
-- AUTO_INCREMENT for table `mk_codes`
--
ALTER TABLE `mk_codes`
  MODIFY `id` int(11) NOT NULL AUTO_INCREMENT;
--
-- AUTO_INCREMENT for table `mk_contactus`
--
ALTER TABLE `mk_contactus`
  MODIFY `id` int(11) NOT NULL AUTO_INCREMENT, AUTO_INCREMENT=7;
--
-- AUTO_INCREMENT for table `mk_discount_type`
--
ALTER TABLE `mk_discount_type`
  MODIFY `id` int(11) NOT NULL AUTO_INCREMENT, AUTO_INCREMENT=13;
--
-- AUTO_INCREMENT for table `mk_favourites`
--
ALTER TABLE `mk_favourites`
  MODIFY `id` int(11) NOT NULL AUTO_INCREMENT, AUTO_INCREMENT=68;
--
-- AUTO_INCREMENT for table `mk_feeds`
--
ALTER TABLE `mk_feeds`
  MODIFY `id` int(11) NOT NULL AUTO_INCREMENT, AUTO_INCREMENT=22;
--
-- AUTO_INCREMENT for table `mk_follows`
--
ALTER TABLE `mk_follows`
  MODIFY `id` int(11) NOT NULL AUTO_INCREMENT, AUTO_INCREMENT=12;
--
-- AUTO_INCREMENT for table `mk_gcm_tokens`
--
ALTER TABLE `mk_gcm_tokens`
  MODIFY `id` int(11) NOT NULL AUTO_INCREMENT, AUTO_INCREMENT=2;
--
-- AUTO_INCREMENT for table `mk_images`
--
ALTER TABLE `mk_images`
  MODIFY `id` int(11) NOT NULL AUTO_INCREMENT, AUTO_INCREMENT=1301;
--
-- AUTO_INCREMENT for table `mk_inquiries`
--
ALTER TABLE `mk_inquiries`
  MODIFY `id` int(11) NOT NULL AUTO_INCREMENT, AUTO_INCREMENT=46;
--
-- AUTO_INCREMENT for table `mk_items`
--
ALTER TABLE `mk_items`
  MODIFY `id` int(11) NOT NULL AUTO_INCREMENT, AUTO_INCREMENT=466;
--
-- AUTO_INCREMENT for table `mk_items_attributes_detail`
--
ALTER TABLE `mk_items_attributes_detail`
  MODIFY `id` int(11) NOT NULL AUTO_INCREMENT, AUTO_INCREMENT=32;
--
-- AUTO_INCREMENT for table `mk_items_attributes_header`
--
ALTER TABLE `mk_items_attributes_header`
  MODIFY `id` int(11) NOT NULL AUTO_INCREMENT, AUTO_INCREMENT=12;
--
-- AUTO_INCREMENT for table `mk_likes`
--
ALTER TABLE `mk_likes`
  MODIFY `id` int(11) NOT NULL AUTO_INCREMENT, AUTO_INCREMENT=50;
--
-- AUTO_INCREMENT for table `mk_ratings`
--
ALTER TABLE `mk_ratings`
  MODIFY `id` int(11) NOT NULL AUTO_INCREMENT, AUTO_INCREMENT=58;
--
-- AUTO_INCREMENT for table `mk_reviews`
--
ALTER TABLE `mk_reviews`
  MODIFY `id` int(11) NOT NULL AUTO_INCREMENT, AUTO_INCREMENT=56;
--
-- AUTO_INCREMENT for table `mk_shops`
--
ALTER TABLE `mk_shops`
  MODIFY `id` int(11) NOT NULL AUTO_INCREMENT, AUTO_INCREMENT=5;
--
-- AUTO_INCREMENT for table `mk_shop_followers`
--
ALTER TABLE `mk_shop_followers`
  MODIFY `id` int(11) NOT NULL AUTO_INCREMENT;
--
-- AUTO_INCREMENT for table `mk_sub_categories`
--
ALTER TABLE `mk_sub_categories`
  MODIFY `id` int(11) NOT NULL AUTO_INCREMENT, AUTO_INCREMENT=103;
--
-- AUTO_INCREMENT for table `mk_touches`
--
ALTER TABLE `mk_touches`
  MODIFY `id` int(11) NOT NULL AUTO_INCREMENT, AUTO_INCREMENT=2651;
--
-- AUTO_INCREMENT for table `mk_transaction_detail`
--
ALTER TABLE `mk_transaction_detail`
  MODIFY `id` int(11) NOT NULL AUTO_INCREMENT, AUTO_INCREMENT=108;
--
-- AUTO_INCREMENT for table `mk_transaction_header`
--
ALTER TABLE `mk_transaction_header`
  MODIFY `id` int(11) NOT NULL AUTO_INCREMENT, AUTO_INCREMENT=72;
--
-- AUTO_INCREMENT for table `mk_transaction_status`
--
ALTER TABLE `mk_transaction_status`
  MODIFY `id` int(11) NOT NULL AUTO_INCREMENT, AUTO_INCREMENT=3;
/*!40101 SET CHARACTER_SET_CLIENT=@OLD_CHARACTER_SET_CLIENT */;
/*!40101 SET CHARACTER_SET_RESULTS=@OLD_CHARACTER_SET_RESULTS */;
/*!40101 SET COLLATION_CONNECTION=@OLD_COLLATION_CONNECTION */;
